<annotation>
  <folder>0101</folder>
  <filename>0</filename>
  <path>/home/power/workspace/qj_power_images/img01/0101/0.JPG</path>
  <source>
    <database>Unknown</database>
  </source>
  <size>
    <width>4608</width>
    <height>3456</height>
    <depth>3</depth>
  </size>
  <segmented>0</segmented>
  <object>
    <name>powerline</name>
    <pose>Unspecified</pose>
    <truncated>0</truncated>
    <difficult>0</difficult>
    <bndbox>
      <xmin>723</xmin>
      <ymin>392</ymin>
      <xmax>1030</xmax>
      <ymax>1242</ymax>
    </bndbox>
  </object>
  <object>
    <name>powerline</name>
    <pose>Unspecified</pose>
    <truncated>0</truncated>
    <difficult>0</difficult>
    <bndbox>
      <xmin>1802</xmin>
      <ymin>628</ymin>
      <xmax>2098</xmax>
      <ymax>1403</ymax>
    </bndbox>
  </object>
  <object>
    <name>powerline</name>
    <pose>Unspecified</pose>
    <truncated>0</truncated>
    <difficult>0</difficult>
    <bndbox>
      <xmin>1366</xmin>
      <ymin>1745</ymin>
      <xmax>1680</xmax>
      <ymax>2553</ymax>
    </bndbox>
  </object>
  <object>
    <name>powerline</name>
    <pose>Unspecified</pose>
    <truncated>0</truncated>
    <difficult>0</difficult>
    <bndbox>
      <xmin>127</xmin>
      <ymin>2224</ymin>
      <xmax>387</xmax>
      <ymax>2920</ymax>
    </bndbox>
  </object>
</annotation>
