<annotation>
  <folder>0101</folder>
  <filename>1</filename>
  <path>/home/power/workspace/qj_power_images/img01/0101/1.JPG</path>
  <source>
    <database>Unknown</database>
  </source>
  <size>
    <width>5184</width>
    <height>3888</height>
    <depth>3</depth>
  </size>
  <segmented>0</segmented>
  <object>
    <name>insulator</name>
    <pose>Unspecified</pose>
    <truncated>0</truncated>
    <difficult>0</difficult>
    <bndbox>
      <xmin>2722</xmin>
      <ymin>1268</ymin>
      <xmax>2776</xmax>
      <ymax>1341</ymax>
    </bndbox>
  </object>
  <object>
    <name>insulator</name>
    <pose>Unspecified</pose>
    <truncated>0</truncated>
    <difficult>0</difficult>
    <bndbox>
      <xmin>2703</xmin>
      <ymin>759</ymin>
      <xmax>2759</xmax>
      <ymax>846</ymax>
    </bndbox>
  </object>
  <object>
    <name>insulator</name>
    <pose>Unspecified</pose>
    <truncated>0</truncated>
    <difficult>0</difficult>
    <bndbox>
      <xmin>2783</xmin>
      <ymin>908</ymin>
      <xmax>2892</xmax>
      <ymax>1009</ymax>
    </bndbox>
  </object>
  <object>
    <name>insulator</name>
    <pose>Unspecified</pose>
    <truncated>0</truncated>
    <difficult>0</difficult>
    <bndbox>
      <xmin>2769</xmin>
      <ymin>996</ymin>
      <xmax>2820</xmax>
      <ymax>1071</ymax>
    </bndbox>
  </object>
  <object>
    <name>insulator</name>
    <pose>Unspecified</pose>
    <truncated>0</truncated>
    <difficult>0</difficult>
    <bndbox>
      <xmin>2838</xmin>
      <ymin>1148</ymin>
      <xmax>2964</xmax>
      <ymax>1237</ymax>
    </bndbox>
  </object>
  <object>
    <name>insulator</name>
    <pose>Unspecified</pose>
    <truncated>0</truncated>
    <difficult>0</difficult>
    <bndbox>
      <xmin>2825</xmin>
      <ymin>1412</ymin>
      <xmax>2937</xmax>
      <ymax>1504</ymax>
    </bndbox>
  </object>
  <object>
    <name>insulator</name>
    <pose>Unspecified</pose>
    <truncated>0</truncated>
    <difficult>0</difficult>
    <bndbox>
      <xmin>2311</xmin>
      <ymin>876</ymin>
      <xmax>2348</xmax>
      <ymax>952</ymax>
    </bndbox>
  </object>
  <object>
    <name>insulator</name>
    <pose>Unspecified</pose>
    <truncated>0</truncated>
    <difficult>0</difficult>
    <bndbox>
      <xmin>2338</xmin>
      <ymin>981</ymin>
      <xmax>2371</xmax>
      <ymax>1074</ymax>
    </bndbox>
  </object>
  <object>
    <name>insulator</name>
    <pose>Unspecified</pose>
    <truncated>0</truncated>
    <difficult>0</difficult>
    <bndbox>
      <xmin>2387</xmin>
      <ymin>999</ymin>
      <xmax>2476</xmax>
      <ymax>1070</ymax>
    </bndbox>
  </object>
  <object>
    <name>insulator</name>
    <pose>Unspecified</pose>
    <truncated>0</truncated>
    <difficult>0</difficult>
    <bndbox>
      <xmin>2244</xmin>
      <ymin>1129</ymin>
      <xmax>2285</xmax>
      <ymax>1195</ymax>
    </bndbox>
  </object>
  <object>
    <name>insulator</name>
    <pose>Unspecified</pose>
    <truncated>0</truncated>
    <difficult>0</difficult>
    <bndbox>
      <xmin>2342</xmin>
      <ymin>1255</ymin>
      <xmax>2427</xmax>
      <ymax>1316</ymax>
    </bndbox>
  </object>
  <object>
    <name>insulator</name>
    <pose>Unspecified</pose>
    <truncated>0</truncated>
    <difficult>0</difficult>
    <bndbox>
      <xmin>2283</xmin>
      <ymin>1229</ymin>
      <xmax>2312</xmax>
      <ymax>1328</ymax>
    </bndbox>
  </object>
  <object>
    <name>insulator</name>
    <pose>Unspecified</pose>
    <truncated>0</truncated>
    <difficult>0</difficult>
    <bndbox>
      <xmin>2268</xmin>
      <ymin>1378</ymin>
      <xmax>2302</xmax>
      <ymax>1437</ymax>
    </bndbox>
  </object>
  <object>
    <name>insulator</name>
    <pose>Unspecified</pose>
    <truncated>0</truncated>
    <difficult>0</difficult>
    <bndbox>
      <xmin>2378</xmin>
      <ymin>1497</ymin>
      <xmax>2474</xmax>
      <ymax>1557</ymax>
    </bndbox>
  </object>
  <object>
    <name>insulator</name>
    <pose>Unspecified</pose>
    <truncated>0</truncated>
    <difficult>0</difficult>
    <bndbox>
      <xmin>2314</xmin>
      <ymin>1472</ymin>
      <xmax>2345</xmax>
      <ymax>1574</ymax>
    </bndbox>
  </object>
  <object>
    <name>hammer</name>
    <pose>Unspecified</pose>
    <truncated>0</truncated>
    <difficult>0</difficult>
    <bndbox>
      <xmin>2948</xmin>
      <ymin>1049</ymin>
      <xmax>2988</xmax>
      <ymax>1070</ymax>
    </bndbox>
  </object>
  <object>
    <name>hammer</name>
    <pose>Unspecified</pose>
    <truncated>0</truncated>
    <difficult>0</difficult>
    <bndbox>
      <xmin>3025</xmin>
      <ymin>1283</ymin>
      <xmax>3060</xmax>
      <ymax>1311</ymax>
    </bndbox>
  </object>
  <object>
    <name>hammer</name>
    <pose>Unspecified</pose>
    <truncated>0</truncated>
    <difficult>0</difficult>
    <bndbox>
      <xmin>3001</xmin>
      <ymin>1541</ymin>
      <xmax>3035</xmax>
      <ymax>1566</ymax>
    </bndbox>
  </object>
  <object>
    <name>powerline</name>
    <pose>Unspecified</pose>
    <truncated>0</truncated>
    <difficult>0</difficult>
    <bndbox>
      <xmin>2900</xmin>
      <ymin>842</ymin>
      <xmax>3160</xmax>
      <ymax>1028</ymax>
    </bndbox>
  </object>
  <object>
    <name>powerline</name>
    <pose>Unspecified</pose>
    <truncated>0</truncated>
    <difficult>0</difficult>
    <bndbox>
      <xmin>3194</xmin>
      <ymin>1050</ymin>
      <xmax>3421</xmax>
      <ymax>1209</ymax>
    </bndbox>
  </object>
  <object>
    <name>powerline</name>
    <pose>Unspecified</pose>
    <truncated>0</truncated>
    <difficult>0</difficult>
    <bndbox>
      <xmin>3205</xmin>
      <ymin>1223</ymin>
      <xmax>3448</xmax>
      <ymax>1392</ymax>
    </bndbox>
  </object>
  <object>
    <name>powerline</name>
    <pose>Unspecified</pose>
    <truncated>0</truncated>
    <difficult>0</difficult>
    <bndbox>
      <xmin>2082</xmin>
      <ymin>666</ymin>
      <xmax>2200</xmax>
      <ymax>1081</ymax>
    </bndbox>
  </object>
  <object>
    <name>powerline</name>
    <pose>Unspecified</pose>
    <truncated>0</truncated>
    <difficult>0</difficult>
    <bndbox>
      <xmin>2136</xmin>
      <ymin>659</ymin>
      <xmax>2234</xmax>
      <ymax>1057</ymax>
    </bndbox>
  </object>
  <object>
    <name>powerline</name>
    <pose>Unspecified</pose>
    <truncated>0</truncated>
    <difficult>0</difficult>
    <bndbox>
      <xmin>2762</xmin>
      <ymin>1503</ymin>
      <xmax>2989</xmax>
      <ymax>1637</ymax>
    </bndbox>
  </object>
  <object>
    <name>powerline</name>
    <pose>Unspecified</pose>
    <truncated>0</truncated>
    <difficult>0</difficult>
    <bndbox>
      <xmin>2871</xmin>
      <ymin>1310</ymin>
      <xmax>3187</xmax>
      <ymax>1515</ymax>
    </bndbox>
  </object>
  <object>
    <name>powerline</name>
    <pose>Unspecified</pose>
    <truncated>0</truncated>
    <difficult>0</difficult>
    <bndbox>
      <xmin>2722</xmin>
      <ymin>1685</ymin>
      <xmax>3189</xmax>
      <ymax>1935</ymax>
    </bndbox>
  </object>
  <object>
    <name>powerline</name>
    <pose>Unspecified</pose>
    <truncated>0</truncated>
    <difficult>0</difficult>
    <bndbox>
      <xmin>3243</xmin>
      <ymin>1964</ymin>
      <xmax>3720</xmax>
      <ymax>2212</ymax>
    </bndbox>
  </object>
  <object>
    <name>powerline</name>
    <pose>Unspecified</pose>
    <truncated>0</truncated>
    <difficult>0</difficult>
    <bndbox>
      <xmin>3625</xmin>
      <ymin>1515</ymin>
      <xmax>4221</xmax>
      <ymax>1934</ymax>
    </bndbox>
  </object>
  <object>
    <name>powerline</name>
    <pose>Unspecified</pose>
    <truncated>0</truncated>
    <difficult>0</difficult>
    <bndbox>
      <xmin>4530</xmin>
      <ymin>1977</ymin>
      <xmax>5161</xmax>
      <ymax>2385</ymax>
    </bndbox>
  </object>
  <object>
    <name>powerline</name>
    <pose>Unspecified</pose>
    <truncated>0</truncated>
    <difficult>0</difficult>
    <bndbox>
      <xmin>3744</xmin>
      <ymin>1981</ymin>
      <xmax>4229</xmax>
      <ymax>2263</ymax>
    </bndbox>
  </object>
  <object>
    <name>powerline</name>
    <pose>Unspecified</pose>
    <truncated>0</truncated>
    <difficult>0</difficult>
    <bndbox>
      <xmin>4568</xmin>
      <ymin>2457</ymin>
      <xmax>5172</xmax>
      <ymax>2778</ymax>
    </bndbox>
  </object>
  <object>
    <name>powerline</name>
    <pose>Unspecified</pose>
    <truncated>0</truncated>
    <difficult>0</difficult>
    <bndbox>
      <xmin>1898</xmin>
      <ymin>12</ymin>
      <xmax>2158</xmax>
      <ymax>612</ymax>
    </bndbox>
  </object>
  <object>
    <name>powerline</name>
    <pose>Unspecified</pose>
    <truncated>0</truncated>
    <difficult>0</difficult>
    <bndbox>
      <xmin>2162</xmin>
      <ymin>48</ymin>
      <xmax>2282</xmax>
      <ymax>624</ymax>
    </bndbox>
  </object>
  <object>
    <name>powerline</name>
    <pose>Unspecified</pose>
    <truncated>0</truncated>
    <difficult>0</difficult>
    <bndbox>
      <xmin>2662</xmin>
      <ymin>1</ymin>
      <xmax>2874</xmax>
      <ymax>724</ymax>
    </bndbox>
  </object>
</annotation>
