<annotation>
  <folder>0101</folder>
  <filename>103</filename>
  <path>/home/power/workspace/qj_power_images/img01/0101/103.JPG</path>
  <source>
    <database>Unknown</database>
  </source>
  <size>
    <width>1920</width>
    <height>1080</height>
    <depth>3</depth>
  </size>
  <segmented>0</segmented>
  <object>
    <name>powerline</name>
    <pose>Unspecified</pose>
    <truncated>0</truncated>
    <difficult>0</difficult>
    <bndbox>
      <xmin>1093</xmin>
      <ymin>3</ymin>
      <xmax>1143</xmax>
      <ymax>355</ymax>
    </bndbox>
  </object>
  <object>
    <name>powerline</name>
    <pose>Unspecified</pose>
    <truncated>0</truncated>
    <difficult>0</difficult>
    <bndbox>
      <xmin>1209</xmin>
      <ymin>7</ymin>
      <xmax>1272</xmax>
      <ymax>434</ymax>
    </bndbox>
  </object>
  <object>
    <name>powerline</name>
    <pose>Unspecified</pose>
    <truncated>0</truncated>
    <difficult>0</difficult>
    <bndbox>
      <xmin>1284</xmin>
      <ymin>3</ymin>
      <xmax>1450</xmax>
      <ymax>430</ymax>
    </bndbox>
  </object>
</annotation>
