<annotation>
  <folder>0101</folder>
  <filename>105</filename>
  <path> </path>
  <source>
    <database>Unknown</database>
  </source>
  <size>
    <width>5184</width>
    <height>3888</height>
    <depth>3</depth>
  </size>
  <segmented>0</segmented>
  <object>
    <name>powerline</name>
    <pose>Unspecified</pose>
    <truncated>0</truncated>
    <difficult>0</difficult>
    <bndbox>
      <xmin>1314</xmin>
      <ymin>936</ymin>
      <xmax>1674</xmax>
      <ymax>3832</ymax>
    </bndbox>
  </object>
  <object>
    <name>powerline</name>
    <pose>Unspecified</pose>
    <truncated>0</truncated>
    <difficult>0</difficult>
    <bndbox>
      <xmin>1750</xmin>
      <ymin>1584</ymin>
      <xmax>2210</xmax>
      <ymax>3188</ymax>
    </bndbox>
  </object>
  <object>
    <name>powerline</name>
    <pose>Unspecified</pose>
    <truncated>0</truncated>
    <difficult>0</difficult>
    <bndbox>
      <xmin>2994</xmin>
      <ymin>24</ymin>
      <xmax>3570</xmax>
      <ymax>1032</ymax>
    </bndbox>
  </object>
  <object>
    <name>powerline</name>
    <pose>Unspecified</pose>
    <truncated>0</truncated>
    <difficult>0</difficult>
    <bndbox>
      <xmin>1646</xmin>
      <ymin>8</ymin>
      <xmax>1766</xmax>
      <ymax>720</ymax>
    </bndbox>
  </object>
  <object>
    <name>powerline</name>
    <pose>Unspecified</pose>
    <truncated>0</truncated>
    <difficult>0</difficult>
    <bndbox>
      <xmin>2714</xmin>
      <ymin>1100</ymin>
      <xmax>2958</xmax>
      <ymax>1764</ymax>
    </bndbox>
  </object>
</annotation>
