<annotation>
  <folder>0101</folder>
  <filename>107</filename>
  <path>/home/power/workspace/qj_power_images/img01/0101/107.JPG</path>
  <source>
    <database>Unknown</database>
  </source>
  <size>
    <width>5184</width>
    <height>3888</height>
    <depth>3</depth>
  </size>
  <segmented>0</segmented>
  <object>
    <name>powerline</name>
    <pose>Unspecified</pose>
    <truncated>0</truncated>
    <difficult>0</difficult>
    <bndbox>
      <xmin>1798</xmin>
      <ymin>8</ymin>
      <xmax>2466</xmax>
      <ymax>1124</ymax>
    </bndbox>
  </object>
  <object>
    <name>powerline</name>
    <pose>Unspecified</pose>
    <truncated>0</truncated>
    <difficult>0</difficult>
    <bndbox>
      <xmin>3074</xmin>
      <ymin>44</ymin>
      <xmax>3290</xmax>
      <ymax>848</ymax>
    </bndbox>
  </object>
  <object>
    <name>powerline</name>
    <pose>Unspecified</pose>
    <truncated>0</truncated>
    <difficult>0</difficult>
    <bndbox>
      <xmin>2539</xmin>
      <ymin>1</ymin>
      <xmax>2704</xmax>
      <ymax>944</ymax>
    </bndbox>
  </object>
  <object>
    <name>powerline</name>
    <pose>Unspecified</pose>
    <truncated>0</truncated>
    <difficult>0</difficult>
    <bndbox>
      <xmin>2924</xmin>
      <ymin>895</ymin>
      <xmax>3066</xmax>
      <ymax>1270</ymax>
    </bndbox>
  </object>
</annotation>
