<annotation>
  <folder>0101</folder>
  <filename>108</filename>
  <path>/home/power/workspace/qj_power_images/img01/0101/108.JPG</path>
  <source>
    <database>Unknown</database>
  </source>
  <size>
    <width>5184</width>
    <height>3888</height>
    <depth>3</depth>
  </size>
  <segmented>0</segmented>
  <object>
    <name>powerline</name>
    <pose>Unspecified</pose>
    <truncated>0</truncated>
    <difficult>0</difficult>
    <bndbox>
      <xmin>2214</xmin>
      <ymin>8</ymin>
      <xmax>2414</xmax>
      <ymax>764</ymax>
    </bndbox>
  </object>
  <object>
    <name>powerline</name>
    <pose>Unspecified</pose>
    <truncated>0</truncated>
    <difficult>0</difficult>
    <bndbox>
      <xmin>2842</xmin>
      <ymin>1</ymin>
      <xmax>2984</xmax>
      <ymax>870</ymax>
    </bndbox>
  </object>
  <object>
    <name>powerline</name>
    <pose>Unspecified</pose>
    <truncated>0</truncated>
    <difficult>0</difficult>
    <bndbox>
      <xmin>3408</xmin>
      <ymin>6</ymin>
      <xmax>3715</xmax>
      <ymax>586</ymax>
    </bndbox>
  </object>
  <object>
    <name>powerline</name>
    <pose>Unspecified</pose>
    <truncated>0</truncated>
    <difficult>0</difficult>
    <bndbox>
      <xmin>2537</xmin>
      <ymin>4</ymin>
      <xmax>2626</xmax>
      <ymax>608</ymax>
    </bndbox>
  </object>
</annotation>
