<annotation>
  <folder>0101</folder>
  <filename>109</filename>
  <path> </path>
  <source>
    <database>Unknown</database>
  </source>
  <size>
    <width>4896</width>
    <height>3672</height>
    <depth>3</depth>
  </size>
  <segmented>0</segmented>
  <object>
    <name>powerline</name>
    <pose>Unspecified</pose>
    <truncated>0</truncated>
    <difficult>0</difficult>
    <bndbox>
      <xmin>30</xmin>
      <ymin>716</ymin>
      <xmax>1992</xmax>
      <ymax>1309</ymax>
    </bndbox>
  </object>
  <object>
    <name>insulator</name>
    <pose>Unspecified</pose>
    <truncated>0</truncated>
    <difficult>0</difficult>
    <bndbox>
      <xmin>2111</xmin>
      <ymin>1324</ymin>
      <xmax>2246</xmax>
      <ymax>1397</ymax>
    </bndbox>
  </object>
  <object>
    <name>insulator</name>
    <pose>Unspecified</pose>
    <truncated>0</truncated>
    <difficult>0</difficult>
    <bndbox>
      <xmin>2865</xmin>
      <ymin>1147</ymin>
      <xmax>2984</xmax>
      <ymax>1259</ymax>
    </bndbox>
  </object>
  <object>
    <name>insulator</name>
    <pose>Unspecified</pose>
    <truncated>0</truncated>
    <difficult>0</difficult>
    <bndbox>
      <xmin>2330</xmin>
      <ymin>1078</ymin>
      <xmax>2461</xmax>
      <ymax>1132</ymax>
    </bndbox>
  </object>
  <object>
    <name>insulator</name>
    <pose>Unspecified</pose>
    <truncated>0</truncated>
    <difficult>0</difficult>
    <bndbox>
      <xmin>2534</xmin>
      <ymin>993</ymin>
      <xmax>2688</xmax>
      <ymax>1062</ymax>
    </bndbox>
  </object>
  <object>
    <name>insulator</name>
    <pose>Unspecified</pose>
    <truncated>0</truncated>
    <difficult>0</difficult>
    <bndbox>
      <xmin>2634</xmin>
      <ymin>1201</ymin>
      <xmax>2734</xmax>
      <ymax>1293</ymax>
    </bndbox>
  </object>
  <object>
    <name>insulator</name>
    <pose>Unspecified</pose>
    <truncated>0</truncated>
    <difficult>0</difficult>
    <bndbox>
      <xmin>2753</xmin>
      <ymin>874</ymin>
      <xmax>2819</xmax>
      <ymax>966</ymax>
    </bndbox>
  </object>
  <object>
    <name>powerline</name>
    <pose>Unspecified</pose>
    <truncated>0</truncated>
    <difficult>0</difficult>
    <bndbox>
      <xmin>2799</xmin>
      <ymin>1701</ymin>
      <xmax>3857</xmax>
      <ymax>2309</ymax>
    </bndbox>
  </object>
  <object>
    <name>powerline</name>
    <pose>Unspecified</pose>
    <truncated>0</truncated>
    <difficult>0</difficult>
    <bndbox>
      <xmin>1157</xmin>
      <ymin>39</ymin>
      <xmax>2507</xmax>
      <ymax>724</ymax>
    </bndbox>
  </object>
  <object>
    <name>powerline</name>
    <pose>Unspecified</pose>
    <truncated>0</truncated>
    <difficult>0</difficult>
    <bndbox>
      <xmin>111</xmin>
      <ymin>28</ymin>
      <xmax>1038</xmax>
      <ymax>420</ymax>
    </bndbox>
  </object>
  <object>
    <name>powerline</name>
    <pose>Unspecified</pose>
    <truncated>0</truncated>
    <difficult>0</difficult>
    <bndbox>
      <xmin>2915</xmin>
      <ymin>1428</ymin>
      <xmax>3534</xmax>
      <ymax>1836</ymax>
    </bndbox>
  </object>
  <object>
    <name>powerline</name>
    <pose>Unspecified</pose>
    <truncated>0</truncated>
    <difficult>0</difficult>
    <bndbox>
      <xmin>2926</xmin>
      <ymin>989</ymin>
      <xmax>3965</xmax>
      <ymax>1728</ymax>
    </bndbox>
  </object>
  <object>
    <name>powerline</name>
    <pose>Unspecified</pose>
    <truncated>0</truncated>
    <difficult>0</difficult>
    <bndbox>
      <xmin>4049</xmin>
      <ymin>1778</ymin>
      <xmax>4788</xmax>
      <ymax>2278</ymax>
    </bndbox>
  </object>
</annotation>
