<annotation>
  <folder>0101</folder>
  <filename>11</filename>
  <path>/home/power/workspace/qj_power_images/img01/0101/11.JPG</path>
  <source>
    <database>Unknown</database>
  </source>
  <size>
    <width>5184</width>
    <height>3888</height>
    <depth>3</depth>
  </size>
  <segmented>0</segmented>
  <object>
    <name>powerline</name>
    <pose>Unspecified</pose>
    <truncated>0</truncated>
    <difficult>0</difficult>
    <bndbox>
      <xmin>4</xmin>
      <ymin>162</ymin>
      <xmax>2744</xmax>
      <ymax>350</ymax>
    </bndbox>
  </object>
  <object>
    <name>powerline</name>
    <pose>Unspecified</pose>
    <truncated>0</truncated>
    <difficult>0</difficult>
    <bndbox>
      <xmin>2781</xmin>
      <ymin>305</ymin>
      <xmax>5184</xmax>
      <ymax>492</ymax>
    </bndbox>
  </object>
  <object>
    <name>powerline</name>
    <pose>Unspecified</pose>
    <truncated>0</truncated>
    <difficult>0</difficult>
    <bndbox>
      <xmin>2742</xmin>
      <ymin>505</ymin>
      <xmax>2932</xmax>
      <ymax>1190</ymax>
    </bndbox>
  </object>
  <object>
    <name>powerline</name>
    <pose>Unspecified</pose>
    <truncated>0</truncated>
    <difficult>0</difficult>
    <bndbox>
      <xmin>2997</xmin>
      <ymin>510</ymin>
      <xmax>3367</xmax>
      <ymax>1267</ymax>
    </bndbox>
  </object>
  <object>
    <name>powerline</name>
    <pose>Unspecified</pose>
    <truncated>0</truncated>
    <difficult>0</difficult>
    <bndbox>
      <xmin>3117</xmin>
      <ymin>537</ymin>
      <xmax>3672</xmax>
      <ymax>1410</ymax>
    </bndbox>
  </object>
  <object>
    <name>powerline</name>
    <pose>Unspecified</pose>
    <truncated>0</truncated>
    <difficult>0</difficult>
    <bndbox>
      <xmin>3404</xmin>
      <ymin>517</ymin>
      <xmax>3924</xmax>
      <ymax>1262</ymax>
    </bndbox>
  </object>
  <object>
    <name>powerline</name>
    <pose>Unspecified</pose>
    <truncated>0</truncated>
    <difficult>0</difficult>
    <bndbox>
      <xmin>3052</xmin>
      <ymin>1332</ymin>
      <xmax>3342</xmax>
      <ymax>1725</ymax>
    </bndbox>
  </object>
  <object>
    <name>powerline</name>
    <pose>Unspecified</pose>
    <truncated>0</truncated>
    <difficult>0</difficult>
    <bndbox>
      <xmin>3949</xmin>
      <ymin>532</ymin>
      <xmax>4579</xmax>
      <ymax>1102</ymax>
    </bndbox>
  </object>
  <object>
    <name>powerline</name>
    <pose>Unspecified</pose>
    <truncated>0</truncated>
    <difficult>0</difficult>
    <bndbox>
      <xmin>4109</xmin>
      <ymin>542</ymin>
      <xmax>4912</xmax>
      <ymax>1197</ymax>
    </bndbox>
  </object>
  <object>
    <name>powerline</name>
    <pose>Unspecified</pose>
    <truncated>0</truncated>
    <difficult>0</difficult>
    <bndbox>
      <xmin>4077</xmin>
      <ymin>657</ymin>
      <xmax>5152</xmax>
      <ymax>1465</ymax>
    </bndbox>
  </object>
  <object>
    <name>insulator</name>
    <pose>Unspecified</pose>
    <truncated>0</truncated>
    <difficult>0</difficult>
    <bndbox>
      <xmin>1632</xmin>
      <ymin>1997</ymin>
      <xmax>1689</xmax>
      <ymax>2070</ymax>
    </bndbox>
  </object>
  <object>
    <name>insulator</name>
    <pose>Unspecified</pose>
    <truncated>0</truncated>
    <difficult>0</difficult>
    <bndbox>
      <xmin>1307</xmin>
      <ymin>1757</ymin>
      <xmax>1334</xmax>
      <ymax>1855</ymax>
    </bndbox>
  </object>
  <object>
    <name>insulator</name>
    <pose>Unspecified</pose>
    <truncated>0</truncated>
    <difficult>0</difficult>
    <bndbox>
      <xmin>1347</xmin>
      <ymin>1765</ymin>
      <xmax>1384</xmax>
      <ymax>1857</ymax>
    </bndbox>
  </object>
  <object>
    <name>insulator</name>
    <pose>Unspecified</pose>
    <truncated>0</truncated>
    <difficult>0</difficult>
    <bndbox>
      <xmin>1184</xmin>
      <ymin>1990</ymin>
      <xmax>1247</xmax>
      <ymax>2022</ymax>
    </bndbox>
  </object>
  <object>
    <name>insulator</name>
    <pose>Unspecified</pose>
    <truncated>0</truncated>
    <difficult>0</difficult>
    <bndbox>
      <xmin>1292</xmin>
      <ymin>2017</ymin>
      <xmax>1352</xmax>
      <ymax>2090</ymax>
    </bndbox>
  </object>
  <object>
    <name>insulator</name>
    <pose>Unspecified</pose>
    <truncated>0</truncated>
    <difficult>0</difficult>
    <bndbox>
      <xmin>2502</xmin>
      <ymin>1487</ymin>
      <xmax>2547</xmax>
      <ymax>1570</ymax>
    </bndbox>
  </object>
  <object>
    <name>insulator</name>
    <pose>Unspecified</pose>
    <truncated>0</truncated>
    <difficult>0</difficult>
    <bndbox>
      <xmin>2469</xmin>
      <ymin>1697</ymin>
      <xmax>2502</xmax>
      <ymax>1777</ymax>
    </bndbox>
  </object>
  <object>
    <name>insulator</name>
    <pose>Unspecified</pose>
    <truncated>0</truncated>
    <difficult>0</difficult>
    <bndbox>
      <xmin>2569</xmin>
      <ymin>1505</ymin>
      <xmax>2604</xmax>
      <ymax>1575</ymax>
    </bndbox>
  </object>
  <object>
    <name>insulator</name>
    <pose>Unspecified</pose>
    <truncated>0</truncated>
    <difficult>0</difficult>
    <bndbox>
      <xmin>2532</xmin>
      <ymin>1710</ymin>
      <xmax>2574</xmax>
      <ymax>1777</ymax>
    </bndbox>
  </object>
  <object>
    <name>insulator</name>
    <pose>Unspecified</pose>
    <truncated>0</truncated>
    <difficult>0</difficult>
    <bndbox>
      <xmin>2572</xmin>
      <ymin>1915</ymin>
      <xmax>2612</xmax>
      <ymax>1970</ymax>
    </bndbox>
  </object>
  <object>
    <name>insulator</name>
    <pose>Unspecified</pose>
    <truncated>0</truncated>
    <difficult>0</difficult>
    <bndbox>
      <xmin>2914</xmin>
      <ymin>1907</ymin>
      <xmax>2969</xmax>
      <ymax>1985</ymax>
    </bndbox>
  </object>
  <object>
    <name>insulator</name>
    <pose>Unspecified</pose>
    <truncated>0</truncated>
    <difficult>0</difficult>
    <bndbox>
      <xmin>2879</xmin>
      <ymin>1497</ymin>
      <xmax>2932</xmax>
      <ymax>1602</ymax>
    </bndbox>
  </object>
  <object>
    <name>insulator</name>
    <pose>Unspecified</pose>
    <truncated>0</truncated>
    <difficult>0</difficult>
    <bndbox>
      <xmin>2932</xmin>
      <ymin>1702</ymin>
      <xmax>2994</xmax>
      <ymax>1787</ymax>
    </bndbox>
  </object>
  <object>
    <name>insulator</name>
    <pose>Unspecified</pose>
    <truncated>0</truncated>
    <difficult>0</difficult>
    <bndbox>
      <xmin>3467</xmin>
      <ymin>1420</ymin>
      <xmax>3534</xmax>
      <ymax>1507</ymax>
    </bndbox>
  </object>
  <object>
    <name>insulator</name>
    <pose>Unspecified</pose>
    <truncated>0</truncated>
    <difficult>0</difficult>
    <bndbox>
      <xmin>3447</xmin>
      <ymin>1637</ymin>
      <xmax>3509</xmax>
      <ymax>1717</ymax>
    </bndbox>
  </object>
  <object>
    <name>insulator</name>
    <pose>Unspecified</pose>
    <truncated>0</truncated>
    <difficult>0</difficult>
    <bndbox>
      <xmin>3429</xmin>
      <ymin>1852</ymin>
      <xmax>3494</xmax>
      <ymax>1940</ymax>
    </bndbox>
  </object>
  <object>
    <name>insulator</name>
    <pose>Unspecified</pose>
    <truncated>0</truncated>
    <difficult>0</difficult>
    <bndbox>
      <xmin>5049</xmin>
      <ymin>1270</ymin>
      <xmax>5094</xmax>
      <ymax>1372</ymax>
    </bndbox>
  </object>
</annotation>
