<annotation>
  <folder>0101</folder>
  <filename>110</filename>
  <path> </path>
  <source>
    <database>Unknown</database>
  </source>
  <size>
    <width>4896</width>
    <height>3672</height>
    <depth>3</depth>
  </size>
  <segmented>0</segmented>
  <object>
    <name>insulator</name>
    <pose>Unspecified</pose>
    <truncated>0</truncated>
    <difficult>0</difficult>
    <bndbox>
      <xmin>1376</xmin>
      <ymin>1855</ymin>
      <xmax>1688</xmax>
      <ymax>2016</ymax>
    </bndbox>
  </object>
  <object>
    <name>insulator</name>
    <pose>Unspecified</pose>
    <truncated>0</truncated>
    <difficult>0</difficult>
    <bndbox>
      <xmin>715</xmin>
      <ymin>2501</ymin>
      <xmax>1053</xmax>
      <ymax>2674</ymax>
    </bndbox>
  </object>
  <object>
    <name>insulator</name>
    <pose>Unspecified</pose>
    <truncated>0</truncated>
    <difficult>0</difficult>
    <bndbox>
      <xmin>2569</xmin>
      <ymin>1416</ymin>
      <xmax>2688</xmax>
      <ymax>1647</ymax>
    </bndbox>
  </object>
  <object>
    <name>insulator</name>
    <pose>Unspecified</pose>
    <truncated>0</truncated>
    <difficult>0</difficult>
    <bndbox>
      <xmin>2823</xmin>
      <ymin>2170</ymin>
      <xmax>3126</xmax>
      <ymax>2416</ymax>
    </bndbox>
  </object>
  <object>
    <name>insulator</name>
    <pose>Unspecified</pose>
    <truncated>0</truncated>
    <difficult>0</difficult>
    <bndbox>
      <xmin>2303</xmin>
      <ymin>1236</ymin>
      <xmax>2415</xmax>
      <ymax>1470</ymax>
    </bndbox>
  </object>
  <object>
    <name>insulator</name>
    <pose>Unspecified</pose>
    <truncated>0</truncated>
    <difficult>0</difficult>
    <bndbox>
      <xmin>1984</xmin>
      <ymin>1686</ymin>
      <xmax>2303</xmax>
      <ymax>1866</ymax>
    </bndbox>
  </object>
  <object>
    <name>insulator</name>
    <pose>Unspecified</pose>
    <truncated>0</truncated>
    <difficult>0</difficult>
    <bndbox>
      <xmin>2192</xmin>
      <ymin>2286</ymin>
      <xmax>2453</xmax>
      <ymax>2516</ymax>
    </bndbox>
  </object>
  <object>
    <name>hammer</name>
    <pose>Unspecified</pose>
    <truncated>0</truncated>
    <difficult>0</difficult>
    <bndbox>
      <xmin>1115</xmin>
      <ymin>1778</ymin>
      <xmax>1234</xmax>
      <ymax>1855</ymax>
    </bndbox>
  </object>
  <object>
    <name>hammer</name>
    <pose>Unspecified</pose>
    <truncated>0</truncated>
    <difficult>0</difficult>
    <bndbox>
      <xmin>411</xmin>
      <ymin>2439</ymin>
      <xmax>538</xmax>
      <ymax>2512</ymax>
    </bndbox>
  </object>
  <object>
    <name>hammer</name>
    <pose>Unspecified</pose>
    <truncated>0</truncated>
    <difficult>0</difficult>
    <bndbox>
      <xmin>2580</xmin>
      <ymin>2628</ymin>
      <xmax>2692</xmax>
      <ymax>2709</ymax>
    </bndbox>
  </object>
  <object>
    <name>hammer</name>
    <pose>Unspecified</pose>
    <truncated>0</truncated>
    <difficult>0</difficult>
    <bndbox>
      <xmin>2753</xmin>
      <ymin>2751</ymin>
      <xmax>2853</xmax>
      <ymax>2836</ymax>
    </bndbox>
  </object>
  <object>
    <name>hammer</name>
    <pose>Unspecified</pose>
    <truncated>0</truncated>
    <difficult>0</difficult>
    <bndbox>
      <xmin>3242</xmin>
      <ymin>2547</ymin>
      <xmax>3353</xmax>
      <ymax>2639</ymax>
    </bndbox>
  </object>
  <object>
    <name>hammer</name>
    <pose>Unspecified</pose>
    <truncated>0</truncated>
    <difficult>0</difficult>
    <bndbox>
      <xmin>3426</xmin>
      <ymin>2678</ymin>
      <xmax>3519</xmax>
      <ymax>2755</ymax>
    </bndbox>
  </object>
  <object>
    <name>powerline</name>
    <pose>Unspecified</pose>
    <truncated>0</truncated>
    <difficult>0</difficult>
    <bndbox>
      <xmin>203</xmin>
      <ymin>5</ymin>
      <xmax>1907</xmax>
      <ymax>955</ymax>
    </bndbox>
  </object>
  <object>
    <name>powerline</name>
    <pose>Unspecified</pose>
    <truncated>0</truncated>
    <difficult>0</difficult>
    <bndbox>
      <xmin>15</xmin>
      <ymin>820</ymin>
      <xmax>1303</xmax>
      <ymax>1439</ymax>
    </bndbox>
  </object>
  <object>
    <name>powerline</name>
    <pose>Unspecified</pose>
    <truncated>0</truncated>
    <difficult>0</difficult>
    <bndbox>
      <xmin>15</xmin>
      <ymin>1312</ymin>
      <xmax>1061</xmax>
      <ymax>1762</ymax>
    </bndbox>
  </object>
  <object>
    <name>hammer</name>
    <pose>Unspecified</pose>
    <truncated>0</truncated>
    <difficult>0</difficult>
    <bndbox>
      <xmin>2973</xmin>
      <ymin>2928</ymin>
      <xmax>3933</xmax>
      <ymax>3672</ymax>
    </bndbox>
  </object>
  <object>
    <name>powerline</name>
    <pose>Unspecified</pose>
    <truncated>0</truncated>
    <difficult>0</difficult>
    <bndbox>
      <xmin>3642</xmin>
      <ymin>2859</ymin>
      <xmax>4645</xmax>
      <ymax>3672</ymax>
    </bndbox>
  </object>
</annotation>
