<annotation>
  <folder>0101</folder>
  <filename>111</filename>
  <path>/home/power/workspace/qj_power_images/img01/0101/111.JPG</path>
  <source>
    <database>Unknown</database>
  </source>
  <size>
    <width>1920</width>
    <height>1080</height>
    <depth>3</depth>
  </size>
  <segmented>0</segmented>
  <object>
    <name>powerline</name>
    <pose>Unspecified</pose>
    <truncated>0</truncated>
    <difficult>0</difficult>
    <bndbox>
      <xmin>1240</xmin>
      <ymin>1</ymin>
      <xmax>1291</xmax>
      <ymax>597</ymax>
    </bndbox>
  </object>
</annotation>
