<annotation>
  <folder>0101</folder>
  <filename>112</filename>
  <path>/home/power/workspace/qj_power_images/img01/0101/112.JPG</path>
  <source>
    <database>Unknown</database>
  </source>
  <size>
    <width>4896</width>
    <height>3672</height>
    <depth>3</depth>
  </size>
  <segmented>0</segmented>
  <object>
    <name>powerline</name>
    <pose>Unspecified</pose>
    <truncated>0</truncated>
    <difficult>0</difficult>
    <bndbox>
      <xmin>1807</xmin>
      <ymin>1</ymin>
      <xmax>2269</xmax>
      <ymax>1378</ymax>
    </bndbox>
  </object>
  <object>
    <name>powerline</name>
    <pose>Unspecified</pose>
    <truncated>0</truncated>
    <difficult>0</difficult>
    <bndbox>
      <xmin>2438</xmin>
      <ymin>1</ymin>
      <xmax>2630</xmax>
      <ymax>1597</ymax>
    </bndbox>
  </object>
  <object>
    <name>powerline</name>
    <pose>Unspecified</pose>
    <truncated>0</truncated>
    <difficult>0</difficult>
    <bndbox>
      <xmin>2853</xmin>
      <ymin>1</ymin>
      <xmax>3130</xmax>
      <ymax>1519</ymax>
    </bndbox>
  </object>
</annotation>
