<annotation>
  <folder>0101</folder>
  <filename>113</filename>
  <path>/home/power/workspace/qj_power_images/img01/0101/113.JPG</path>
  <source>
    <database>Unknown</database>
  </source>
  <size>
    <width>4896</width>
    <height>3672</height>
    <depth>3</depth>
  </size>
  <segmented>0</segmented>
  <object>
    <name>powerline</name>
    <pose>Unspecified</pose>
    <truncated>0</truncated>
    <difficult>0</difficult>
    <bndbox>
      <xmin>2392</xmin>
      <ymin>9</ymin>
      <xmax>2526</xmax>
      <ymax>1289</ymax>
    </bndbox>
  </object>
  <object>
    <name>powerline</name>
    <pose>Unspecified</pose>
    <truncated>0</truncated>
    <difficult>0</difficult>
    <bndbox>
      <xmin>2934</xmin>
      <ymin>9</ymin>
      <xmax>3503</xmax>
      <ymax>1212</ymax>
    </bndbox>
  </object>
  <object>
    <name>powerline</name>
    <pose>Unspecified</pose>
    <truncated>0</truncated>
    <difficult>0</difficult>
    <bndbox>
      <xmin>2673</xmin>
      <ymin>139</ymin>
      <xmax>2896</xmax>
      <ymax>1197</ymax>
    </bndbox>
  </object>
</annotation>
