<annotation>
  <folder>0101</folder>
  <filename>115</filename>
  <path> </path>
  <source>
    <database>Unknown</database>
  </source>
  <size>
    <width>3888</width>
    <height>5184</height>
    <depth>3</depth>
  </size>
  <segmented>0</segmented>
  <object>
    <name>powerline</name>
    <pose>Unspecified</pose>
    <truncated>0</truncated>
    <difficult>0</difficult>
    <bndbox>
      <xmin>2569</xmin>
      <ymin>847</ymin>
      <xmax>2774</xmax>
      <ymax>2853</ymax>
    </bndbox>
  </object>
  <object>
    <name>powerline</name>
    <pose>Unspecified</pose>
    <truncated>0</truncated>
    <difficult>0</difficult>
    <bndbox>
      <xmin>991</xmin>
      <ymin>1464</ymin>
      <xmax>1346</xmax>
      <ymax>2619</ymax>
    </bndbox>
  </object>
</annotation>
