<annotation>
  <folder>0101</folder>
  <filename>116</filename>
  <path> </path>
  <source>
    <database>Unknown</database>
  </source>
  <size>
    <width>5184</width>
    <height>3888</height>
    <depth>3</depth>
  </size>
  <segmented>0</segmented>
  <object>
    <name>powerline</name>
    <pose>Unspecified</pose>
    <truncated>0</truncated>
    <difficult>0</difficult>
    <bndbox>
      <xmin>918</xmin>
      <ymin>16</ymin>
      <xmax>1174</xmax>
      <ymax>960</ymax>
    </bndbox>
  </object>
  <object>
    <name>powerline</name>
    <pose>Unspecified</pose>
    <truncated>0</truncated>
    <difficult>0</difficult>
    <bndbox>
      <xmin>2234</xmin>
      <ymin>1</ymin>
      <xmax>2514</xmax>
      <ymax>1272</ymax>
    </bndbox>
  </object>
  <object>
    <name>powerline</name>
    <pose>Unspecified</pose>
    <truncated>0</truncated>
    <difficult>0</difficult>
    <bndbox>
      <xmin>3726</xmin>
      <ymin>1</ymin>
      <xmax>3906</xmax>
      <ymax>724</ymax>
    </bndbox>
  </object>
  <object>
    <name>powerline</name>
    <pose>Unspecified</pose>
    <truncated>0</truncated>
    <difficult>0</difficult>
    <bndbox>
      <xmin>4862</xmin>
      <ymin>4</ymin>
      <xmax>5050</xmax>
      <ymax>1056</ymax>
    </bndbox>
  </object>
  <object>
    <name>insulator</name>
    <pose>Unspecified</pose>
    <truncated>0</truncated>
    <difficult>0</difficult>
    <bndbox>
      <xmin>234</xmin>
      <ymin>1952</ymin>
      <xmax>454</xmax>
      <ymax>2356</ymax>
    </bndbox>
  </object>
  <object>
    <name>insulator</name>
    <pose>Unspecified</pose>
    <truncated>0</truncated>
    <difficult>0</difficult>
    <bndbox>
      <xmin>2462</xmin>
      <ymin>1800</ymin>
      <xmax>2626</xmax>
      <ymax>2224</ymax>
    </bndbox>
  </object>
  <object>
    <name>insulator</name>
    <pose>Unspecified</pose>
    <truncated>0</truncated>
    <difficult>0</difficult>
    <bndbox>
      <xmin>4634</xmin>
      <ymin>1636</ymin>
      <xmax>4862</xmax>
      <ymax>2024</ymax>
    </bndbox>
  </object>
  <object>
    <name>powerline</name>
    <pose>Unspecified</pose>
    <truncated>0</truncated>
    <difficult>0</difficult>
    <bndbox>
      <xmin>1334</xmin>
      <ymin>2192</ymin>
      <xmax>1622</xmax>
      <ymax>3872</ymax>
    </bndbox>
  </object>
  <object>
    <name>powerline</name>
    <pose>Unspecified</pose>
    <truncated>0</truncated>
    <difficult>0</difficult>
    <bndbox>
      <xmin>3786</xmin>
      <ymin>1940</ymin>
      <xmax>4042</xmax>
      <ymax>3888</ymax>
    </bndbox>
  </object>
</annotation>
