<annotation>
  <folder>0101</folder>
  <filename>117</filename>
  <path>/home/power/workspace/qj_power_images/img01/0101/117.JPG</path>
  <source>
    <database>Unknown</database>
  </source>
  <size>
    <width>4896</width>
    <height>3672</height>
    <depth>3</depth>
  </size>
  <segmented>0</segmented>
  <object>
    <name>powerline</name>
    <pose>Unspecified</pose>
    <truncated>0</truncated>
    <difficult>0</difficult>
    <bndbox>
      <xmin>1396</xmin>
      <ymin>16</ymin>
      <xmax>2007</xmax>
      <ymax>1224</ymax>
    </bndbox>
  </object>
  <object>
    <name>powerline</name>
    <pose>Unspecified</pose>
    <truncated>0</truncated>
    <difficult>0</difficult>
    <bndbox>
      <xmin>2311</xmin>
      <ymin>5</ymin>
      <xmax>2523</xmax>
      <ymax>1370</ymax>
    </bndbox>
  </object>
  <object>
    <name>powerline</name>
    <pose>Unspecified</pose>
    <truncated>0</truncated>
    <difficult>0</difficult>
    <bndbox>
      <xmin>2865</xmin>
      <ymin>12</ymin>
      <xmax>3299</xmax>
      <ymax>1393</ymax>
    </bndbox>
  </object>
</annotation>
