<annotation>
  <folder>0101</folder>
  <filename>118</filename>
  <path>/home/power/workspace/qj_power_images/img01/0101/118.JPG</path>
  <source>
    <database>Unknown</database>
  </source>
  <size>
    <width>4896</width>
    <height>3672</height>
    <depth>3</depth>
  </size>
  <segmented>0</segmented>
  <object>
    <name>powerline</name>
    <pose>Unspecified</pose>
    <truncated>0</truncated>
    <difficult>0</difficult>
    <bndbox>
      <xmin>1718</xmin>
      <ymin>1</ymin>
      <xmax>2303</xmax>
      <ymax>1832</ymax>
    </bndbox>
  </object>
  <object>
    <name>powerline</name>
    <pose>Unspecified</pose>
    <truncated>0</truncated>
    <difficult>0</difficult>
    <bndbox>
      <xmin>2596</xmin>
      <ymin>1</ymin>
      <xmax>2919</xmax>
      <ymax>1769</ymax>
    </bndbox>
  </object>
  <object>
    <name>powerline</name>
    <pose>Unspecified</pose>
    <truncated>0</truncated>
    <difficult>0</difficult>
    <bndbox>
      <xmin>3123</xmin>
      <ymin>9</ymin>
      <xmax>4076</xmax>
      <ymax>1566</ymax>
    </bndbox>
  </object>
</annotation>
