<annotation>
  <folder>0101</folder>
  <filename>12</filename>
  <path>/home/power/workspace/qj_power_images/img01/0101/12.JPG</path>
  <source>
    <database>Unknown</database>
  </source>
  <size>
    <width>5184</width>
    <height>3888</height>
    <depth>3</depth>
  </size>
  <segmented>0</segmented>
  <object>
    <name>powerline</name>
    <pose>Unspecified</pose>
    <truncated>0</truncated>
    <difficult>0</difficult>
    <bndbox>
      <xmin>1828</xmin>
      <ymin>1</ymin>
      <xmax>2112</xmax>
      <ymax>1180</ymax>
    </bndbox>
  </object>
  <object>
    <name>powerline</name>
    <pose>Unspecified</pose>
    <truncated>0</truncated>
    <difficult>0</difficult>
    <bndbox>
      <xmin>3228</xmin>
      <ymin>1</ymin>
      <xmax>3852</xmax>
      <ymax>1140</ymax>
    </bndbox>
  </object>
  <object>
    <name>powerline</name>
    <pose>Unspecified</pose>
    <truncated>0</truncated>
    <difficult>0</difficult>
    <bndbox>
      <xmin>3444</xmin>
      <ymin>20</ymin>
      <xmax>4804</xmax>
      <ymax>1948</ymax>
    </bndbox>
  </object>
  <object>
    <name>powerline</name>
    <pose>Unspecified</pose>
    <truncated>0</truncated>
    <difficult>0</difficult>
    <bndbox>
      <xmin>3708</xmin>
      <ymin>732</ymin>
      <xmax>5020</xmax>
      <ymax>2408</ymax>
    </bndbox>
  </object>
  <object>
    <name>insulator</name>
    <pose>Unspecified</pose>
    <truncated>0</truncated>
    <difficult>0</difficult>
    <bndbox>
      <xmin>1584</xmin>
      <ymin>1348</ymin>
      <xmax>1700</xmax>
      <ymax>1636</ymax>
    </bndbox>
  </object>
  <object>
    <name>insulator</name>
    <pose>Unspecified</pose>
    <truncated>0</truncated>
    <difficult>0</difficult>
    <bndbox>
      <xmin>1828</xmin>
      <ymin>1416</ymin>
      <xmax>1928</xmax>
      <ymax>1688</ymax>
    </bndbox>
  </object>
  <object>
    <name>insulator</name>
    <pose>Unspecified</pose>
    <truncated>0</truncated>
    <difficult>0</difficult>
    <bndbox>
      <xmin>3096</xmin>
      <ymin>1412</ymin>
      <xmax>3292</xmax>
      <ymax>1780</ymax>
    </bndbox>
  </object>
  <object>
    <name>insulator</name>
    <pose>Unspecified</pose>
    <truncated>0</truncated>
    <difficult>0</difficult>
    <bndbox>
      <xmin>3344</xmin>
      <ymin>1280</ymin>
      <xmax>3464</xmax>
      <ymax>1556</ymax>
    </bndbox>
  </object>
  <object>
    <name>insulator</name>
    <pose>Unspecified</pose>
    <truncated>0</truncated>
    <difficult>0</difficult>
    <bndbox>
      <xmin>1416</xmin>
      <ymin>2176</ymin>
      <xmax>1532</xmax>
      <ymax>2500</ymax>
    </bndbox>
  </object>
  <object>
    <name>insulator</name>
    <pose>Unspecified</pose>
    <truncated>0</truncated>
    <difficult>0</difficult>
    <bndbox>
      <xmin>1680</xmin>
      <ymin>2240</ymin>
      <xmax>1804</xmax>
      <ymax>2500</ymax>
    </bndbox>
  </object>
  <object>
    <name>insulator</name>
    <pose>Unspecified</pose>
    <truncated>0</truncated>
    <difficult>0</difficult>
    <bndbox>
      <xmin>3312</xmin>
      <ymin>2244</ymin>
      <xmax>3536</xmax>
      <ymax>2528</ymax>
    </bndbox>
  </object>
  <object>
    <name>insulator</name>
    <pose>Unspecified</pose>
    <truncated>0</truncated>
    <difficult>0</difficult>
    <bndbox>
      <xmin>3528</xmin>
      <ymin>2108</ymin>
      <xmax>3632</xmax>
      <ymax>2396</ymax>
    </bndbox>
  </object>
  <object>
    <name>insulator</name>
    <pose>Unspecified</pose>
    <truncated>0</truncated>
    <difficult>0</difficult>
    <bndbox>
      <xmin>1552</xmin>
      <ymin>3036</ymin>
      <xmax>1628</xmax>
      <ymax>3352</ymax>
    </bndbox>
  </object>
  <object>
    <name>insulator</name>
    <pose>Unspecified</pose>
    <truncated>0</truncated>
    <difficult>0</difficult>
    <bndbox>
      <xmin>1824</xmin>
      <ymin>3076</ymin>
      <xmax>1972</xmax>
      <ymax>3288</ymax>
    </bndbox>
  </object>
  <object>
    <name>insulator</name>
    <pose>Unspecified</pose>
    <truncated>0</truncated>
    <difficult>0</difficult>
    <bndbox>
      <xmin>3240</xmin>
      <ymin>3064</ymin>
      <xmax>3464</xmax>
      <ymax>3324</ymax>
    </bndbox>
  </object>
  <object>
    <name>insulator</name>
    <pose>Unspecified</pose>
    <truncated>0</truncated>
    <difficult>0</difficult>
    <bndbox>
      <xmin>3452</xmin>
      <ymin>3000</ymin>
      <xmax>3552</xmax>
      <ymax>3272</ymax>
    </bndbox>
  </object>
  <object>
    <name>insulator</name>
    <pose>Unspecified</pose>
    <truncated>0</truncated>
    <difficult>0</difficult>
    <bndbox>
      <xmin>1256</xmin>
      <ymin>3408</ymin>
      <xmax>1404</xmax>
      <ymax>3576</ymax>
    </bndbox>
  </object>
  <object>
    <name>insulator</name>
    <pose>Unspecified</pose>
    <truncated>0</truncated>
    <difficult>0</difficult>
    <bndbox>
      <xmin>864</xmin>
      <ymin>3440</ymin>
      <xmax>1020</xmax>
      <ymax>3608</ymax>
    </bndbox>
  </object>
  <object>
    <name>insulator</name>
    <pose>Unspecified</pose>
    <truncated>0</truncated>
    <difficult>0</difficult>
    <bndbox>
      <xmin>488</xmin>
      <ymin>3476</ymin>
      <xmax>644</xmax>
      <ymax>3640</ymax>
    </bndbox>
  </object>
  <object>
    <name>insulator</name>
    <pose>Unspecified</pose>
    <truncated>0</truncated>
    <difficult>0</difficult>
    <bndbox>
      <xmin>256</xmin>
      <ymin>3460</ymin>
      <xmax>372</xmax>
      <ymax>3728</ymax>
    </bndbox>
  </object>
</annotation>
