<annotation>
  <folder>0101</folder>
  <filename>120</filename>
  <path>/home/power/workspace/qj_power_images/img01/0101/120.JPG</path>
  <source>
    <database>Unknown</database>
  </source>
  <size>
    <width>5184</width>
    <height>3888</height>
    <depth>3</depth>
  </size>
  <segmented>0</segmented>
  <object>
    <name>powerline</name>
    <pose>Unspecified</pose>
    <truncated>0</truncated>
    <difficult>0</difficult>
    <bndbox>
      <xmin>1683</xmin>
      <ymin>10</ymin>
      <xmax>2092</xmax>
      <ymax>1556</ymax>
    </bndbox>
  </object>
  <object>
    <name>powerline</name>
    <pose>Unspecified</pose>
    <truncated>0</truncated>
    <difficult>0</difficult>
    <bndbox>
      <xmin>2150</xmin>
      <ymin>2</ymin>
      <xmax>2346</xmax>
      <ymax>1206</ymax>
    </bndbox>
  </object>
  <object>
    <name>powerline</name>
    <pose>Unspecified</pose>
    <truncated>0</truncated>
    <difficult>0</difficult>
    <bndbox>
      <xmin>2583</xmin>
      <ymin>1</ymin>
      <xmax>2737</xmax>
      <ymax>1391</ymax>
    </bndbox>
  </object>
  <object>
    <name>powerline</name>
    <pose>Unspecified</pose>
    <truncated>0</truncated>
    <difficult>0</difficult>
    <bndbox>
      <xmin>2904</xmin>
      <ymin>10</ymin>
      <xmax>3200</xmax>
      <ymax>1260</ymax>
    </bndbox>
  </object>
  <object>
    <name>powerline</name>
    <pose>Unspecified</pose>
    <truncated>0</truncated>
    <difficult>0</difficult>
    <bndbox>
      <xmin>3133</xmin>
      <ymin>6</ymin>
      <xmax>3700</xmax>
      <ymax>1552</ymax>
    </bndbox>
  </object>
  <object>
    <name>powerline</name>
    <pose>Unspecified</pose>
    <truncated>0</truncated>
    <difficult>0</difficult>
    <bndbox>
      <xmin>2846</xmin>
      <ymin>1677</ymin>
      <xmax>3083</xmax>
      <ymax>2810</ymax>
    </bndbox>
  </object>
  <object>
    <name>powerline</name>
    <pose>Unspecified</pose>
    <truncated>0</truncated>
    <difficult>0</difficult>
    <bndbox>
      <xmin>2096</xmin>
      <ymin>1681</ymin>
      <xmax>2329</xmax>
      <ymax>3035</ymax>
    </bndbox>
  </object>
</annotation>
