<annotation>
  <folder>0101</folder>
  <filename>121</filename>
  <path> </path>
  <source>
    <database>Unknown</database>
  </source>
  <size>
    <width>5184</width>
    <height>3888</height>
    <depth>3</depth>
  </size>
  <segmented>0</segmented>
  <object>
    <name>powerline</name>
    <pose>Unspecified</pose>
    <truncated>0</truncated>
    <difficult>0</difficult>
    <bndbox>
      <xmin>122</xmin>
      <ymin>13</ymin>
      <xmax>783</xmax>
      <ymax>2502</ymax>
    </bndbox>
  </object>
  <object>
    <name>powerline</name>
    <pose>Unspecified</pose>
    <truncated>0</truncated>
    <difficult>0</difficult>
    <bndbox>
      <xmin>1090</xmin>
      <ymin>2</ymin>
      <xmax>1343</xmax>
      <ymax>1724</ymax>
    </bndbox>
  </object>
  <object>
    <name>powerline</name>
    <pose>Unspecified</pose>
    <truncated>0</truncated>
    <difficult>0</difficult>
    <bndbox>
      <xmin>2161</xmin>
      <ymin>1</ymin>
      <xmax>2350</xmax>
      <ymax>2277</ymax>
    </bndbox>
  </object>
  <object>
    <name>powerline</name>
    <pose>Unspecified</pose>
    <truncated>0</truncated>
    <difficult>0</difficult>
    <bndbox>
      <xmin>3090</xmin>
      <ymin>6</ymin>
      <xmax>3386</xmax>
      <ymax>1670</ymax>
    </bndbox>
  </object>
  <object>
    <name>powerline</name>
    <pose>Unspecified</pose>
    <truncated>0</truncated>
    <difficult>0</difficult>
    <bndbox>
      <xmin>3661</xmin>
      <ymin>17</ymin>
      <xmax>4440</xmax>
      <ymax>2445</ymax>
    </bndbox>
  </object>
  <object>
    <name>powerline</name>
    <pose>Unspecified</pose>
    <truncated>0</truncated>
    <difficult>0</difficult>
    <bndbox>
      <xmin>915</xmin>
      <ymin>3081</ymin>
      <xmax>1054</xmax>
      <ymax>3877</ymax>
    </bndbox>
  </object>
  <object>
    <name>powerline</name>
    <pose>Unspecified</pose>
    <truncated>0</truncated>
    <difficult>0</difficult>
    <bndbox>
      <xmin>3358</xmin>
      <ymin>2813</ymin>
      <xmax>3575</xmax>
      <ymax>3863</ymax>
    </bndbox>
  </object>
  <object>
    <name>insulator</name>
    <pose>Unspecified</pose>
    <truncated>0</truncated>
    <difficult>0</difficult>
    <bndbox>
      <xmin>836</xmin>
      <ymin>2560</ymin>
      <xmax>954</xmax>
      <ymax>2788</ymax>
    </bndbox>
  </object>
  <object>
    <name>insulator</name>
    <pose>Unspecified</pose>
    <truncated>0</truncated>
    <difficult>0</difficult>
    <bndbox>
      <xmin>2175</xmin>
      <ymin>2574</ymin>
      <xmax>2279</xmax>
      <ymax>2781</ymax>
    </bndbox>
  </object>
  <object>
    <name>insulator</name>
    <pose>Unspecified</pose>
    <truncated>0</truncated>
    <difficult>0</difficult>
    <bndbox>
      <xmin>3504</xmin>
      <ymin>2549</ymin>
      <xmax>3615</xmax>
      <ymax>2802</ymax>
    </bndbox>
  </object>
  <object>
    <name>powerline</name>
    <pose>Unspecified</pose>
    <truncated>0</truncated>
    <difficult>0</difficult>
    <bndbox>
      <xmin>1379</xmin>
      <ymin>2627</ymin>
      <xmax>1518</xmax>
      <ymax>3888</ymax>
    </bndbox>
  </object>
</annotation>
