<annotation>
  <folder>0101</folder>
  <filename>122</filename>
  <path>/home/power/workspace/qj_power_images/img01/0101/122.JPG</path>
  <source>
    <database>Unknown</database>
  </source>
  <size>
    <width>3264</width>
    <height>2448</height>
    <depth>3</depth>
  </size>
  <segmented>0</segmented>
  <object>
    <name>powerline</name>
    <pose>Unspecified</pose>
    <truncated>0</truncated>
    <difficult>0</difficult>
    <bndbox>
      <xmin>1039</xmin>
      <ymin>8</ymin>
      <xmax>1437</xmax>
      <ymax>1070</ymax>
    </bndbox>
  </object>
  <object>
    <name>powerline</name>
    <pose>Unspecified</pose>
    <truncated>0</truncated>
    <difficult>0</difficult>
    <bndbox>
      <xmin>1562</xmin>
      <ymin>8</ymin>
      <xmax>1639</xmax>
      <ymax>1090</ymax>
    </bndbox>
  </object>
  <object>
    <name>powerline</name>
    <pose>Unspecified</pose>
    <truncated>0</truncated>
    <difficult>0</difficult>
    <bndbox>
      <xmin>1770</xmin>
      <ymin>8</ymin>
      <xmax>2134</xmax>
      <ymax>1088</ymax>
    </bndbox>
  </object>
</annotation>
