<annotation>
  <folder>0101</folder>
  <filename>123</filename>
  <path>/home/power/workspace/qj_power_images/img01/0101/123.JPG</path>
  <source>
    <database>Unknown</database>
  </source>
  <size>
    <width>3264</width>
    <height>2448</height>
    <depth>3</depth>
  </size>
  <segmented>0</segmented>
  <object>
    <name>powerline</name>
    <pose>Unspecified</pose>
    <truncated>0</truncated>
    <difficult>0</difficult>
    <bndbox>
      <xmin>1074</xmin>
      <ymin>16</ymin>
      <xmax>1471</xmax>
      <ymax>1334</ymax>
    </bndbox>
  </object>
  <object>
    <name>powerline</name>
    <pose>Unspecified</pose>
    <truncated>0</truncated>
    <difficult>0</difficult>
    <bndbox>
      <xmin>1666</xmin>
      <ymin>1</ymin>
      <xmax>1747</xmax>
      <ymax>1234</ymax>
    </bndbox>
  </object>
  <object>
    <name>powerline</name>
    <pose>Unspecified</pose>
    <truncated>0</truncated>
    <difficult>0</difficult>
    <bndbox>
      <xmin>1816</xmin>
      <ymin>10</ymin>
      <xmax>2026</xmax>
      <ymax>826</ymax>
    </bndbox>
  </object>
  <object>
    <name>powerline</name>
    <pose>Unspecified</pose>
    <truncated>0</truncated>
    <difficult>0</difficult>
    <bndbox>
      <xmin>1876</xmin>
      <ymin>13</ymin>
      <xmax>2366</xmax>
      <ymax>1250</ymax>
    </bndbox>
  </object>
</annotation>
