<annotation>
  <folder>0101</folder>
  <filename>125</filename>
  <path> </path>
  <source>
    <database>Unknown</database>
  </source>
  <size>
    <width>3888</width>
    <height>5184</height>
    <depth>3</depth>
  </size>
  <segmented>0</segmented>
  <object>
    <name>powerline</name>
    <pose>Unspecified</pose>
    <truncated>0</truncated>
    <difficult>0</difficult>
    <bndbox>
      <xmin>232</xmin>
      <ymin>930</ymin>
      <xmax>699</xmax>
      <ymax>3319</ymax>
    </bndbox>
  </object>
  <object>
    <name>powerline</name>
    <pose>Unspecified</pose>
    <truncated>0</truncated>
    <difficult>0</difficult>
    <bndbox>
      <xmin>2282</xmin>
      <ymin>47</ymin>
      <xmax>3194</xmax>
      <ymax>1297</ymax>
    </bndbox>
  </object>
  <object>
    <name>powerline</name>
    <pose>Unspecified</pose>
    <truncated>0</truncated>
    <difficult>0</difficult>
    <bndbox>
      <xmin>721</xmin>
      <ymin>3</ymin>
      <xmax>916</xmax>
      <ymax>647</ymax>
    </bndbox>
  </object>
</annotation>
