<annotation>
  <folder>0101</folder>
  <filename>127</filename>
  <path>/home/power/workspace/qj_power_images/img01/0101/127.JPG</path>
  <source>
    <database>Unknown</database>
  </source>
  <size>
    <width>3264</width>
    <height>2448</height>
    <depth>3</depth>
  </size>
  <segmented>0</segmented>
  <object>
    <name>powerline</name>
    <pose>Unspecified</pose>
    <truncated>0</truncated>
    <difficult>0</difficult>
    <bndbox>
      <xmin>800</xmin>
      <ymin>2</ymin>
      <xmax>1395</xmax>
      <ymax>945</ymax>
    </bndbox>
  </object>
  <object>
    <name>powerline</name>
    <pose>Unspecified</pose>
    <truncated>0</truncated>
    <difficult>0</difficult>
    <bndbox>
      <xmin>1505</xmin>
      <ymin>1</ymin>
      <xmax>1642</xmax>
      <ymax>987</ymax>
    </bndbox>
  </object>
  <object>
    <name>powerline</name>
    <pose>Unspecified</pose>
    <truncated>0</truncated>
    <difficult>0</difficult>
    <bndbox>
      <xmin>1903</xmin>
      <ymin>10</ymin>
      <xmax>2218</xmax>
      <ymax>792</ymax>
    </bndbox>
  </object>
  <object>
    <name>powerline</name>
    <pose>Unspecified</pose>
    <truncated>0</truncated>
    <difficult>0</difficult>
    <bndbox>
      <xmin>1800</xmin>
      <ymin>39</ymin>
      <xmax>1887</xmax>
      <ymax>434</ymax>
    </bndbox>
  </object>
</annotation>
