<annotation>
  <folder>0101</folder>
  <filename>128</filename>
  <path>/home/power/workspace/qj_power_images/img01/0101/128.JPG</path>
  <source>
    <database>Unknown</database>
  </source>
  <size>
    <width>3264</width>
    <height>2448</height>
    <depth>3</depth>
  </size>
  <segmented>0</segmented>
  <object>
    <name>powerline</name>
    <pose>Unspecified</pose>
    <truncated>0</truncated>
    <difficult>0</difficult>
    <bndbox>
      <xmin>1029</xmin>
      <ymin>1</ymin>
      <xmax>1384</xmax>
      <ymax>1068</ymax>
    </bndbox>
  </object>
  <object>
    <name>powerline</name>
    <pose>Unspecified</pose>
    <truncated>0</truncated>
    <difficult>0</difficult>
    <bndbox>
      <xmin>1631</xmin>
      <ymin>5</ymin>
      <xmax>1816</xmax>
      <ymax>1174</ymax>
    </bndbox>
  </object>
  <object>
    <name>powerline</name>
    <pose>Unspecified</pose>
    <truncated>0</truncated>
    <difficult>0</difficult>
    <bndbox>
      <xmin>2103</xmin>
      <ymin>18</ymin>
      <xmax>2574</xmax>
      <ymax>787</ymax>
    </bndbox>
  </object>
</annotation>
