<annotation>
  <folder>0101</folder>
  <filename>13</filename>
  <path>/home/power/workspace/qj_power_images/img01/0101/13.JPG</path>
  <source>
    <database>Unknown</database>
  </source>
  <size>
    <width>5184</width>
    <height>3888</height>
    <depth>3</depth>
  </size>
  <segmented>0</segmented>
  <object>
    <name>powerline</name>
    <pose>Unspecified</pose>
    <truncated>0</truncated>
    <difficult>0</difficult>
    <bndbox>
      <xmin>3342</xmin>
      <ymin>10</ymin>
      <xmax>4042</xmax>
      <ymax>1023</ymax>
    </bndbox>
  </object>
  <object>
    <name>powerline</name>
    <pose>Unspecified</pose>
    <truncated>0</truncated>
    <difficult>0</difficult>
    <bndbox>
      <xmin>2754</xmin>
      <ymin>1106</ymin>
      <xmax>3300</xmax>
      <ymax>1810</ymax>
    </bndbox>
  </object>
  <object>
    <name>powerline</name>
    <pose>Unspecified</pose>
    <truncated>0</truncated>
    <difficult>0</difficult>
    <bndbox>
      <xmin>2646</xmin>
      <ymin>27</ymin>
      <xmax>3137</xmax>
      <ymax>1077</ymax>
    </bndbox>
  </object>
  <object>
    <name>powerline</name>
    <pose>Unspecified</pose>
    <truncated>0</truncated>
    <difficult>0</difficult>
    <bndbox>
      <xmin>2183</xmin>
      <ymin>14</ymin>
      <xmax>2446</xmax>
      <ymax>1152</ymax>
    </bndbox>
  </object>
  <object>
    <name>powerline</name>
    <pose>Unspecified</pose>
    <truncated>0</truncated>
    <difficult>0</difficult>
    <bndbox>
      <xmin>2004</xmin>
      <ymin>1206</ymin>
      <xmax>2175</xmax>
      <ymax>1894</ymax>
    </bndbox>
  </object>
  <object>
    <name>powerline</name>
    <pose>Unspecified</pose>
    <truncated>0</truncated>
    <difficult>0</difficult>
    <bndbox>
      <xmin>2258</xmin>
      <ymin>1131</ymin>
      <xmax>2625</xmax>
      <ymax>1835</ymax>
    </bndbox>
  </object>
  <object>
    <name>powerline</name>
    <pose>Unspecified</pose>
    <truncated>0</truncated>
    <difficult>0</difficult>
    <bndbox>
      <xmin>1</xmin>
      <ymin>456</ymin>
      <xmax>446</xmax>
      <ymax>1348</ymax>
    </bndbox>
  </object>
  <object>
    <name>powerline</name>
    <pose>Unspecified</pose>
    <truncated>0</truncated>
    <difficult>0</difficult>
    <bndbox>
      <xmin>104</xmin>
      <ymin>31</ymin>
      <xmax>446</xmax>
      <ymax>927</ymax>
    </bndbox>
  </object>
</annotation>
