<annotation>
  <folder>0101</folder>
  <filename>130</filename>
  <path> </path>
  <source>
    <database>Unknown</database>
  </source>
  <size>
    <width>5184</width>
    <height>3888</height>
    <depth>3</depth>
  </size>
  <segmented>0</segmented>
  <object>
    <name>powerline</name>
    <pose>Unspecified</pose>
    <truncated>0</truncated>
    <difficult>0</difficult>
    <bndbox>
      <xmin>529</xmin>
      <ymin>14</ymin>
      <xmax>2029</xmax>
      <ymax>1285</ymax>
    </bndbox>
  </object>
  <object>
    <name>insulator</name>
    <pose>Unspecified</pose>
    <truncated>0</truncated>
    <difficult>0</difficult>
    <bndbox>
      <xmin>2087</xmin>
      <ymin>1194</ymin>
      <xmax>2158</xmax>
      <ymax>1352</ymax>
    </bndbox>
  </object>
  <object>
    <name>insulator</name>
    <pose>Unspecified</pose>
    <truncated>0</truncated>
    <difficult>0</difficult>
    <bndbox>
      <xmin>2712</xmin>
      <ymin>1056</ymin>
      <xmax>2779</xmax>
      <ymax>1219</ymax>
    </bndbox>
  </object>
  <object>
    <name>insulator</name>
    <pose>Unspecified</pose>
    <truncated>0</truncated>
    <difficult>0</difficult>
    <bndbox>
      <xmin>3400</xmin>
      <ymin>914</ymin>
      <xmax>3487</xmax>
      <ymax>1098</ymax>
    </bndbox>
  </object>
  <object>
    <name>powerline</name>
    <pose>Unspecified</pose>
    <truncated>0</truncated>
    <difficult>0</difficult>
    <bndbox>
      <xmin>2958</xmin>
      <ymin>1631</ymin>
      <xmax>3917</xmax>
      <ymax>3239</ymax>
    </bndbox>
  </object>
  <object>
    <name>powerline</name>
    <pose>Unspecified</pose>
    <truncated>0</truncated>
    <difficult>0</difficult>
    <bndbox>
      <xmin>3571</xmin>
      <ymin>1335</ymin>
      <xmax>4079</xmax>
      <ymax>2585</ymax>
    </bndbox>
  </object>
  <object>
    <name>powerline</name>
    <pose>Unspecified</pose>
    <truncated>0</truncated>
    <difficult>0</difficult>
    <bndbox>
      <xmin>4112</xmin>
      <ymin>2664</ymin>
      <xmax>4646</xmax>
      <ymax>3760</ymax>
    </bndbox>
  </object>
  <object>
    <name>powerline</name>
    <pose>Unspecified</pose>
    <truncated>0</truncated>
    <difficult>0</difficult>
    <bndbox>
      <xmin>2692</xmin>
      <ymin>19</ymin>
      <xmax>3046</xmax>
      <ymax>535</ymax>
    </bndbox>
  </object>
</annotation>
