<annotation>
  <folder>0101</folder>
  <filename>132</filename>
  <path>/home/power/workspace/qj_power_images/img01/0101/132.JPG</path>
  <source>
    <database>Unknown</database>
  </source>
  <size>
    <width>5184</width>
    <height>3888</height>
    <depth>3</depth>
  </size>
  <segmented>0</segmented>
  <object>
    <name>powerline</name>
    <pose>Unspecified</pose>
    <truncated>0</truncated>
    <difficult>0</difficult>
    <bndbox>
      <xmin>33</xmin>
      <ymin>394</ymin>
      <xmax>696</xmax>
      <ymax>1348</ymax>
    </bndbox>
  </object>
  <object>
    <name>powerline</name>
    <pose>Unspecified</pose>
    <truncated>0</truncated>
    <difficult>0</difficult>
    <bndbox>
      <xmin>1116</xmin>
      <ymin>10</ymin>
      <xmax>1441</xmax>
      <ymax>1248</ymax>
    </bndbox>
  </object>
  <object>
    <name>powerline</name>
    <pose>Unspecified</pose>
    <truncated>0</truncated>
    <difficult>0</difficult>
    <bndbox>
      <xmin>2142</xmin>
      <ymin>14</ymin>
      <xmax>2392</xmax>
      <ymax>1189</ymax>
    </bndbox>
  </object>
  <object>
    <name>powerline</name>
    <pose>Unspecified</pose>
    <truncated>0</truncated>
    <difficult>0</difficult>
    <bndbox>
      <xmin>1754</xmin>
      <ymin>1</ymin>
      <xmax>1879</xmax>
      <ymax>1041</ymax>
    </bndbox>
  </object>
  <object>
    <name>insulator</name>
    <pose>Unspecified</pose>
    <truncated>0</truncated>
    <difficult>0</difficult>
    <bndbox>
      <xmin>1855</xmin>
      <ymin>1295</ymin>
      <xmax>1898</xmax>
      <ymax>1414</ymax>
    </bndbox>
  </object>
</annotation>
