<annotation>
  <folder>0101</folder>
  <filename>133</filename>
  <path>/home/power/workspace/qj_power_images/img01/0101/133.JPG</path>
  <source>
    <database>Unknown</database>
  </source>
  <size>
    <width>5184</width>
    <height>3888</height>
    <depth>3</depth>
  </size>
  <segmented>0</segmented>
  <object>
    <name>powerline</name>
    <pose>Unspecified</pose>
    <truncated>0</truncated>
    <difficult>0</difficult>
    <bndbox>
      <xmin>1908</xmin>
      <ymin>14</ymin>
      <xmax>2296</xmax>
      <ymax>1419</ymax>
    </bndbox>
  </object>
  <object>
    <name>powerline</name>
    <pose>Unspecified</pose>
    <truncated>0</truncated>
    <difficult>0</difficult>
    <bndbox>
      <xmin>2725</xmin>
      <ymin>14</ymin>
      <xmax>2937</xmax>
      <ymax>1473</ymax>
    </bndbox>
  </object>
  <object>
    <name>powerline</name>
    <pose>Unspecified</pose>
    <truncated>0</truncated>
    <difficult>0</difficult>
    <bndbox>
      <xmin>3146</xmin>
      <ymin>2</ymin>
      <xmax>3912</xmax>
      <ymax>1606</ymax>
    </bndbox>
  </object>
  <object>
    <name>powerline</name>
    <pose>Unspecified</pose>
    <truncated>0</truncated>
    <difficult>0</difficult>
    <bndbox>
      <xmin>2950</xmin>
      <ymin>19</ymin>
      <xmax>3312</xmax>
      <ymax>1223</ymax>
    </bndbox>
  </object>
  <object>
    <name>powerline</name>
    <pose>Unspecified</pose>
    <truncated>0</truncated>
    <difficult>0</difficult>
    <bndbox>
      <xmin>2358</xmin>
      <ymin>14</ymin>
      <xmax>2492</xmax>
      <ymax>1364</ymax>
    </bndbox>
  </object>
</annotation>
