<annotation>
  <folder>0101</folder>
  <filename>136</filename>
  <path>/home/power/workspace/qj_power_images/img01/0101/136.JPG</path>
  <source>
    <database>Unknown</database>
  </source>
  <size>
    <width>5184</width>
    <height>3888</height>
    <depth>3</depth>
  </size>
  <segmented>0</segmented>
  <object>
    <name>insulator</name>
    <pose>Unspecified</pose>
    <truncated>0</truncated>
    <difficult>0</difficult>
    <bndbox>
      <xmin>1432</xmin>
      <ymin>1507</ymin>
      <xmax>1562</xmax>
      <ymax>1707</ymax>
    </bndbox>
  </object>
  <object>
    <name>insulator</name>
    <pose>Unspecified</pose>
    <truncated>0</truncated>
    <difficult>0</difficult>
    <bndbox>
      <xmin>937</xmin>
      <ymin>2610</ymin>
      <xmax>1258</xmax>
      <ymax>2964</ymax>
    </bndbox>
  </object>
  <object>
    <name>hammer</name>
    <pose>Unspecified</pose>
    <truncated>0</truncated>
    <difficult>0</difficult>
    <bndbox>
      <xmin>4089</xmin>
      <ymin>2044</ymin>
      <xmax>4199</xmax>
      <ymax>2164</ymax>
    </bndbox>
  </object>
  <object>
    <name>hammer</name>
    <pose>Unspecified</pose>
    <truncated>0</truncated>
    <difficult>0</difficult>
    <bndbox>
      <xmin>2976</xmin>
      <ymin>1439</ymin>
      <xmax>3084</xmax>
      <ymax>1543</ymax>
    </bndbox>
  </object>
  <object>
    <name>insulator</name>
    <pose>Unspecified</pose>
    <truncated>0</truncated>
    <difficult>0</difficult>
    <bndbox>
      <xmin>1554</xmin>
      <ymin>1595</ymin>
      <xmax>1898</xmax>
      <ymax>1892</ymax>
    </bndbox>
  </object>
  <object>
    <name>powerline</name>
    <pose>Unspecified</pose>
    <truncated>0</truncated>
    <difficult>0</difficult>
    <bndbox>
      <xmin>2101</xmin>
      <ymin>539</ymin>
      <xmax>2612</xmax>
      <ymax>1240</ymax>
    </bndbox>
  </object>
  <object>
    <name>powerline</name>
    <pose>Unspecified</pose>
    <truncated>0</truncated>
    <difficult>0</difficult>
    <bndbox>
      <xmin>1918</xmin>
      <ymin>532</ymin>
      <xmax>2306</xmax>
      <ymax>1115</ymax>
    </bndbox>
  </object>
  <object>
    <name>hammer</name>
    <pose>Unspecified</pose>
    <truncated>0</truncated>
    <difficult>0</difficult>
    <bndbox>
      <xmin>2001</xmin>
      <ymin>1248</ymin>
      <xmax>2112</xmax>
      <ymax>1365</ymax>
    </bndbox>
  </object>
  <object>
    <name>insulator</name>
    <pose>Unspecified</pose>
    <truncated>0</truncated>
    <difficult>0</difficult>
    <bndbox>
      <xmin>2527</xmin>
      <ymin>1767</ymin>
      <xmax>2834</xmax>
      <ymax>2028</ymax>
    </bndbox>
  </object>
  <object>
    <name>hammer</name>
    <pose>Unspecified</pose>
    <truncated>0</truncated>
    <difficult>0</difficult>
    <bndbox>
      <xmin>2807</xmin>
      <ymin>1556</ymin>
      <xmax>2868</xmax>
      <ymax>1640</ymax>
    </bndbox>
  </object>
  <object>
    <name>insulator</name>
    <pose>Unspecified</pose>
    <truncated>0</truncated>
    <difficult>0</difficult>
    <bndbox>
      <xmin>3599</xmin>
      <ymin>2302</ymin>
      <xmax>3949</xmax>
      <ymax>2573</ymax>
    </bndbox>
  </object>
  <object>
    <name>insulator</name>
    <pose>Unspecified</pose>
    <truncated>0</truncated>
    <difficult>0</difficult>
    <bndbox>
      <xmin>1952</xmin>
      <ymin>2641</ymin>
      <xmax>2231</xmax>
      <ymax>2902</ymax>
    </bndbox>
  </object>
  <object>
    <name>insulator</name>
    <pose>Unspecified</pose>
    <truncated>0</truncated>
    <difficult>0</difficult>
    <bndbox>
      <xmin>2925</xmin>
      <ymin>3176</ymin>
      <xmax>3187</xmax>
      <ymax>3452</ymax>
    </bndbox>
  </object>
  <object>
    <name>powerline</name>
    <pose>Unspecified</pose>
    <truncated>0</truncated>
    <difficult>0</difficult>
    <bndbox>
      <xmin>3119</xmin>
      <ymin>11</ymin>
      <xmax>4240</xmax>
      <ymax>1376</ymax>
    </bndbox>
  </object>
  <object>
    <name>powerline</name>
    <pose>Unspecified</pose>
    <truncated>0</truncated>
    <difficult>0</difficult>
    <bndbox>
      <xmin>4234</xmin>
      <ymin>1096</ymin>
      <xmax>5140</xmax>
      <ymax>2020</ymax>
    </bndbox>
  </object>
</annotation>
