<annotation>
  <folder>0101</folder>
  <filename>137</filename>
  <path>/home/power/workspace/qj_power_images/img01/0101/137.JPG</path>
  <source>
    <database>Unknown</database>
  </source>
  <size>
    <width>3264</width>
    <height>2448</height>
    <depth>3</depth>
  </size>
  <segmented>0</segmented>
  <object>
    <name>powerline</name>
    <pose>Unspecified</pose>
    <truncated>0</truncated>
    <difficult>0</difficult>
    <bndbox>
      <xmin>629</xmin>
      <ymin>5</ymin>
      <xmax>1105</xmax>
      <ymax>668</ymax>
    </bndbox>
  </object>
  <object>
    <name>powerline</name>
    <pose>Unspecified</pose>
    <truncated>0</truncated>
    <difficult>0</difficult>
    <bndbox>
      <xmin>1508</xmin>
      <ymin>5</ymin>
      <xmax>1671</xmax>
      <ymax>900</ymax>
    </bndbox>
  </object>
  <object>
    <name>powerline</name>
    <pose>Unspecified</pose>
    <truncated>0</truncated>
    <difficult>0</difficult>
    <bndbox>
      <xmin>1942</xmin>
      <ymin>8</ymin>
      <xmax>2287</xmax>
      <ymax>1047</ymax>
    </bndbox>
  </object>
  <object>
    <name>powerline</name>
    <pose>Unspecified</pose>
    <truncated>0</truncated>
    <difficult>0</difficult>
    <bndbox>
      <xmin>1168</xmin>
      <ymin>784</ymin>
      <xmax>1481</xmax>
      <ymax>1166</ymax>
    </bndbox>
  </object>
</annotation>
