<annotation>
  <folder>0101</folder>
  <filename>138</filename>
  <path>/home/power/workspace/qj_power_images/img01/0101/138.JPG</path>
  <source>
    <database>Unknown</database>
  </source>
  <size>
    <width>3264</width>
    <height>2448</height>
    <depth>3</depth>
  </size>
  <segmented>0</segmented>
  <object>
    <name>powerline</name>
    <pose>Unspecified</pose>
    <truncated>0</truncated>
    <difficult>0</difficult>
    <bndbox>
      <xmin>989</xmin>
      <ymin>8</ymin>
      <xmax>1429</xmax>
      <ymax>1147</ymax>
    </bndbox>
  </object>
  <object>
    <name>powerline</name>
    <pose>Unspecified</pose>
    <truncated>0</truncated>
    <difficult>0</difficult>
    <bndbox>
      <xmin>1655</xmin>
      <ymin>1</ymin>
      <xmax>1818</xmax>
      <ymax>1092</ymax>
    </bndbox>
  </object>
  <object>
    <name>powerline</name>
    <pose>Unspecified</pose>
    <truncated>0</truncated>
    <difficult>0</difficult>
    <bndbox>
      <xmin>1931</xmin>
      <ymin>8</ymin>
      <xmax>2684</xmax>
      <ymax>1121</ymax>
    </bndbox>
  </object>
</annotation>
