<annotation>
  <folder>0101</folder>
  <filename>140</filename>
  <path> </path>
  <source>
    <database>Unknown</database>
  </source>
  <size>
    <width>5184</width>
    <height>3888</height>
    <depth>3</depth>
  </size>
  <segmented>0</segmented>
  <object>
    <name>insulator</name>
    <pose>Unspecified</pose>
    <truncated>0</truncated>
    <difficult>0</difficult>
    <bndbox>
      <xmin>1856</xmin>
      <ymin>1224</ymin>
      <xmax>1995</xmax>
      <ymax>1322</ymax>
    </bndbox>
  </object>
  <object>
    <name>insulator</name>
    <pose>Unspecified</pose>
    <truncated>0</truncated>
    <difficult>0</difficult>
    <bndbox>
      <xmin>2131</xmin>
      <ymin>1467</ymin>
      <xmax>2256</xmax>
      <ymax>1579</ymax>
    </bndbox>
  </object>
  <object>
    <name>insulator</name>
    <pose>Unspecified</pose>
    <truncated>0</truncated>
    <difficult>0</difficult>
    <bndbox>
      <xmin>2315</xmin>
      <ymin>974</ymin>
      <xmax>2459</xmax>
      <ymax>1070</ymax>
    </bndbox>
  </object>
  <object>
    <name>insulator</name>
    <pose>Unspecified</pose>
    <truncated>0</truncated>
    <difficult>0</difficult>
    <bndbox>
      <xmin>2799</xmin>
      <ymin>1058</ymin>
      <xmax>2929</xmax>
      <ymax>1154</ymax>
    </bndbox>
  </object>
  <object>
    <name>insulator</name>
    <pose>Unspecified</pose>
    <truncated>0</truncated>
    <difficult>0</difficult>
    <bndbox>
      <xmin>3015</xmin>
      <ymin>1329</ymin>
      <xmax>3131</xmax>
      <ymax>1451</ymax>
    </bndbox>
  </object>
  <object>
    <name>insulator</name>
    <pose>Unspecified</pose>
    <truncated>0</truncated>
    <difficult>0</difficult>
    <bndbox>
      <xmin>2861</xmin>
      <ymin>765</ymin>
      <xmax>2927</xmax>
      <ymax>883</ymax>
    </bndbox>
  </object>
  <object>
    <name>insulator</name>
    <pose>Unspecified</pose>
    <truncated>0</truncated>
    <difficult>0</difficult>
    <bndbox>
      <xmin>2936</xmin>
      <ymin>854</ymin>
      <xmax>2981</xmax>
      <ymax>995</ymax>
    </bndbox>
  </object>
  <object>
    <name>powerline</name>
    <pose>Unspecified</pose>
    <truncated>0</truncated>
    <difficult>0</difficult>
    <bndbox>
      <xmin>1663</xmin>
      <ymin>147</ymin>
      <xmax>2261</xmax>
      <ymax>865</ymax>
    </bndbox>
  </object>
  <object>
    <name>powerline</name>
    <pose>Unspecified</pose>
    <truncated>0</truncated>
    <difficult>0</difficult>
    <bndbox>
      <xmin>1211</xmin>
      <ymin>624</ymin>
      <xmax>1770</xmax>
      <ymax>1140</ymax>
    </bndbox>
  </object>
  <object>
    <name>powerline</name>
    <pose>Unspecified</pose>
    <truncated>0</truncated>
    <difficult>0</difficult>
    <bndbox>
      <xmin>2459</xmin>
      <ymin>136</ymin>
      <xmax>2731</xmax>
      <ymax>581</ymax>
    </bndbox>
  </object>
  <object>
    <name>powerline</name>
    <pose>Unspecified</pose>
    <truncated>0</truncated>
    <difficult>0</difficult>
    <bndbox>
      <xmin>2159</xmin>
      <ymin>140</ymin>
      <xmax>2534</xmax>
      <ymax>665</ymax>
    </bndbox>
  </object>
  <object>
    <name>powerline</name>
    <pose>Unspecified</pose>
    <truncated>0</truncated>
    <difficult>0</difficult>
    <bndbox>
      <xmin>3129</xmin>
      <ymin>1486</ymin>
      <xmax>3504</xmax>
      <ymax>2122</ymax>
    </bndbox>
  </object>
</annotation>
