<annotation>
  <folder>0101</folder>
  <filename>141</filename>
  <path> </path>
  <source>
    <database>Unknown</database>
  </source>
  <size>
    <width>5184</width>
    <height>3888</height>
    <depth>3</depth>
  </size>
  <segmented>0</segmented>
  <object>
    <name>hammer</name>
    <pose>Unspecified</pose>
    <truncated>0</truncated>
    <difficult>0</difficult>
    <bndbox>
      <xmin>466</xmin>
      <ymin>2314</ymin>
      <xmax>604</xmax>
      <ymax>2435</ymax>
    </bndbox>
  </object>
  <object>
    <name>insulator</name>
    <pose>Unspecified</pose>
    <truncated>0</truncated>
    <difficult>0</difficult>
    <bndbox>
      <xmin>791</xmin>
      <ymin>2589</ymin>
      <xmax>1250</xmax>
      <ymax>2869</ymax>
    </bndbox>
  </object>
  <object>
    <name>insulator</name>
    <pose>Unspecified</pose>
    <truncated>0</truncated>
    <difficult>0</difficult>
    <bndbox>
      <xmin>1716</xmin>
      <ymin>3323</ymin>
      <xmax>2087</xmax>
      <ymax>3660</ymax>
    </bndbox>
  </object>
  <object>
    <name>insulator</name>
    <pose>Unspecified</pose>
    <truncated>0</truncated>
    <difficult>0</difficult>
    <bndbox>
      <xmin>2275</xmin>
      <ymin>1748</ymin>
      <xmax>2700</xmax>
      <ymax>2044</ymax>
    </bndbox>
  </object>
  <object>
    <name>insulator</name>
    <pose>Unspecified</pose>
    <truncated>0</truncated>
    <difficult>0</difficult>
    <bndbox>
      <xmin>3742</xmin>
      <ymin>1977</ymin>
      <xmax>4200</xmax>
      <ymax>2244</ymax>
    </bndbox>
  </object>
  <object>
    <name>insulator</name>
    <pose>Unspecified</pose>
    <truncated>0</truncated>
    <difficult>0</difficult>
    <bndbox>
      <xmin>4508</xmin>
      <ymin>2827</ymin>
      <xmax>4908</xmax>
      <ymax>3181</ymax>
    </bndbox>
  </object>
  <object>
    <name>insulator</name>
    <pose>Unspecified</pose>
    <truncated>0</truncated>
    <difficult>0</difficult>
    <bndbox>
      <xmin>3937</xmin>
      <ymin>1035</ymin>
      <xmax>4079</xmax>
      <ymax>1439</ymax>
    </bndbox>
  </object>
  <object>
    <name>insulator</name>
    <pose>Unspecified</pose>
    <truncated>0</truncated>
    <difficult>0</difficult>
    <bndbox>
      <xmin>4167</xmin>
      <ymin>1327</ymin>
      <xmax>4329</xmax>
      <ymax>1714</ymax>
    </bndbox>
  </object>
  <object>
    <name>hammer</name>
    <pose>Unspecified</pose>
    <truncated>0</truncated>
    <difficult>0</difficult>
    <bndbox>
      <xmin>2012</xmin>
      <ymin>1427</ymin>
      <xmax>2158</xmax>
      <ymax>1560</ymax>
    </bndbox>
  </object>
  <object>
    <name>hammer</name>
    <pose>Unspecified</pose>
    <truncated>0</truncated>
    <difficult>0</difficult>
    <bndbox>
      <xmin>1804</xmin>
      <ymin>710</ymin>
      <xmax>1912</xmax>
      <ymax>827</ymax>
    </bndbox>
  </object>
  <object>
    <name>powerline</name>
    <pose>Unspecified</pose>
    <truncated>0</truncated>
    <difficult>0</difficult>
    <bndbox>
      <xmin>762</xmin>
      <ymin>19</ymin>
      <xmax>1712</xmax>
      <ymax>1039</ymax>
    </bndbox>
  </object>
  <object>
    <name>powerline</name>
    <pose>Unspecified</pose>
    <truncated>0</truncated>
    <difficult>0</difficult>
    <bndbox>
      <xmin>2275</xmin>
      <ymin>19</ymin>
      <xmax>2879</xmax>
      <ymax>785</ymax>
    </bndbox>
  </object>
  <object>
    <name>powerline</name>
    <pose>Unspecified</pose>
    <truncated>0</truncated>
    <difficult>0</difficult>
    <bndbox>
      <xmin>3487</xmin>
      <ymin>2839</ymin>
      <xmax>4268</xmax>
      <ymax>3888</ymax>
    </bndbox>
  </object>
  <object>
    <name>hammer</name>
    <pose>Unspecified</pose>
    <truncated>0</truncated>
    <difficult>0</difficult>
    <bndbox>
      <xmin>3537</xmin>
      <ymin>1627</ymin>
      <xmax>3658</xmax>
      <ymax>1760</ymax>
    </bndbox>
  </object>
  <object>
    <name>powerline</name>
    <pose>Unspecified</pose>
    <truncated>0</truncated>
    <difficult>0</difficult>
    <bndbox>
      <xmin>12</xmin>
      <ymin>1906</ymin>
      <xmax>508</xmax>
      <ymax>2306</ymax>
    </bndbox>
  </object>
</annotation>
