<annotation>
  <folder>0101</folder>
  <filename>142</filename>
  <path>/home/power/workspace/qj_power_images/img01/0101/142.JPG</path>
  <source>
    <database>Unknown</database>
  </source>
  <size>
    <width>3264</width>
    <height>2448</height>
    <depth>3</depth>
  </size>
  <segmented>0</segmented>
  <object>
    <name>powerline</name>
    <pose>Unspecified</pose>
    <truncated>0</truncated>
    <difficult>0</difficult>
    <bndbox>
      <xmin>1271</xmin>
      <ymin>26</ymin>
      <xmax>1403</xmax>
      <ymax>1042</ymax>
    </bndbox>
  </object>
  <object>
    <name>powerline</name>
    <pose>Unspecified</pose>
    <truncated>0</truncated>
    <difficult>0</difficult>
    <bndbox>
      <xmin>1655</xmin>
      <ymin>5</ymin>
      <xmax>1779</xmax>
      <ymax>892</ymax>
    </bndbox>
  </object>
  <object>
    <name>powerline</name>
    <pose>Unspecified</pose>
    <truncated>0</truncated>
    <difficult>0</difficult>
    <bndbox>
      <xmin>1984</xmin>
      <ymin>16</ymin>
      <xmax>2276</xmax>
      <ymax>789</ymax>
    </bndbox>
  </object>
  <object>
    <name>powerline</name>
    <pose>Unspecified</pose>
    <truncated>0</truncated>
    <difficult>0</difficult>
    <bndbox>
      <xmin>1763</xmin>
      <ymin>816</ymin>
      <xmax>1979</xmax>
      <ymax>1352</ymax>
    </bndbox>
  </object>
</annotation>
