<annotation>
  <folder>0101</folder>
  <filename>143</filename>
  <path>/home/power/workspace/qj_power_images/img01/0101/143.JPG</path>
  <source>
    <database>Unknown</database>
  </source>
  <size>
    <width>3264</width>
    <height>2448</height>
    <depth>3</depth>
  </size>
  <segmented>0</segmented>
  <object>
    <name>powerline</name>
    <pose>Unspecified</pose>
    <truncated>0</truncated>
    <difficult>0</difficult>
    <bndbox>
      <xmin>1208</xmin>
      <ymin>1</ymin>
      <xmax>1468</xmax>
      <ymax>629</ymax>
    </bndbox>
  </object>
  <object>
    <name>powerline</name>
    <pose>Unspecified</pose>
    <truncated>0</truncated>
    <difficult>0</difficult>
    <bndbox>
      <xmin>1621</xmin>
      <ymin>13</ymin>
      <xmax>1753</xmax>
      <ymax>726</ymax>
    </bndbox>
  </object>
  <object>
    <name>powerline</name>
    <pose>Unspecified</pose>
    <truncated>0</truncated>
    <difficult>0</difficult>
    <bndbox>
      <xmin>1987</xmin>
      <ymin>1</ymin>
      <xmax>2071</xmax>
      <ymax>700</ymax>
    </bndbox>
  </object>
</annotation>
