<annotation>
  <folder>0101</folder>
  <filename>146</filename>
  <path>/home/power/workspace/qj_power_images/img01/0101/146.JPG</path>
  <source>
    <database>Unknown</database>
  </source>
  <size>
    <width>5184</width>
    <height>3888</height>
    <depth>3</depth>
  </size>
  <segmented>0</segmented>
  <object>
    <name>powerline</name>
    <pose>Unspecified</pose>
    <truncated>0</truncated>
    <difficult>0</difficult>
    <bndbox>
      <xmin>1629</xmin>
      <ymin>1</ymin>
      <xmax>1733</xmax>
      <ymax>1966</ymax>
    </bndbox>
  </object>
  <object>
    <name>powerline</name>
    <pose>Unspecified</pose>
    <truncated>0</truncated>
    <difficult>0</difficult>
    <bndbox>
      <xmin>1987</xmin>
      <ymin>1</ymin>
      <xmax>2129</xmax>
      <ymax>1391</ymax>
    </bndbox>
  </object>
  <object>
    <name>powerline</name>
    <pose>Unspecified</pose>
    <truncated>0</truncated>
    <difficult>0</difficult>
    <bndbox>
      <xmin>2671</xmin>
      <ymin>14</ymin>
      <xmax>3150</xmax>
      <ymax>1835</ymax>
    </bndbox>
  </object>
  <object>
    <name>powerline</name>
    <pose>Unspecified</pose>
    <truncated>0</truncated>
    <difficult>0</difficult>
    <bndbox>
      <xmin>3175</xmin>
      <ymin>2</ymin>
      <xmax>3608</xmax>
      <ymax>1310</ymax>
    </bndbox>
  </object>
  <object>
    <name>powerline</name>
    <pose>Unspecified</pose>
    <truncated>0</truncated>
    <difficult>0</difficult>
    <bndbox>
      <xmin>3525</xmin>
      <ymin>19</ymin>
      <xmax>4696</xmax>
      <ymax>2044</ymax>
    </bndbox>
  </object>
  <object>
    <name>insulator</name>
    <pose>Unspecified</pose>
    <truncated>0</truncated>
    <difficult>0</difficult>
    <bndbox>
      <xmin>1666</xmin>
      <ymin>2002</ymin>
      <xmax>1733</xmax>
      <ymax>2198</ymax>
    </bndbox>
  </object>
  <object>
    <name>insulator</name>
    <pose>Unspecified</pose>
    <truncated>0</truncated>
    <difficult>0</difficult>
    <bndbox>
      <xmin>2537</xmin>
      <ymin>2060</ymin>
      <xmax>2604</xmax>
      <ymax>2218</ymax>
    </bndbox>
  </object>
  <object>
    <name>insulator</name>
    <pose>Unspecified</pose>
    <truncated>0</truncated>
    <difficult>0</difficult>
    <bndbox>
      <xmin>3392</xmin>
      <ymin>2060</ymin>
      <xmax>3467</xmax>
      <ymax>2231</ymax>
    </bndbox>
  </object>
  <object>
    <name>powerline</name>
    <pose>Unspecified</pose>
    <truncated>0</truncated>
    <difficult>0</difficult>
    <bndbox>
      <xmin>1637</xmin>
      <ymin>2277</ymin>
      <xmax>1750</xmax>
      <ymax>3888</ymax>
    </bndbox>
  </object>
  <object>
    <name>powerline</name>
    <pose>Unspecified</pose>
    <truncated>0</truncated>
    <difficult>0</difficult>
    <bndbox>
      <xmin>2958</xmin>
      <ymin>2394</ymin>
      <xmax>3392</xmax>
      <ymax>3623</ymax>
    </bndbox>
  </object>
</annotation>
