<annotation>
  <folder>0101</folder>
  <filename>147</filename>
  <path>/home/power/workspace/qj_power_images/img01/0101/147.JPG</path>
  <source>
    <database>Unknown</database>
  </source>
  <size>
    <width>5184</width>
    <height>3888</height>
    <depth>3</depth>
  </size>
  <segmented>0</segmented>
  <object>
    <name>powerline</name>
    <pose>Unspecified</pose>
    <truncated>0</truncated>
    <difficult>0</difficult>
    <bndbox>
      <xmin>1979</xmin>
      <ymin>3</ymin>
      <xmax>2168</xmax>
      <ymax>821</ymax>
    </bndbox>
  </object>
  <object>
    <name>powerline</name>
    <pose>Unspecified</pose>
    <truncated>0</truncated>
    <difficult>0</difficult>
    <bndbox>
      <xmin>2883</xmin>
      <ymin>1</ymin>
      <xmax>3053</xmax>
      <ymax>635</ymax>
    </bndbox>
  </object>
  <object>
    <name>powerline</name>
    <pose>Unspecified</pose>
    <truncated>0</truncated>
    <difficult>0</difficult>
    <bndbox>
      <xmin>2481</xmin>
      <ymin>1</ymin>
      <xmax>2551</xmax>
      <ymax>627</ymax>
    </bndbox>
  </object>
  <object>
    <name>powerline</name>
    <pose>Unspecified</pose>
    <truncated>0</truncated>
    <difficult>0</difficult>
    <bndbox>
      <xmin>2712</xmin>
      <ymin>5</ymin>
      <xmax>2794</xmax>
      <ymax>544</ymax>
    </bndbox>
  </object>
</annotation>
