<annotation>
  <folder>0101</folder>
  <filename>149</filename>
  <path>/home/power/workspace/qj_power_images/img01/0101/149.JPG</path>
  <source>
    <database>Unknown</database>
  </source>
  <size>
    <width>3264</width>
    <height>2448</height>
    <depth>3</depth>
  </size>
  <segmented>0</segmented>
  <object>
    <name>powerline</name>
    <pose>Unspecified</pose>
    <truncated>0</truncated>
    <difficult>0</difficult>
    <bndbox>
      <xmin>675</xmin>
      <ymin>1</ymin>
      <xmax>789</xmax>
      <ymax>931</ymax>
    </bndbox>
  </object>
  <object>
    <name>powerline</name>
    <pose>Unspecified</pose>
    <truncated>0</truncated>
    <difficult>0</difficult>
    <bndbox>
      <xmin>2992</xmin>
      <ymin>1</ymin>
      <xmax>3208</xmax>
      <ymax>697</ymax>
    </bndbox>
  </object>
  <object>
    <name>powerline</name>
    <pose>Unspecified</pose>
    <truncated>0</truncated>
    <difficult>0</difficult>
    <bndbox>
      <xmin>1639</xmin>
      <ymin>1508</ymin>
      <xmax>1750</xmax>
      <ymax>2084</ymax>
    </bndbox>
  </object>
</annotation>
