<annotation>
  <folder>0101</folder>
  <filename>150</filename>
  <path>/home/power/workspace/qj_power_images/img01/0101/150.JPG</path>
  <source>
    <database>Unknown</database>
  </source>
  <size>
    <width>5184</width>
    <height>3888</height>
    <depth>3</depth>
  </size>
  <segmented>0</segmented>
  <object>
    <name>powerline</name>
    <pose>Unspecified</pose>
    <truncated>0</truncated>
    <difficult>0</difficult>
    <bndbox>
      <xmin>2025</xmin>
      <ymin>19</ymin>
      <xmax>2942</xmax>
      <ymax>760</ymax>
    </bndbox>
  </object>
  <object>
    <name>powerline</name>
    <pose>Unspecified</pose>
    <truncated>0</truncated>
    <difficult>0</difficult>
    <bndbox>
      <xmin>3000</xmin>
      <ymin>10</ymin>
      <xmax>4887</xmax>
      <ymax>1014</ymax>
    </bndbox>
  </object>
  <object>
    <name>powerline</name>
    <pose>Unspecified</pose>
    <truncated>0</truncated>
    <difficult>0</difficult>
    <bndbox>
      <xmin>3671</xmin>
      <ymin>510</ymin>
      <xmax>5146</xmax>
      <ymax>1144</ymax>
    </bndbox>
  </object>
  <object>
    <name>powerline</name>
    <pose>Unspecified</pose>
    <truncated>0</truncated>
    <difficult>0</difficult>
    <bndbox>
      <xmin>3783</xmin>
      <ymin>910</ymin>
      <xmax>5167</xmax>
      <ymax>1431</ymax>
    </bndbox>
  </object>
  <object>
    <name>insulator</name>
    <pose>Unspecified</pose>
    <truncated>0</truncated>
    <difficult>0</difficult>
    <bndbox>
      <xmin>3121</xmin>
      <ymin>1469</ymin>
      <xmax>3225</xmax>
      <ymax>1639</ymax>
    </bndbox>
  </object>
  <object>
    <name>insulator</name>
    <pose>Unspecified</pose>
    <truncated>0</truncated>
    <difficult>0</difficult>
    <bndbox>
      <xmin>1575</xmin>
      <ymin>1444</ymin>
      <xmax>1650</xmax>
      <ymax>1639</ymax>
    </bndbox>
  </object>
  <object>
    <name>insulator</name>
    <pose>Unspecified</pose>
    <truncated>0</truncated>
    <difficult>0</difficult>
    <bndbox>
      <xmin>2371</xmin>
      <ymin>1452</ymin>
      <xmax>2450</xmax>
      <ymax>1627</ymax>
    </bndbox>
  </object>
  <object>
    <name>powerline</name>
    <pose>Unspecified</pose>
    <truncated>0</truncated>
    <difficult>0</difficult>
    <bndbox>
      <xmin>829</xmin>
      <ymin>1702</ymin>
      <xmax>1558</xmax>
      <ymax>2431</ymax>
    </bndbox>
  </object>
  <object>
    <name>powerline</name>
    <pose>Unspecified</pose>
    <truncated>0</truncated>
    <difficult>0</difficult>
    <bndbox>
      <xmin>179</xmin>
      <ymin>2510</ymin>
      <xmax>766</xmax>
      <ymax>3048</ymax>
    </bndbox>
  </object>
  <object>
    <name>powerline</name>
    <pose>Unspecified</pose>
    <truncated>0</truncated>
    <difficult>0</difficult>
    <bndbox>
      <xmin>1591</xmin>
      <ymin>1923</ymin>
      <xmax>2083</xmax>
      <ymax>2319</ymax>
    </bndbox>
  </object>
  <object>
    <name>powerline</name>
    <pose>Unspecified</pose>
    <truncated>0</truncated>
    <difficult>0</difficult>
    <bndbox>
      <xmin>1475</xmin>
      <ymin>2323</ymin>
      <xmax>2196</xmax>
      <ymax>2785</ymax>
    </bndbox>
  </object>
</annotation>
