<annotation>
  <folder>0101</folder>
  <filename>151</filename>
  <path> </path>
  <source>
    <database>Unknown</database>
  </source>
  <size>
    <width>5184</width>
    <height>3888</height>
    <depth>3</depth>
  </size>
  <segmented>0</segmented>
  <object>
    <name>powerline</name>
    <pose>Unspecified</pose>
    <truncated>0</truncated>
    <difficult>0</difficult>
    <bndbox>
      <xmin>16</xmin>
      <ymin>2064</ymin>
      <xmax>854</xmax>
      <ymax>2956</ymax>
    </bndbox>
  </object>
  <object>
    <name>insulator</name>
    <pose>Unspecified</pose>
    <truncated>0</truncated>
    <difficult>0</difficult>
    <bndbox>
      <xmin>805</xmin>
      <ymin>1677</ymin>
      <xmax>914</xmax>
      <ymax>2029</ymax>
    </bndbox>
  </object>
  <object>
    <name>insulator</name>
    <pose>Unspecified</pose>
    <truncated>0</truncated>
    <difficult>0</difficult>
    <bndbox>
      <xmin>2475</xmin>
      <ymin>1660</ymin>
      <xmax>2592</xmax>
      <ymax>2006</ymax>
    </bndbox>
  </object>
  <object>
    <name>insulator</name>
    <pose>Unspecified</pose>
    <truncated>0</truncated>
    <difficult>0</difficult>
    <bndbox>
      <xmin>4079</xmin>
      <ymin>1644</ymin>
      <xmax>4216</xmax>
      <ymax>2010</ymax>
    </bndbox>
  </object>
  <object>
    <name>powerline</name>
    <pose>Unspecified</pose>
    <truncated>0</truncated>
    <difficult>0</difficult>
    <bndbox>
      <xmin>416</xmin>
      <ymin>2639</ymin>
      <xmax>1846</xmax>
      <ymax>3831</ymax>
    </bndbox>
  </object>
  <object>
    <name>powerline</name>
    <pose>Unspecified</pose>
    <truncated>0</truncated>
    <difficult>0</difficult>
    <bndbox>
      <xmin>3567</xmin>
      <ymin>19</ymin>
      <xmax>4967</xmax>
      <ymax>752</ymax>
    </bndbox>
  </object>
  <object>
    <name>powerline</name>
    <pose>Unspecified</pose>
    <truncated>0</truncated>
    <difficult>0</difficult>
    <bndbox>
      <xmin>3958</xmin>
      <ymin>956</ymin>
      <xmax>5133</xmax>
      <ymax>1469</ymax>
    </bndbox>
  </object>
  <object>
    <name>powerline</name>
    <pose>Unspecified</pose>
    <truncated>0</truncated>
    <difficult>0</difficult>
    <bndbox>
      <xmin>4379</xmin>
      <ymin>1648</ymin>
      <xmax>5166</xmax>
      <ymax>1939</ymax>
    </bndbox>
  </object>
  <object>
    <name>hammer</name>
    <pose>Unspecified</pose>
    <truncated>0</truncated>
    <difficult>0</difficult>
    <bndbox>
      <xmin>2350</xmin>
      <ymin>2102</ymin>
      <xmax>2450</xmax>
      <ymax>2198</ymax>
    </bndbox>
  </object>
  <object>
    <name>hammer</name>
    <pose>Unspecified</pose>
    <truncated>0</truncated>
    <difficult>0</difficult>
    <bndbox>
      <xmin>727</xmin>
      <ymin>2143</ymin>
      <xmax>787</xmax>
      <ymax>2211</ymax>
    </bndbox>
  </object>
  <object>
    <name>hammer</name>
    <pose>Unspecified</pose>
    <truncated>0</truncated>
    <difficult>0</difficult>
    <bndbox>
      <xmin>3930</xmin>
      <ymin>2112</ymin>
      <xmax>3994</xmax>
      <ymax>2196</ymax>
    </bndbox>
  </object>
  <object>
    <name>hammer</name>
    <pose>Unspecified</pose>
    <truncated>0</truncated>
    <difficult>0</difficult>
    <bndbox>
      <xmin>4222</xmin>
      <ymin>1960</ymin>
      <xmax>4318</xmax>
      <ymax>2016</ymax>
    </bndbox>
  </object>
</annotation>
