<annotation>
  <folder>0101</folder>
  <filename>152</filename>
  <path>/home/power/workspace/qj_power_images/img01/0101/152.JPG</path>
  <source>
    <database>Unknown</database>
  </source>
  <size>
    <width>3264</width>
    <height>2448</height>
    <depth>3</depth>
  </size>
  <segmented>0</segmented>
  <object>
    <name>powerline</name>
    <pose>Unspecified</pose>
    <truncated>0</truncated>
    <difficult>0</difficult>
    <bndbox>
      <xmin>1087</xmin>
      <ymin>447</ymin>
      <xmax>1358</xmax>
      <ymax>1014</ymax>
    </bndbox>
  </object>
  <object>
    <name>powerline</name>
    <pose>Unspecified</pose>
    <truncated>0</truncated>
    <difficult>0</difficult>
    <bndbox>
      <xmin>1370</xmin>
      <ymin>1045</ymin>
      <xmax>1614</xmax>
      <ymax>1510</ymax>
    </bndbox>
  </object>
  <object>
    <name>powerline</name>
    <pose>Unspecified</pose>
    <truncated>0</truncated>
    <difficult>0</difficult>
    <bndbox>
      <xmin>1658</xmin>
      <ymin>447</ymin>
      <xmax>1718</xmax>
      <ymax>931</ymax>
    </bndbox>
  </object>
  <object>
    <name>powerline</name>
    <pose>Unspecified</pose>
    <truncated>0</truncated>
    <difficult>0</difficult>
    <bndbox>
      <xmin>1678</xmin>
      <ymin>962</ymin>
      <xmax>1764</xmax>
      <ymax>1358</ymax>
    </bndbox>
  </object>
  <object>
    <name>powerline</name>
    <pose>Unspecified</pose>
    <truncated>0</truncated>
    <difficult>0</difficult>
    <bndbox>
      <xmin>2043</xmin>
      <ymin>445</ymin>
      <xmax>2239</xmax>
      <ymax>1060</ymax>
    </bndbox>
  </object>
  <object>
    <name>powerline</name>
    <pose>Unspecified</pose>
    <truncated>0</truncated>
    <difficult>0</difficult>
    <bndbox>
      <xmin>1905</xmin>
      <ymin>1081</ymin>
      <xmax>2047</xmax>
      <ymax>1497</ymax>
    </bndbox>
  </object>
</annotation>
