<annotation>
  <folder>0101</folder>
  <filename>153</filename>
  <path>/home/power/workspace/qj_power_images/img01/0101/153.JPG</path>
  <source>
    <database>Unknown</database>
  </source>
  <size>
    <width>3264</width>
    <height>2448</height>
    <depth>3</depth>
  </size>
  <segmented>0</segmented>
  <object>
    <name>powerline</name>
    <pose>Unspecified</pose>
    <truncated>0</truncated>
    <difficult>0</difficult>
    <bndbox>
      <xmin>1103</xmin>
      <ymin>16</ymin>
      <xmax>1347</xmax>
      <ymax>787</ymax>
    </bndbox>
  </object>
  <object>
    <name>powerline</name>
    <pose>Unspecified</pose>
    <truncated>0</truncated>
    <difficult>0</difficult>
    <bndbox>
      <xmin>1666</xmin>
      <ymin>8</ymin>
      <xmax>1734</xmax>
      <ymax>710</ymax>
    </bndbox>
  </object>
  <object>
    <name>powerline</name>
    <pose>Unspecified</pose>
    <truncated>0</truncated>
    <difficult>0</difficult>
    <bndbox>
      <xmin>2042</xmin>
      <ymin>8</ymin>
      <xmax>2384</xmax>
      <ymax>742</ymax>
    </bndbox>
  </object>
</annotation>
