<annotation>
  <folder>0101</folder>
  <filename>154</filename>
  <path>/home/power/workspace/qj_power_images/img01/0101/154.JPG</path>
  <source>
    <database>Unknown</database>
  </source>
  <size>
    <width>3264</width>
    <height>2448</height>
    <depth>3</depth>
  </size>
  <segmented>0</segmented>
  <object>
    <name>powerline</name>
    <pose>Unspecified</pose>
    <truncated>0</truncated>
    <difficult>0</difficult>
    <bndbox>
      <xmin>1410</xmin>
      <ymin>1145</ymin>
      <xmax>1784</xmax>
      <ymax>2445</ymax>
    </bndbox>
  </object>
</annotation>
