<annotation>
  <folder>0101</folder>
  <filename>155</filename>
  <path>/home/power/workspace/qj_power_images/img01/0101/155.JPG</path>
  <source>
    <database>Unknown</database>
  </source>
  <size>
    <width>5184</width>
    <height>3888</height>
    <depth>3</depth>
  </size>
  <segmented>0</segmented>
  <object>
    <name>powerline</name>
    <pose>Unspecified</pose>
    <truncated>0</truncated>
    <difficult>0</difficult>
    <bndbox>
      <xmin>275</xmin>
      <ymin>10</ymin>
      <xmax>1629</xmax>
      <ymax>1581</ymax>
    </bndbox>
  </object>
  <object>
    <name>powerline</name>
    <pose>Unspecified</pose>
    <truncated>0</truncated>
    <difficult>0</difficult>
    <bndbox>
      <xmin>1808</xmin>
      <ymin>27</ymin>
      <xmax>2104</xmax>
      <ymax>769</ymax>
    </bndbox>
  </object>
  <object>
    <name>powerline</name>
    <pose>Unspecified</pose>
    <truncated>0</truncated>
    <difficult>0</difficult>
    <bndbox>
      <xmin>3254</xmin>
      <ymin>14</ymin>
      <xmax>3350</xmax>
      <ymax>1369</ymax>
    </bndbox>
  </object>
  <object>
    <name>powerline</name>
    <pose>Unspecified</pose>
    <truncated>0</truncated>
    <difficult>0</difficult>
    <bndbox>
      <xmin>1662</xmin>
      <ymin>1631</ymin>
      <xmax>2171</xmax>
      <ymax>2923</ymax>
    </bndbox>
  </object>
  <object>
    <name>insulator</name>
    <pose>Unspecified</pose>
    <truncated>0</truncated>
    <difficult>0</difficult>
    <bndbox>
      <xmin>1637</xmin>
      <ymin>1427</ymin>
      <xmax>1712</xmax>
      <ymax>1610</ymax>
    </bndbox>
  </object>
  <object>
    <name>insulator</name>
    <pose>Unspecified</pose>
    <truncated>0</truncated>
    <difficult>0</difficult>
    <bndbox>
      <xmin>2442</xmin>
      <ymin>1444</ymin>
      <xmax>2508</xmax>
      <ymax>1610</ymax>
    </bndbox>
  </object>
  <object>
    <name>insulator</name>
    <pose>Unspecified</pose>
    <truncated>0</truncated>
    <difficult>0</difficult>
    <bndbox>
      <xmin>3237</xmin>
      <ymin>1477</ymin>
      <xmax>3312</xmax>
      <ymax>1652</ymax>
    </bndbox>
  </object>
  <object>
    <name>powerline</name>
    <pose>Unspecified</pose>
    <truncated>0</truncated>
    <difficult>0</difficult>
    <bndbox>
      <xmin>2937</xmin>
      <ymin>23</ymin>
      <xmax>3037</xmax>
      <ymax>794</ymax>
    </bndbox>
  </object>
</annotation>
