<annotation>
  <folder>0101</folder>
  <filename>157</filename>
  <path>/home/power/workspace/qj_power_images/img01/0101/157.JPG</path>
  <source>
    <database>Unknown</database>
  </source>
  <size>
    <width>3264</width>
    <height>2448</height>
    <depth>3</depth>
  </size>
  <segmented>0</segmented>
  <object>
    <name>powerline</name>
    <pose>Unspecified</pose>
    <truncated>0</truncated>
    <difficult>0</difficult>
    <bndbox>
      <xmin>1</xmin>
      <ymin>16</ymin>
      <xmax>808</xmax>
      <ymax>367</ymax>
    </bndbox>
  </object>
  <object>
    <name>powerline</name>
    <pose>Unspecified</pose>
    <truncated>0</truncated>
    <difficult>0</difficult>
    <bndbox>
      <xmin>1184</xmin>
      <ymin>5</ymin>
      <xmax>1487</xmax>
      <ymax>1129</ymax>
    </bndbox>
  </object>
  <object>
    <name>powerline</name>
    <pose>Unspecified</pose>
    <truncated>0</truncated>
    <difficult>0</difficult>
    <bndbox>
      <xmin>1739</xmin>
      <ymin>2</ymin>
      <xmax>1905</xmax>
      <ymax>926</ymax>
    </bndbox>
  </object>
  <object>
    <name>powerline</name>
    <pose>Unspecified</pose>
    <truncated>0</truncated>
    <difficult>0</difficult>
    <bndbox>
      <xmin>2168</xmin>
      <ymin>8</ymin>
      <xmax>2589</xmax>
      <ymax>784</ymax>
    </bndbox>
  </object>
  <object>
    <name>powerline</name>
    <pose>Unspecified</pose>
    <truncated>0</truncated>
    <difficult>0</difficult>
    <bndbox>
      <xmin>1955</xmin>
      <ymin>37</ymin>
      <xmax>2158</xmax>
      <ymax>645</ymax>
    </bndbox>
  </object>
</annotation>
