<annotation>
  <folder>0101</folder>
  <filename>158</filename>
  <path>/home/power/workspace/qj_power_images/img01/0101/158.JPG</path>
  <source>
    <database>Unknown</database>
  </source>
  <size>
    <width>3264</width>
    <height>2448</height>
    <depth>3</depth>
  </size>
  <segmented>0</segmented>
  <object>
    <name>powerline</name>
    <pose>Unspecified</pose>
    <truncated>0</truncated>
    <difficult>0</difficult>
    <bndbox>
      <xmin>905</xmin>
      <ymin>2</ymin>
      <xmax>1316</xmax>
      <ymax>674</ymax>
    </bndbox>
  </object>
  <object>
    <name>powerline</name>
    <pose>Unspecified</pose>
    <truncated>0</truncated>
    <difficult>0</difficult>
    <bndbox>
      <xmin>1329</xmin>
      <ymin>8</ymin>
      <xmax>1629</xmax>
      <ymax>805</ymax>
    </bndbox>
  </object>
  <object>
    <name>powerline</name>
    <pose>Unspecified</pose>
    <truncated>0</truncated>
    <difficult>0</difficult>
    <bndbox>
      <xmin>1600</xmin>
      <ymin>8</ymin>
      <xmax>1781</xmax>
      <ymax>855</ymax>
    </bndbox>
  </object>
  <object>
    <name>powerline</name>
    <pose>Unspecified</pose>
    <truncated>0</truncated>
    <difficult>0</difficult>
    <bndbox>
      <xmin>2113</xmin>
      <ymin>24</ymin>
      <xmax>2345</xmax>
      <ymax>934</ymax>
    </bndbox>
  </object>
  <object>
    <name>powerline</name>
    <pose>Unspecified</pose>
    <truncated>0</truncated>
    <difficult>0</difficult>
    <bndbox>
      <xmin>1</xmin>
      <ymin>8</ymin>
      <xmax>682</xmax>
      <ymax>597</ymax>
    </bndbox>
  </object>
  <object>
    <name>powerline</name>
    <pose>Unspecified</pose>
    <truncated>0</truncated>
    <difficult>0</difficult>
    <bndbox>
      <xmin>103</xmin>
      <ymin>697</ymin>
      <xmax>871</xmax>
      <ymax>1105</ymax>
    </bndbox>
  </object>
</annotation>
