<annotation>
  <folder>0101</folder>
  <filename>159</filename>
  <path>/home/power/workspace/qj_power_images/img01/0101/159.JPG</path>
  <source>
    <database>Unknown</database>
  </source>
  <size>
    <width>3264</width>
    <height>2448</height>
    <depth>3</depth>
  </size>
  <segmented>0</segmented>
  <object>
    <name>powerline</name>
    <pose>Unspecified</pose>
    <truncated>0</truncated>
    <difficult>0</difficult>
    <bndbox>
      <xmin>850</xmin>
      <ymin>1255</ymin>
      <xmax>1166</xmax>
      <ymax>2013</ymax>
    </bndbox>
  </object>
  <object>
    <name>powerline</name>
    <pose>Unspecified</pose>
    <truncated>0</truncated>
    <difficult>0</difficult>
    <bndbox>
      <xmin>2795</xmin>
      <ymin>771</ymin>
      <xmax>3108</xmax>
      <ymax>1374</ymax>
    </bndbox>
  </object>
</annotation>
