<annotation>
  <folder>0101</folder>
  <filename>16</filename>
  <path>/home/power/workspace/qj_power_images/img01/0101/16.JPG</path>
  <source>
    <database>Unknown</database>
  </source>
  <size>
    <width>4608</width>
    <height>3456</height>
    <depth>3</depth>
  </size>
  <segmented>0</segmented>
  <object>
    <name>powerline</name>
    <pose>Unspecified</pose>
    <truncated>0</truncated>
    <difficult>0</difficult>
    <bndbox>
      <xmin>1618</xmin>
      <ymin>16</ymin>
      <xmax>1849</xmax>
      <ymax>574</ymax>
    </bndbox>
  </object>
  <object>
    <name>powerline</name>
    <pose>Unspecified</pose>
    <truncated>0</truncated>
    <difficult>0</difficult>
    <bndbox>
      <xmin>1870</xmin>
      <ymin>618</ymin>
      <xmax>2104</xmax>
      <ymax>1151</ymax>
    </bndbox>
  </object>
  <object>
    <name>powerline</name>
    <pose>Unspecified</pose>
    <truncated>0</truncated>
    <difficult>0</difficult>
    <bndbox>
      <xmin>2610</xmin>
      <ymin>6</ymin>
      <xmax>2835</xmax>
      <ymax>731</ymax>
    </bndbox>
  </object>
  <object>
    <name>powerline</name>
    <pose>Unspecified</pose>
    <truncated>0</truncated>
    <difficult>0</difficult>
    <bndbox>
      <xmin>2062</xmin>
      <ymin>6</ymin>
      <xmax>2218</xmax>
      <ymax>599</ymax>
    </bndbox>
  </object>
  <object>
    <name>powerline</name>
    <pose>Unspecified</pose>
    <truncated>0</truncated>
    <difficult>0</difficult>
    <bndbox>
      <xmin>2233</xmin>
      <ymin>633</ymin>
      <xmax>2381</xmax>
      <ymax>1214</ymax>
    </bndbox>
  </object>
  <object>
    <name>insulator</name>
    <pose>Unspecified</pose>
    <truncated>0</truncated>
    <difficult>0</difficult>
    <bndbox>
      <xmin>2383</xmin>
      <ymin>1268</ymin>
      <xmax>2435</xmax>
      <ymax>1326</ymax>
    </bndbox>
  </object>
  <object>
    <name>insulator</name>
    <pose>Unspecified</pose>
    <truncated>0</truncated>
    <difficult>0</difficult>
    <bndbox>
      <xmin>2743</xmin>
      <ymin>1199</ymin>
      <xmax>2779</xmax>
      <ymax>1254</ymax>
    </bndbox>
  </object>
  <object>
    <name>insulator</name>
    <pose>Unspecified</pose>
    <truncated>0</truncated>
    <difficult>0</difficult>
    <bndbox>
      <xmin>2431</xmin>
      <ymin>1374</ymin>
      <xmax>2474</xmax>
      <ymax>1451</ymax>
    </bndbox>
  </object>
  <object>
    <name>insulator</name>
    <pose>Unspecified</pose>
    <truncated>0</truncated>
    <difficult>0</difficult>
    <bndbox>
      <xmin>2772</xmin>
      <ymin>1297</ymin>
      <xmax>2806</xmax>
      <ymax>1368</ymax>
    </bndbox>
  </object>
  <object>
    <name>insulator</name>
    <pose>Unspecified</pose>
    <truncated>0</truncated>
    <difficult>0</difficult>
    <bndbox>
      <xmin>2312</xmin>
      <ymin>1489</ymin>
      <xmax>2370</xmax>
      <ymax>1535</ymax>
    </bndbox>
  </object>
  <object>
    <name>insulator</name>
    <pose>Unspecified</pose>
    <truncated>0</truncated>
    <difficult>0</difficult>
    <bndbox>
      <xmin>2779</xmin>
      <ymin>1408</ymin>
      <xmax>2816</xmax>
      <ymax>1468</ymax>
    </bndbox>
  </object>
  <object>
    <name>insulator</name>
    <pose>Unspecified</pose>
    <truncated>0</truncated>
    <difficult>0</difficult>
    <bndbox>
      <xmin>2379</xmin>
      <ymin>1591</ymin>
      <xmax>2424</xmax>
      <ymax>1660</ymax>
    </bndbox>
  </object>
  <object>
    <name>insulator</name>
    <pose>Unspecified</pose>
    <truncated>0</truncated>
    <difficult>0</difficult>
    <bndbox>
      <xmin>2825</xmin>
      <ymin>1510</ymin>
      <xmax>2849</xmax>
      <ymax>1571</ymax>
    </bndbox>
  </object>
  <object>
    <name>insulator</name>
    <pose>Unspecified</pose>
    <truncated>0</truncated>
    <difficult>0</difficult>
    <bndbox>
      <xmin>2318</xmin>
      <ymin>1706</ymin>
      <xmax>2381</xmax>
      <ymax>1754</ymax>
    </bndbox>
  </object>
  <object>
    <name>insulator</name>
    <pose>Unspecified</pose>
    <truncated>0</truncated>
    <difficult>0</difficult>
    <bndbox>
      <xmin>2735</xmin>
      <ymin>1647</ymin>
      <xmax>2766</xmax>
      <ymax>1695</ymax>
    </bndbox>
  </object>
  <object>
    <name>insulator</name>
    <pose>Unspecified</pose>
    <truncated>0</truncated>
    <difficult>0</difficult>
    <bndbox>
      <xmin>2395</xmin>
      <ymin>1804</ymin>
      <xmax>2443</xmax>
      <ymax>1870</ymax>
    </bndbox>
  </object>
  <object>
    <name>insulator</name>
    <pose>Unspecified</pose>
    <truncated>0</truncated>
    <difficult>0</difficult>
    <bndbox>
      <xmin>2791</xmin>
      <ymin>1743</ymin>
      <xmax>2816</xmax>
      <ymax>1806</ymax>
    </bndbox>
  </object>
</annotation>
