<annotation>
  <folder>0101</folder>
  <filename>160</filename>
  <path>/home/power/workspace/qj_power_images/img01/0101/160.JPG</path>
  <source>
    <database>Unknown</database>
  </source>
  <size>
    <width>5184</width>
    <height>3888</height>
    <depth>3</depth>
  </size>
  <segmented>0</segmented>
  <object>
    <name>insulator</name>
    <pose>Unspecified</pose>
    <truncated>0</truncated>
    <difficult>0</difficult>
    <bndbox>
      <xmin>1190</xmin>
      <ymin>1336</ymin>
      <xmax>1270</xmax>
      <ymax>1564</ymax>
    </bndbox>
  </object>
  <object>
    <name>insulator</name>
    <pose>Unspecified</pose>
    <truncated>0</truncated>
    <difficult>0</difficult>
    <bndbox>
      <xmin>3146</xmin>
      <ymin>1312</ymin>
      <xmax>3218</xmax>
      <ymax>1540</ymax>
    </bndbox>
  </object>
  <object>
    <name>powerline</name>
    <pose>Unspecified</pose>
    <truncated>0</truncated>
    <difficult>0</difficult>
    <bndbox>
      <xmin>922</xmin>
      <ymin>8</ymin>
      <xmax>1210</xmax>
      <ymax>1196</ymax>
    </bndbox>
  </object>
  <object>
    <name>powerline</name>
    <pose>Unspecified</pose>
    <truncated>0</truncated>
    <difficult>0</difficult>
    <bndbox>
      <xmin>2238</xmin>
      <ymin>1</ymin>
      <xmax>2334</xmax>
      <ymax>1096</ymax>
    </bndbox>
  </object>
  <object>
    <name>powerline</name>
    <pose>Unspecified</pose>
    <truncated>0</truncated>
    <difficult>0</difficult>
    <bndbox>
      <xmin>3242</xmin>
      <ymin>4</ymin>
      <xmax>3710</xmax>
      <ymax>1172</ymax>
    </bndbox>
  </object>
</annotation>
