<annotation>
  <folder>0101</folder>
  <filename>161</filename>
  <path>/home/power/workspace/qj_power_images/img01/0101/161.JPG</path>
  <source>
    <database>Unknown</database>
  </source>
  <size>
    <width>5184</width>
    <height>3888</height>
    <depth>3</depth>
  </size>
  <segmented>0</segmented>
  <object>
    <name>insulator</name>
    <pose>Unspecified</pose>
    <truncated>0</truncated>
    <difficult>0</difficult>
    <bndbox>
      <xmin>1010</xmin>
      <ymin>2076</ymin>
      <xmax>1130</xmax>
      <ymax>2440</ymax>
    </bndbox>
  </object>
  <object>
    <name>insulator</name>
    <pose>Unspecified</pose>
    <truncated>0</truncated>
    <difficult>0</difficult>
    <bndbox>
      <xmin>4314</xmin>
      <ymin>2008</ymin>
      <xmax>4442</xmax>
      <ymax>2352</ymax>
    </bndbox>
  </object>
  <object>
    <name>insulator</name>
    <pose>Unspecified</pose>
    <truncated>0</truncated>
    <difficult>0</difficult>
    <bndbox>
      <xmin>1682</xmin>
      <ymin>2692</ymin>
      <xmax>1746</xmax>
      <ymax>2872</ymax>
    </bndbox>
  </object>
  <object>
    <name>insulator</name>
    <pose>Unspecified</pose>
    <truncated>0</truncated>
    <difficult>0</difficult>
    <bndbox>
      <xmin>2350</xmin>
      <ymin>2660</ymin>
      <xmax>2406</xmax>
      <ymax>2836</ymax>
    </bndbox>
  </object>
  <object>
    <name>insulator</name>
    <pose>Unspecified</pose>
    <truncated>0</truncated>
    <difficult>0</difficult>
    <bndbox>
      <xmin>3018</xmin>
      <ymin>2652</ymin>
      <xmax>3074</xmax>
      <ymax>2792</ymax>
    </bndbox>
  </object>
  <object>
    <name>insulator</name>
    <pose>Unspecified</pose>
    <truncated>0</truncated>
    <difficult>0</difficult>
    <bndbox>
      <xmin>2670</xmin>
      <ymin>2120</ymin>
      <xmax>2774</xmax>
      <ymax>2388</ymax>
    </bndbox>
  </object>
  <object>
    <name>powerline</name>
    <pose>Unspecified</pose>
    <truncated>0</truncated>
    <difficult>0</difficult>
    <bndbox>
      <xmin>526</xmin>
      <ymin>1</ymin>
      <xmax>1030</xmax>
      <ymax>1920</ymax>
    </bndbox>
  </object>
  <object>
    <name>powerline</name>
    <pose>Unspecified</pose>
    <truncated>0</truncated>
    <difficult>0</difficult>
    <bndbox>
      <xmin>2742</xmin>
      <ymin>12</ymin>
      <xmax>2866</xmax>
      <ymax>1748</ymax>
    </bndbox>
  </object>
  <object>
    <name>powerline</name>
    <pose>Unspecified</pose>
    <truncated>0</truncated>
    <difficult>0</difficult>
    <bndbox>
      <xmin>4458</xmin>
      <ymin>12</ymin>
      <xmax>5138</xmax>
      <ymax>1744</ymax>
    </bndbox>
  </object>
</annotation>
