<annotation>
  <folder>0101</folder>
  <filename>162</filename>
  <path>/home/power/workspace/qj_power_images/img01/0101/162.JPG</path>
  <source>
    <database>Unknown</database>
  </source>
  <size>
    <width>3264</width>
    <height>2448</height>
    <depth>3</depth>
  </size>
  <segmented>0</segmented>
  <object>
    <name>powerline</name>
    <pose>Unspecified</pose>
    <truncated>0</truncated>
    <difficult>0</difficult>
    <bndbox>
      <xmin>971</xmin>
      <ymin>3</ymin>
      <xmax>1387</xmax>
      <ymax>924</ymax>
    </bndbox>
  </object>
  <object>
    <name>powerline</name>
    <pose>Unspecified</pose>
    <truncated>0</truncated>
    <difficult>0</difficult>
    <bndbox>
      <xmin>1984</xmin>
      <ymin>8</ymin>
      <xmax>2258</xmax>
      <ymax>772</ymax>
    </bndbox>
  </object>
  <object>
    <name>powerline</name>
    <pose>Unspecified</pose>
    <truncated>0</truncated>
    <difficult>0</difficult>
    <bndbox>
      <xmin>1610</xmin>
      <ymin>3</ymin>
      <xmax>1669</xmax>
      <ymax>934</ymax>
    </bndbox>
  </object>
</annotation>
