<annotation>
  <folder>0101</folder>
  <filename>163</filename>
  <path>/home/power/workspace/qj_power_images/img01/0101/163.JPG</path>
  <source>
    <database>Unknown</database>
  </source>
  <size>
    <width>3264</width>
    <height>2448</height>
    <depth>3</depth>
  </size>
  <segmented>0</segmented>
  <object>
    <name>powerline</name>
    <pose>Unspecified</pose>
    <truncated>0</truncated>
    <difficult>0</difficult>
    <bndbox>
      <xmin>1061</xmin>
      <ymin>18</ymin>
      <xmax>1279</xmax>
      <ymax>749</ymax>
    </bndbox>
  </object>
  <object>
    <name>powerline</name>
    <pose>Unspecified</pose>
    <truncated>0</truncated>
    <difficult>0</difficult>
    <bndbox>
      <xmin>1651</xmin>
      <ymin>3</ymin>
      <xmax>1712</xmax>
      <ymax>788</ymax>
    </bndbox>
  </object>
  <object>
    <name>powerline</name>
    <pose>Unspecified</pose>
    <truncated>0</truncated>
    <difficult>0</difficult>
    <bndbox>
      <xmin>2020</xmin>
      <ymin>11</ymin>
      <xmax>2387</xmax>
      <ymax>772</ymax>
    </bndbox>
  </object>
  <object>
    <name>powerline</name>
    <pose>Unspecified</pose>
    <truncated>0</truncated>
    <difficult>0</difficult>
    <bndbox>
      <xmin>1358</xmin>
      <ymin>3</ymin>
      <xmax>1461</xmax>
      <ymax>824</ymax>
    </bndbox>
  </object>
</annotation>
