<annotation>
  <folder>0101</folder>
  <filename>164</filename>
  <path> </path>
  <source>
    <database>Unknown</database>
  </source>
  <size>
    <width>3264</width>
    <height>2448</height>
    <depth>3</depth>
  </size>
  <segmented>0</segmented>
  <object>
    <name>powerline</name>
    <pose>Unspecified</pose>
    <truncated>0</truncated>
    <difficult>0</difficult>
    <bndbox>
      <xmin>225</xmin>
      <ymin>6</ymin>
      <xmax>282</xmax>
      <ymax>577</ymax>
    </bndbox>
  </object>
  <object>
    <name>powerline</name>
    <pose>Unspecified</pose>
    <truncated>0</truncated>
    <difficult>0</difficult>
    <bndbox>
      <xmin>1697</xmin>
      <ymin>1321</ymin>
      <xmax>1825</xmax>
      <ymax>2154</ymax>
    </bndbox>
  </object>
</annotation>
