<annotation>
  <folder>0101</folder>
  <filename>165</filename>
  <path>/home/power/workspace/qj_power_images/img01/0101/165.JPG</path>
  <source>
    <database>Unknown</database>
  </source>
  <size>
    <width>5184</width>
    <height>3888</height>
    <depth>3</depth>
  </size>
  <segmented>0</segmented>
  <object>
    <name>powerline</name>
    <pose>Unspecified</pose>
    <truncated>0</truncated>
    <difficult>0</difficult>
    <bndbox>
      <xmin>1362</xmin>
      <ymin>24</ymin>
      <xmax>1746</xmax>
      <ymax>960</ymax>
    </bndbox>
  </object>
  <object>
    <name>powerline</name>
    <pose>Unspecified</pose>
    <truncated>0</truncated>
    <difficult>0</difficult>
    <bndbox>
      <xmin>2346</xmin>
      <ymin>1</ymin>
      <xmax>2458</xmax>
      <ymax>904</ymax>
    </bndbox>
  </object>
  <object>
    <name>powerline</name>
    <pose>Unspecified</pose>
    <truncated>0</truncated>
    <difficult>0</difficult>
    <bndbox>
      <xmin>2794</xmin>
      <ymin>12</ymin>
      <xmax>2906</xmax>
      <ymax>568</ymax>
    </bndbox>
  </object>
  <object>
    <name>powerline</name>
    <pose>Unspecified</pose>
    <truncated>0</truncated>
    <difficult>0</difficult>
    <bndbox>
      <xmin>3062</xmin>
      <ymin>20</ymin>
      <xmax>3414</xmax>
      <ymax>1004</ymax>
    </bndbox>
  </object>
  <object>
    <name>powerline</name>
    <pose>Unspecified</pose>
    <truncated>0</truncated>
    <difficult>0</difficult>
    <bndbox>
      <xmin>1870</xmin>
      <ymin>12</ymin>
      <xmax>2038</xmax>
      <ymax>588</ymax>
    </bndbox>
  </object>
  <object>
    <name>insulator</name>
    <pose>Unspecified</pose>
    <truncated>0</truncated>
    <difficult>0</difficult>
    <bndbox>
      <xmin>1790</xmin>
      <ymin>1035</ymin>
      <xmax>1837</xmax>
      <ymax>1157</ymax>
    </bndbox>
  </object>
  <object>
    <name>insulator</name>
    <pose>Unspecified</pose>
    <truncated>0</truncated>
    <difficult>0</difficult>
    <bndbox>
      <xmin>2393</xmin>
      <ymin>1039</ymin>
      <xmax>2437</xmax>
      <ymax>1146</ymax>
    </bndbox>
  </object>
  <object>
    <name>insulator</name>
    <pose>Unspecified</pose>
    <truncated>0</truncated>
    <difficult>0</difficult>
    <bndbox>
      <xmin>2988</xmin>
      <ymin>1030</ymin>
      <xmax>3033</xmax>
      <ymax>1152</ymax>
    </bndbox>
  </object>
</annotation>
