<annotation>
  <folder>0101</folder>
  <filename>166</filename>
  <path>/home/power/workspace/qj_power_images/img01/0101/166.JPG</path>
  <source>
    <database>Unknown</database>
  </source>
  <size>
    <width>5184</width>
    <height>3888</height>
    <depth>3</depth>
  </size>
  <segmented>0</segmented>
  <object>
    <name>insulator</name>
    <pose>Unspecified</pose>
    <truncated>0</truncated>
    <difficult>0</difficult>
    <bndbox>
      <xmin>702</xmin>
      <ymin>1956</ymin>
      <xmax>826</xmax>
      <ymax>2280</ymax>
    </bndbox>
  </object>
  <object>
    <name>insulator</name>
    <pose>Unspecified</pose>
    <truncated>0</truncated>
    <difficult>0</difficult>
    <bndbox>
      <xmin>2466</xmin>
      <ymin>1916</ymin>
      <xmax>2586</xmax>
      <ymax>2248</ymax>
    </bndbox>
  </object>
  <object>
    <name>insulator</name>
    <pose>Unspecified</pose>
    <truncated>0</truncated>
    <difficult>0</difficult>
    <bndbox>
      <xmin>4206</xmin>
      <ymin>1864</ymin>
      <xmax>4338</xmax>
      <ymax>2152</ymax>
    </bndbox>
  </object>
  <object>
    <name>powerline</name>
    <pose>Unspecified</pose>
    <truncated>0</truncated>
    <difficult>0</difficult>
    <bndbox>
      <xmin>14</xmin>
      <ymin>428</ymin>
      <xmax>638</xmax>
      <ymax>1972</ymax>
    </bndbox>
  </object>
  <object>
    <name>powerline</name>
    <pose>Unspecified</pose>
    <truncated>0</truncated>
    <difficult>0</difficult>
    <bndbox>
      <xmin>1214</xmin>
      <ymin>16</ymin>
      <xmax>1350</xmax>
      <ymax>668</ymax>
    </bndbox>
  </object>
  <object>
    <name>powerline</name>
    <pose>Unspecified</pose>
    <truncated>0</truncated>
    <difficult>0</difficult>
    <bndbox>
      <xmin>2318</xmin>
      <ymin>12</ymin>
      <xmax>2574</xmax>
      <ymax>1524</ymax>
    </bndbox>
  </object>
  <object>
    <name>powerline</name>
    <pose>Unspecified</pose>
    <truncated>0</truncated>
    <difficult>0</difficult>
    <bndbox>
      <xmin>4398</xmin>
      <ymin>20</ymin>
      <xmax>4994</xmax>
      <ymax>1820</ymax>
    </bndbox>
  </object>
  <object>
    <name>powerline</name>
    <pose>Unspecified</pose>
    <truncated>0</truncated>
    <difficult>0</difficult>
    <bndbox>
      <xmin>754</xmin>
      <ymin>2336</ymin>
      <xmax>1122</xmax>
      <ymax>3880</ymax>
    </bndbox>
  </object>
  <object>
    <name>powerline</name>
    <pose>Unspecified</pose>
    <truncated>0</truncated>
    <difficult>0</difficult>
    <bndbox>
      <xmin>2466</xmin>
      <ymin>2280</ymin>
      <xmax>2622</xmax>
      <ymax>3040</ymax>
    </bndbox>
  </object>
  <object>
    <name>powerline</name>
    <pose>Unspecified</pose>
    <truncated>0</truncated>
    <difficult>0</difficult>
    <bndbox>
      <xmin>3298</xmin>
      <ymin>2060</ymin>
      <xmax>3498</xmax>
      <ymax>3880</ymax>
    </bndbox>
  </object>
  <object>
    <name>powerline</name>
    <pose>Unspecified</pose>
    <truncated>0</truncated>
    <difficult>0</difficult>
    <bndbox>
      <xmin>4006</xmin>
      <ymin>2228</ymin>
      <xmax>4278</xmax>
      <ymax>3852</ymax>
    </bndbox>
  </object>
</annotation>
