<annotation>
  <folder>0101</folder>
  <filename>167</filename>
  <path>/home/power/workspace/qj_power_images/img01/0101/167.JPG</path>
  <source>
    <database>Unknown</database>
  </source>
  <size>
    <width>3264</width>
    <height>2448</height>
    <depth>3</depth>
  </size>
  <segmented>0</segmented>
  <object>
    <name>powerline</name>
    <pose>Unspecified</pose>
    <truncated>0</truncated>
    <difficult>0</difficult>
    <bndbox>
      <xmin>1628</xmin>
      <ymin>1</ymin>
      <xmax>1751</xmax>
      <ymax>815</ymax>
    </bndbox>
  </object>
  <object>
    <name>powerline</name>
    <pose>Unspecified</pose>
    <truncated>0</truncated>
    <difficult>0</difficult>
    <bndbox>
      <xmin>1979</xmin>
      <ymin>1</ymin>
      <xmax>2223</xmax>
      <ymax>1072</ymax>
    </bndbox>
  </object>
  <object>
    <name>powerline</name>
    <pose>Unspecified</pose>
    <truncated>0</truncated>
    <difficult>0</difficult>
    <bndbox>
      <xmin>2353</xmin>
      <ymin>6</ymin>
      <xmax>2856</xmax>
      <ymax>1049</ymax>
    </bndbox>
  </object>
</annotation>
