<annotation>
  <folder>0101</folder>
  <filename>168</filename>
  <path>/home/power/workspace/qj_power_images/img01/0101/168.JPG</path>
  <source>
    <database>Unknown</database>
  </source>
  <size>
    <width>3264</width>
    <height>2448</height>
    <depth>3</depth>
  </size>
  <segmented>0</segmented>
  <object>
    <name>powerline</name>
    <pose>Unspecified</pose>
    <truncated>0</truncated>
    <difficult>0</difficult>
    <bndbox>
      <xmin>1225</xmin>
      <ymin>8</ymin>
      <xmax>1582</xmax>
      <ymax>913</ymax>
    </bndbox>
  </object>
  <object>
    <name>powerline</name>
    <pose>Unspecified</pose>
    <truncated>0</truncated>
    <difficult>0</difficult>
    <bndbox>
      <xmin>1753</xmin>
      <ymin>3</ymin>
      <xmax>1861</xmax>
      <ymax>806</ymax>
    </bndbox>
  </object>
  <object>
    <name>powerline</name>
    <pose>Unspecified</pose>
    <truncated>0</truncated>
    <difficult>0</difficult>
    <bndbox>
      <xmin>2092</xmin>
      <ymin>11</ymin>
      <xmax>2220</xmax>
      <ymax>977</ymax>
    </bndbox>
  </object>
</annotation>
