<annotation>
  <folder>0101</folder>
  <filename>169</filename>
  <path>/home/power/workspace/qj_power_images/img01/0101/169.JPG</path>
  <source>
    <database>Unknown</database>
  </source>
  <size>
    <width>5184</width>
    <height>3888</height>
    <depth>3</depth>
  </size>
  <segmented>0</segmented>
  <object>
    <name>insulator</name>
    <pose>Unspecified</pose>
    <truncated>0</truncated>
    <difficult>0</difficult>
    <bndbox>
      <xmin>1556</xmin>
      <ymin>1368</ymin>
      <xmax>1700</xmax>
      <ymax>1436</ymax>
    </bndbox>
  </object>
  <object>
    <name>insulator</name>
    <pose>Unspecified</pose>
    <truncated>0</truncated>
    <difficult>0</difficult>
    <bndbox>
      <xmin>1762</xmin>
      <ymin>850</ymin>
      <xmax>1864</xmax>
      <ymax>1008</ymax>
    </bndbox>
  </object>
  <object>
    <name>insulator</name>
    <pose>Unspecified</pose>
    <truncated>0</truncated>
    <difficult>0</difficult>
    <bndbox>
      <xmin>2488</xmin>
      <ymin>1426</ymin>
      <xmax>2633</xmax>
      <ymax>1504</ymax>
    </bndbox>
  </object>
  <object>
    <name>insulator</name>
    <pose>Unspecified</pose>
    <truncated>0</truncated>
    <difficult>0</difficult>
    <bndbox>
      <xmin>2666</xmin>
      <ymin>1410</ymin>
      <xmax>2755</xmax>
      <ymax>1570</ymax>
    </bndbox>
  </object>
  <object>
    <name>powerline</name>
    <pose>Unspecified</pose>
    <truncated>0</truncated>
    <difficult>0</difficult>
    <bndbox>
      <xmin>537</xmin>
      <ymin>10</ymin>
      <xmax>1337</xmax>
      <ymax>899</ymax>
    </bndbox>
  </object>
  <object>
    <name>powerline</name>
    <pose>Unspecified</pose>
    <truncated>0</truncated>
    <difficult>0</difficult>
    <bndbox>
      <xmin>1782</xmin>
      <ymin>6</ymin>
      <xmax>2050</xmax>
      <ymax>661</ymax>
    </bndbox>
  </object>
  <object>
    <name>powerline</name>
    <pose>Unspecified</pose>
    <truncated>0</truncated>
    <difficult>0</difficult>
    <bndbox>
      <xmin>2617</xmin>
      <ymin>1</ymin>
      <xmax>2759</xmax>
      <ymax>1115</ymax>
    </bndbox>
  </object>
  <object>
    <name>powerline</name>
    <pose>Unspecified</pose>
    <truncated>0</truncated>
    <difficult>0</difficult>
    <bndbox>
      <xmin>2442</xmin>
      <ymin>10</ymin>
      <xmax>2570</xmax>
      <ymax>692</ymax>
    </bndbox>
  </object>
  <object>
    <name>powerline</name>
    <pose>Unspecified</pose>
    <truncated>0</truncated>
    <difficult>0</difficult>
    <bndbox>
      <xmin>37</xmin>
      <ymin>959</ymin>
      <xmax>1062</xmax>
      <ymax>1268</ymax>
    </bndbox>
  </object>
  <object>
    <name>powerline</name>
    <pose>Unspecified</pose>
    <truncated>0</truncated>
    <difficult>0</difficult>
    <bndbox>
      <xmin>37</xmin>
      <ymin>1470</ymin>
      <xmax>1406</xmax>
      <ymax>1859</ymax>
    </bndbox>
  </object>
  <object>
    <name>powerline</name>
    <pose>Unspecified</pose>
    <truncated>0</truncated>
    <difficult>0</difficult>
    <bndbox>
      <xmin>79</xmin>
      <ymin>1699</ymin>
      <xmax>1690</xmax>
      <ymax>2099</ymax>
    </bndbox>
  </object>
</annotation>
