<annotation>
  <folder>0101</folder>
  <filename>17</filename>
  <path>/home/power/workspace/qj_power_images/img01/0101/17.JPG</path>
  <source>
    <database>Unknown</database>
  </source>
  <size>
    <width>4608</width>
    <height>3456</height>
    <depth>3</depth>
  </size>
  <segmented>0</segmented>
  <object>
    <name>powerline</name>
    <pose>Unspecified</pose>
    <truncated>0</truncated>
    <difficult>0</difficult>
    <bndbox>
      <xmin>780</xmin>
      <ymin>17</ymin>
      <xmax>1645</xmax>
      <ymax>2385</ymax>
    </bndbox>
  </object>
  <object>
    <name>hammer</name>
    <pose>Unspecified</pose>
    <truncated>0</truncated>
    <difficult>0</difficult>
    <bndbox>
      <xmin>1696</xmin>
      <ymin>1763</ymin>
      <xmax>1730</xmax>
      <ymax>1829</ymax>
    </bndbox>
  </object>
  <object>
    <name>hammer</name>
    <pose>Unspecified</pose>
    <truncated>0</truncated>
    <difficult>0</difficult>
    <bndbox>
      <xmin>1959</xmin>
      <ymin>1071</ymin>
      <xmax>1985</xmax>
      <ymax>1131</ymax>
    </bndbox>
  </object>
  <object>
    <name>insulator</name>
    <pose>Unspecified</pose>
    <truncated>0</truncated>
    <difficult>0</difficult>
    <bndbox>
      <xmin>1935</xmin>
      <ymin>1233</ymin>
      <xmax>2106</xmax>
      <ymax>1392</ymax>
    </bndbox>
  </object>
  <object>
    <name>insulator</name>
    <pose>Unspecified</pose>
    <truncated>0</truncated>
    <difficult>0</difficult>
    <bndbox>
      <xmin>2059</xmin>
      <ymin>1595</ymin>
      <xmax>2206</xmax>
      <ymax>1791</ymax>
    </bndbox>
  </object>
  <object>
    <name>insulator</name>
    <pose>Unspecified</pose>
    <truncated>0</truncated>
    <difficult>0</difficult>
    <bndbox>
      <xmin>1862</xmin>
      <ymin>2237</ymin>
      <xmax>2017</xmax>
      <ymax>2444</ymax>
    </bndbox>
  </object>
  <object>
    <name>hammer</name>
    <pose>Unspecified</pose>
    <truncated>0</truncated>
    <difficult>0</difficult>
    <bndbox>
      <xmin>1671</xmin>
      <ymin>2472</ymin>
      <xmax>1707</xmax>
      <ymax>2529</ymax>
    </bndbox>
  </object>
  <object>
    <name>insulator</name>
    <pose>Unspecified</pose>
    <truncated>0</truncated>
    <difficult>0</difficult>
    <bndbox>
      <xmin>1662</xmin>
      <ymin>2587</ymin>
      <xmax>1850</xmax>
      <ymax>2715</ymax>
    </bndbox>
  </object>
  <object>
    <name>insulator</name>
    <pose>Unspecified</pose>
    <truncated>0</truncated>
    <difficult>0</difficult>
    <bndbox>
      <xmin>1885</xmin>
      <ymin>2924</ymin>
      <xmax>2041</xmax>
      <ymax>3116</ymax>
    </bndbox>
  </object>
  <object>
    <name>hammer</name>
    <pose>Unspecified</pose>
    <truncated>0</truncated>
    <difficult>0</difficult>
    <bndbox>
      <xmin>1918</xmin>
      <ymin>3244</ymin>
      <xmax>1943</xmax>
      <ymax>3296</ymax>
    </bndbox>
  </object>
  <object>
    <name>powerline</name>
    <pose>Unspecified</pose>
    <truncated>0</truncated>
    <difficult>0</difficult>
    <bndbox>
      <xmin>1849</xmin>
      <ymin>530</ymin>
      <xmax>1960</xmax>
      <ymax>1041</ymax>
    </bndbox>
  </object>
  <object>
    <name>insulator</name>
    <pose>Unspecified</pose>
    <truncated>0</truncated>
    <difficult>0</difficult>
    <bndbox>
      <xmin>1685</xmin>
      <ymin>1897</ymin>
      <xmax>1864</xmax>
      <ymax>2048</ymax>
    </bndbox>
  </object>
  <object>
    <name>insulator</name>
    <pose>Unspecified</pose>
    <truncated>0</truncated>
    <difficult>0</difficult>
    <bndbox>
      <xmin>3073</xmin>
      <ymin>1099</ymin>
      <xmax>3148</xmax>
      <ymax>1263</ymax>
    </bndbox>
  </object>
  <object>
    <name>insulator</name>
    <pose>Unspecified</pose>
    <truncated>0</truncated>
    <difficult>0</difficult>
    <bndbox>
      <xmin>3159</xmin>
      <ymin>1399</ymin>
      <xmax>3237</xmax>
      <ymax>1628</ymax>
    </bndbox>
  </object>
  <object>
    <name>insulator</name>
    <pose>Unspecified</pose>
    <truncated>0</truncated>
    <difficult>0</difficult>
    <bndbox>
      <xmin>3166</xmin>
      <ymin>1735</ymin>
      <xmax>3245</xmax>
      <ymax>1903</ymax>
    </bndbox>
  </object>
  <object>
    <name>insulator</name>
    <pose>Unspecified</pose>
    <truncated>0</truncated>
    <difficult>0</difficult>
    <bndbox>
      <xmin>3270</xmin>
      <ymin>2056</ymin>
      <xmax>3355</xmax>
      <ymax>2260</ymax>
    </bndbox>
  </object>
  <object>
    <name>insulator</name>
    <pose>Unspecified</pose>
    <truncated>0</truncated>
    <difficult>0</difficult>
    <bndbox>
      <xmin>2984</xmin>
      <ymin>2474</ymin>
      <xmax>3073</xmax>
      <ymax>2610</ymax>
    </bndbox>
  </object>
  <object>
    <name>insulator</name>
    <pose>Unspecified</pose>
    <truncated>0</truncated>
    <difficult>0</difficult>
    <bndbox>
      <xmin>3134</xmin>
      <ymin>2774</ymin>
      <xmax>3216</xmax>
      <ymax>2988</ymax>
    </bndbox>
  </object>
  <object>
    <name>hammer</name>
    <pose>Unspecified</pose>
    <truncated>0</truncated>
    <difficult>0</difficult>
    <bndbox>
      <xmin>3095</xmin>
      <ymin>924</ymin>
      <xmax>3126</xmax>
      <ymax>974</ymax>
    </bndbox>
  </object>
  <object>
    <name>hammer</name>
    <pose>Unspecified</pose>
    <truncated>0</truncated>
    <difficult>0</difficult>
    <bndbox>
      <xmin>2408</xmin>
      <ymin>933</ymin>
      <xmax>2435</xmax>
      <ymax>981</ymax>
    </bndbox>
  </object>
  <object>
    <name>hammer</name>
    <pose>Unspecified</pose>
    <truncated>0</truncated>
    <difficult>0</difficult>
    <bndbox>
      <xmin>2437</xmin>
      <ymin>933</ymin>
      <xmax>2460</xmax>
      <ymax>991</ymax>
    </bndbox>
  </object>
  <object>
    <name>hammer</name>
    <pose>Unspecified</pose>
    <truncated>0</truncated>
    <difficult>0</difficult>
    <bndbox>
      <xmin>3006</xmin>
      <ymin>2349</ymin>
      <xmax>3033</xmax>
      <ymax>2391</ymax>
    </bndbox>
  </object>
  <object>
    <name>hammer</name>
    <pose>Unspecified</pose>
    <truncated>0</truncated>
    <difficult>0</difficult>
    <bndbox>
      <xmin>3264</xmin>
      <ymin>2422</ymin>
      <xmax>3297</xmax>
      <ymax>2495</ymax>
    </bndbox>
  </object>
</annotation>
