<annotation>
  <folder>0101</folder>
  <filename>170</filename>
  <path>/home/power/workspace/qj_power_images/img01/0101/170.JPG</path>
  <source>
    <database>Unknown</database>
  </source>
  <size>
    <width>5184</width>
    <height>3888</height>
    <depth>3</depth>
  </size>
  <segmented>0</segmented>
  <object>
    <name>insulator</name>
    <pose>Unspecified</pose>
    <truncated>0</truncated>
    <difficult>0</difficult>
    <bndbox>
      <xmin>686</xmin>
      <ymin>2920</ymin>
      <xmax>1074</xmax>
      <ymax>3136</ymax>
    </bndbox>
  </object>
  <object>
    <name>insulator</name>
    <pose>Unspecified</pose>
    <truncated>0</truncated>
    <difficult>0</difficult>
    <bndbox>
      <xmin>1278</xmin>
      <ymin>1480</ymin>
      <xmax>1550</xmax>
      <ymax>1920</ymax>
    </bndbox>
  </object>
  <object>
    <name>insulator</name>
    <pose>Unspecified</pose>
    <truncated>0</truncated>
    <difficult>0</difficult>
    <bndbox>
      <xmin>3290</xmin>
      <ymin>3032</ymin>
      <xmax>3686</xmax>
      <ymax>3232</ymax>
    </bndbox>
  </object>
  <object>
    <name>insulator</name>
    <pose>Unspecified</pose>
    <truncated>0</truncated>
    <difficult>0</difficult>
    <bndbox>
      <xmin>3826</xmin>
      <ymin>3000</ymin>
      <xmax>4058</xmax>
      <ymax>3412</ymax>
    </bndbox>
  </object>
  <object>
    <name>hammer</name>
    <pose>Unspecified</pose>
    <truncated>0</truncated>
    <difficult>0</difficult>
    <bndbox>
      <xmin>322</xmin>
      <ymin>3212</ymin>
      <xmax>430</xmax>
      <ymax>3264</ymax>
    </bndbox>
  </object>
  <object>
    <name>hammer</name>
    <pose>Unspecified</pose>
    <truncated>0</truncated>
    <difficult>0</difficult>
    <bndbox>
      <xmin>1415</xmin>
      <ymin>1148</ymin>
      <xmax>1495</xmax>
      <ymax>1199</ymax>
    </bndbox>
  </object>
  <object>
    <name>powerline</name>
    <pose>Unspecified</pose>
    <truncated>0</truncated>
    <difficult>0</difficult>
    <bndbox>
      <xmin>1446</xmin>
      <ymin>1</ymin>
      <xmax>2046</xmax>
      <ymax>948</ymax>
    </bndbox>
  </object>
  <object>
    <name>powerline</name>
    <pose>Unspecified</pose>
    <truncated>0</truncated>
    <difficult>0</difficult>
    <bndbox>
      <xmin>79</xmin>
      <ymin>1228</ymin>
      <xmax>1255</xmax>
      <ymax>1590</ymax>
    </bndbox>
  </object>
  <object>
    <name>powerline</name>
    <pose>Unspecified</pose>
    <truncated>0</truncated>
    <difficult>0</difficult>
    <bndbox>
      <xmin>44</xmin>
      <ymin>1604</ymin>
      <xmax>1257</xmax>
      <ymax>2730</ymax>
    </bndbox>
  </object>
  <object>
    <name>powerline</name>
    <pose>Unspecified</pose>
    <truncated>0</truncated>
    <difficult>0</difficult>
    <bndbox>
      <xmin>3210</xmin>
      <ymin>1</ymin>
      <xmax>3942</xmax>
      <ymax>993</ymax>
    </bndbox>
  </object>
  <object>
    <name>powerline</name>
    <pose>Unspecified</pose>
    <truncated>0</truncated>
    <difficult>0</difficult>
    <bndbox>
      <xmin>3830</xmin>
      <ymin>1032</ymin>
      <xmax>4090</xmax>
      <ymax>2786</ymax>
    </bndbox>
  </object>
</annotation>
