<annotation>
  <folder>0101</folder>
  <filename>171</filename>
  <path>/home/power/workspace/qj_power_images/img01/0101/171.JPG</path>
  <source>
    <database>Unknown</database>
  </source>
  <size>
    <width>3264</width>
    <height>2448</height>
    <depth>3</depth>
  </size>
  <segmented>0</segmented>
  <object>
    <name>powerline</name>
    <pose>Unspecified</pose>
    <truncated>0</truncated>
    <difficult>0</difficult>
    <bndbox>
      <xmin>1192</xmin>
      <ymin>18</ymin>
      <xmax>1333</xmax>
      <ymax>662</ymax>
    </bndbox>
  </object>
  <object>
    <name>powerline</name>
    <pose>Unspecified</pose>
    <truncated>0</truncated>
    <difficult>0</difficult>
    <bndbox>
      <xmin>1605</xmin>
      <ymin>1</ymin>
      <xmax>1728</xmax>
      <ymax>689</ymax>
    </bndbox>
  </object>
  <object>
    <name>powerline</name>
    <pose>Unspecified</pose>
    <truncated>0</truncated>
    <difficult>0</difficult>
    <bndbox>
      <xmin>1938</xmin>
      <ymin>3</ymin>
      <xmax>2235</xmax>
      <ymax>636</ymax>
    </bndbox>
  </object>
</annotation>
