<annotation>
  <folder>0101</folder>
  <filename>172</filename>
  <path>/home/power/workspace/qj_power_images/img01/0101/172.JPG</path>
  <source>
    <database>Unknown</database>
  </source>
  <size>
    <width>3264</width>
    <height>2448</height>
    <depth>3</depth>
  </size>
  <segmented>0</segmented>
  <object>
    <name>powerline</name>
    <pose>Unspecified</pose>
    <truncated>0</truncated>
    <difficult>0</difficult>
    <bndbox>
      <xmin>887</xmin>
      <ymin>3</ymin>
      <xmax>1097</xmax>
      <ymax>565</ymax>
    </bndbox>
  </object>
  <object>
    <name>powerline</name>
    <pose>Unspecified</pose>
    <truncated>0</truncated>
    <difficult>0</difficult>
    <bndbox>
      <xmin>2292</xmin>
      <ymin>1</ymin>
      <xmax>2636</xmax>
      <ymax>521</ymax>
    </bndbox>
  </object>
</annotation>
