<annotation>
  <folder>0101</folder>
  <filename>173</filename>
  <path>/home/power/workspace/qj_power_images/img01/0101/173.JPG</path>
  <source>
    <database>Unknown</database>
  </source>
  <size>
    <width>3888</width>
    <height>5184</height>
    <depth>3</depth>
  </size>
  <segmented>0</segmented>
  <object>
    <name>insulator</name>
    <pose>Unspecified</pose>
    <truncated>0</truncated>
    <difficult>0</difficult>
    <bndbox>
      <xmin>1382</xmin>
      <ymin>984</ymin>
      <xmax>1441</xmax>
      <ymax>1146</ymax>
    </bndbox>
  </object>
  <object>
    <name>insulator</name>
    <pose>Unspecified</pose>
    <truncated>0</truncated>
    <difficult>0</difficult>
    <bndbox>
      <xmin>1822</xmin>
      <ymin>491</ymin>
      <xmax>1918</xmax>
      <ymax>644</ymax>
    </bndbox>
  </object>
  <object>
    <name>insulator</name>
    <pose>Unspecified</pose>
    <truncated>0</truncated>
    <difficult>0</difficult>
    <bndbox>
      <xmin>2301</xmin>
      <ymin>899</ymin>
      <xmax>2379</xmax>
      <ymax>1060</ymax>
    </bndbox>
  </object>
  <object>
    <name>powerline</name>
    <pose>Unspecified</pose>
    <truncated>0</truncated>
    <difficult>0</difficult>
    <bndbox>
      <xmin>794</xmin>
      <ymin>94</ymin>
      <xmax>1306</xmax>
      <ymax>965</ymax>
    </bndbox>
  </object>
  <object>
    <name>powerline</name>
    <pose>Unspecified</pose>
    <truncated>0</truncated>
    <difficult>0</difficult>
    <bndbox>
      <xmin>1675</xmin>
      <ymin>1</ymin>
      <xmax>1803</xmax>
      <ymax>366</ymax>
    </bndbox>
  </object>
  <object>
    <name>powerline</name>
    <pose>Unspecified</pose>
    <truncated>0</truncated>
    <difficult>0</difficult>
    <bndbox>
      <xmin>2189</xmin>
      <ymin>4</ymin>
      <xmax>2250</xmax>
      <ymax>248</ymax>
    </bndbox>
  </object>
  <object>
    <name>powerline</name>
    <pose>Unspecified</pose>
    <truncated>0</truncated>
    <difficult>0</difficult>
    <bndbox>
      <xmin>1427</xmin>
      <ymin>1182</ymin>
      <xmax>1615</xmax>
      <ymax>1611</ymax>
    </bndbox>
  </object>
  <object>
    <name>powerline</name>
    <pose>Unspecified</pose>
    <truncated>0</truncated>
    <difficult>0</difficult>
    <bndbox>
      <xmin>2006</xmin>
      <ymin>1192</ymin>
      <xmax>2237</xmax>
      <ymax>1927</ymax>
    </bndbox>
  </object>
  <object>
    <name>powerline</name>
    <pose>Unspecified</pose>
    <truncated>0</truncated>
    <difficult>0</difficult>
    <bndbox>
      <xmin>2358</xmin>
      <ymin>1147</ymin>
      <xmax>2492</xmax>
      <ymax>2202</ymax>
    </bndbox>
  </object>
</annotation>
