<annotation>
  <folder>0101</folder>
  <filename>174</filename>
  <path>/home/power/workspace/qj_power_images/img01/0101/174.JPG</path>
  <source>
    <database>Unknown</database>
  </source>
  <size>
    <width>5184</width>
    <height>3888</height>
    <depth>3</depth>
  </size>
  <segmented>0</segmented>
  <object>
    <name>powerline</name>
    <pose>Unspecified</pose>
    <truncated>0</truncated>
    <difficult>0</difficult>
    <bndbox>
      <xmin>18</xmin>
      <ymin>1088</ymin>
      <xmax>1018</xmax>
      <ymax>2824</ymax>
    </bndbox>
  </object>
  <object>
    <name>powerline</name>
    <pose>Unspecified</pose>
    <truncated>0</truncated>
    <difficult>0</difficult>
    <bndbox>
      <xmin>1142</xmin>
      <ymin>24</ymin>
      <xmax>1586</xmax>
      <ymax>1144</ymax>
    </bndbox>
  </object>
  <object>
    <name>powerline</name>
    <pose>Unspecified</pose>
    <truncated>0</truncated>
    <difficult>0</difficult>
    <bndbox>
      <xmin>1762</xmin>
      <ymin>12</ymin>
      <xmax>2282</xmax>
      <ymax>1472</ymax>
    </bndbox>
  </object>
  <object>
    <name>powerline</name>
    <pose>Unspecified</pose>
    <truncated>0</truncated>
    <difficult>0</difficult>
    <bndbox>
      <xmin>3022</xmin>
      <ymin>1</ymin>
      <xmax>3298</xmax>
      <ymax>1244</ymax>
    </bndbox>
  </object>
  <object>
    <name>hammer</name>
    <pose>Unspecified</pose>
    <truncated>0</truncated>
    <difficult>0</difficult>
    <bndbox>
      <xmin>1046</xmin>
      <ymin>2900</ymin>
      <xmax>1134</xmax>
      <ymax>3048</ymax>
    </bndbox>
  </object>
  <object>
    <name>insulator</name>
    <pose>Unspecified</pose>
    <truncated>0</truncated>
    <difficult>0</difficult>
    <bndbox>
      <xmin>1202</xmin>
      <ymin>2880</ymin>
      <xmax>1382</xmax>
      <ymax>3256</ymax>
    </bndbox>
  </object>
  <object>
    <name>insulator</name>
    <pose>Unspecified</pose>
    <truncated>0</truncated>
    <difficult>0</difficult>
    <bndbox>
      <xmin>2402</xmin>
      <ymin>1736</ymin>
      <xmax>2558</xmax>
      <ymax>2076</ymax>
    </bndbox>
  </object>
  <object>
    <name>insulator</name>
    <pose>Unspecified</pose>
    <truncated>0</truncated>
    <difficult>0</difficult>
    <bndbox>
      <xmin>3566</xmin>
      <ymin>2620</ymin>
      <xmax>3746</xmax>
      <ymax>3008</ymax>
    </bndbox>
  </object>
  <object>
    <name>hammer</name>
    <pose>Unspecified</pose>
    <truncated>0</truncated>
    <difficult>0</difficult>
    <bndbox>
      <xmin>3714</xmin>
      <ymin>3344</ymin>
      <xmax>3810</xmax>
      <ymax>3484</ymax>
    </bndbox>
  </object>
  <object>
    <name>hammer</name>
    <pose>Unspecified</pose>
    <truncated>0</truncated>
    <difficult>0</difficult>
    <bndbox>
      <xmin>1370</xmin>
      <ymin>3564</ymin>
      <xmax>1478</xmax>
      <ymax>3700</ymax>
    </bndbox>
  </object>
  <object>
    <name>hammer</name>
    <pose>Unspecified</pose>
    <truncated>0</truncated>
    <difficult>0</difficult>
    <bndbox>
      <xmin>2542</xmin>
      <ymin>2372</ymin>
      <xmax>2618</xmax>
      <ymax>2528</ymax>
    </bndbox>
  </object>
  <object>
    <name>hammer</name>
    <pose>Unspecified</pose>
    <truncated>0</truncated>
    <difficult>0</difficult>
    <bndbox>
      <xmin>1606</xmin>
      <ymin>1292</ymin>
      <xmax>1690</xmax>
      <ymax>1408</ymax>
    </bndbox>
  </object>
</annotation>
