<annotation>
  <folder>0101</folder>
  <filename>176</filename>
  <path>/home/power/workspace/qj_power_images/img01/0101/176.JPG</path>
  <source>
    <database>Unknown</database>
  </source>
  <size>
    <width>5184</width>
    <height>3888</height>
    <depth>3</depth>
  </size>
  <segmented>0</segmented>
  <object>
    <name>powerline</name>
    <pose>Unspecified</pose>
    <truncated>0</truncated>
    <difficult>0</difficult>
    <bndbox>
      <xmin>1626</xmin>
      <ymin>4</ymin>
      <xmax>2070</xmax>
      <ymax>1136</ymax>
    </bndbox>
  </object>
  <object>
    <name>powerline</name>
    <pose>Unspecified</pose>
    <truncated>0</truncated>
    <difficult>0</difficult>
    <bndbox>
      <xmin>2198</xmin>
      <ymin>24</ymin>
      <xmax>2374</xmax>
      <ymax>868</ymax>
    </bndbox>
  </object>
  <object>
    <name>powerline</name>
    <pose>Unspecified</pose>
    <truncated>0</truncated>
    <difficult>0</difficult>
    <bndbox>
      <xmin>2490</xmin>
      <ymin>1</ymin>
      <xmax>2662</xmax>
      <ymax>908</ymax>
    </bndbox>
  </object>
</annotation>
