<annotation>
  <folder>0101</folder>
  <filename>177</filename>
  <path>/home/power/workspace/qj_power_images/img01/0101/177.JPG</path>
  <source>
    <database>Unknown</database>
  </source>
  <size>
    <width>5184</width>
    <height>3888</height>
    <depth>3</depth>
  </size>
  <segmented>0</segmented>
  <object>
    <name>powerline</name>
    <pose>Unspecified</pose>
    <truncated>0</truncated>
    <difficult>0</difficult>
    <bndbox>
      <xmin>2614</xmin>
      <ymin>16</ymin>
      <xmax>2706</xmax>
      <ymax>1252</ymax>
    </bndbox>
  </object>
  <object>
    <name>powerline</name>
    <pose>Unspecified</pose>
    <truncated>0</truncated>
    <difficult>0</difficult>
    <bndbox>
      <xmin>3154</xmin>
      <ymin>12</ymin>
      <xmax>3714</xmax>
      <ymax>1200</ymax>
    </bndbox>
  </object>
  <object>
    <name>powerline</name>
    <pose>Unspecified</pose>
    <truncated>0</truncated>
    <difficult>0</difficult>
    <bndbox>
      <xmin>2818</xmin>
      <ymin>1</ymin>
      <xmax>3110</xmax>
      <ymax>1268</ymax>
    </bndbox>
  </object>
</annotation>
