<annotation>
  <folder>0101</folder>
  <filename>178</filename>
  <path>/home/power/workspace/qj_power_images/img01/0101/178.JPG</path>
  <source>
    <database>Unknown</database>
  </source>
  <size>
    <width>5184</width>
    <height>3888</height>
    <depth>3</depth>
  </size>
  <segmented>0</segmented>
  <object>
    <name>insulator</name>
    <pose>Unspecified</pose>
    <truncated>0</truncated>
    <difficult>0</difficult>
    <bndbox>
      <xmin>2127</xmin>
      <ymin>934</ymin>
      <xmax>2185</xmax>
      <ymax>1100</ymax>
    </bndbox>
  </object>
  <object>
    <name>insulator</name>
    <pose>Unspecified</pose>
    <truncated>0</truncated>
    <difficult>0</difficult>
    <bndbox>
      <xmin>2976</xmin>
      <ymin>938</ymin>
      <xmax>3034</xmax>
      <ymax>1094</ymax>
    </bndbox>
  </object>
  <object>
    <name>insulator</name>
    <pose>Unspecified</pose>
    <truncated>0</truncated>
    <difficult>0</difficult>
    <bndbox>
      <xmin>2540</xmin>
      <ymin>452</ymin>
      <xmax>2589</xmax>
      <ymax>605</ymax>
    </bndbox>
  </object>
  <object>
    <name>powerline</name>
    <pose>Unspecified</pose>
    <truncated>0</truncated>
    <difficult>0</difficult>
    <bndbox>
      <xmin>2057</xmin>
      <ymin>1129</ymin>
      <xmax>2160</xmax>
      <ymax>2063</ymax>
    </bndbox>
  </object>
  <object>
    <name>powerline</name>
    <pose>Unspecified</pose>
    <truncated>0</truncated>
    <difficult>0</difficult>
    <bndbox>
      <xmin>2269</xmin>
      <ymin>1158</ymin>
      <xmax>2458</xmax>
      <ymax>2064</ymax>
    </bndbox>
  </object>
  <object>
    <name>powerline</name>
    <pose>Unspecified</pose>
    <truncated>0</truncated>
    <difficult>0</difficult>
    <bndbox>
      <xmin>2290</xmin>
      <ymin>1</ymin>
      <xmax>2332</xmax>
      <ymax>247</ymax>
    </bndbox>
  </object>
  <object>
    <name>powerline</name>
    <pose>Unspecified</pose>
    <truncated>0</truncated>
    <difficult>0</difficult>
    <bndbox>
      <xmin>2640</xmin>
      <ymin>1</ymin>
      <xmax>2735</xmax>
      <ymax>333</ymax>
    </bndbox>
  </object>
  <object>
    <name>powerline</name>
    <pose>Unspecified</pose>
    <truncated>0</truncated>
    <difficult>0</difficult>
    <bndbox>
      <xmin>2871</xmin>
      <ymin>1</ymin>
      <xmax>2964</xmax>
      <ymax>243</ymax>
    </bndbox>
  </object>
  <object>
    <name>powerline</name>
    <pose>Unspecified</pose>
    <truncated>0</truncated>
    <difficult>0</difficult>
    <bndbox>
      <xmin>2708</xmin>
      <ymin>536</ymin>
      <xmax>2800</xmax>
      <ymax>875</ymax>
    </bndbox>
  </object>
  <object>
    <name>hammer</name>
    <pose>Unspecified</pose>
    <truncated>0</truncated>
    <difficult>0</difficult>
    <bndbox>
      <xmin>2537</xmin>
      <ymin>689</ymin>
      <xmax>2558</xmax>
      <ymax>730</ymax>
    </bndbox>
  </object>
  <object>
    <name>powerline</name>
    <pose>Unspecified</pose>
    <truncated>0</truncated>
    <difficult>0</difficult>
    <bndbox>
      <xmin>3054</xmin>
      <ymin>1</ymin>
      <xmax>3597</xmax>
      <ymax>1024</ymax>
    </bndbox>
  </object>
</annotation>
