<annotation>
  <folder>0101</folder>
  <filename>179</filename>
  <path> </path>
  <source>
    <database>Unknown</database>
  </source>
  <size>
    <width>5184</width>
    <height>3888</height>
    <depth>3</depth>
  </size>
  <segmented>0</segmented>
  <object>
    <name>hammer</name>
    <pose>Unspecified</pose>
    <truncated>0</truncated>
    <difficult>0</difficult>
    <bndbox>
      <xmin>1728</xmin>
      <ymin>823</ymin>
      <xmax>1782</xmax>
      <ymax>920</ymax>
    </bndbox>
  </object>
  <object>
    <name>insulator</name>
    <pose>Unspecified</pose>
    <truncated>0</truncated>
    <difficult>0</difficult>
    <bndbox>
      <xmin>1324</xmin>
      <ymin>2796</ymin>
      <xmax>1493</xmax>
      <ymax>3298</ymax>
    </bndbox>
  </object>
  <object>
    <name>insulator</name>
    <pose>Unspecified</pose>
    <truncated>0</truncated>
    <difficult>0</difficult>
    <bndbox>
      <xmin>2758</xmin>
      <ymin>1232</ymin>
      <xmax>2933</xmax>
      <ymax>1726</ymax>
    </bndbox>
  </object>
  <object>
    <name>powerline</name>
    <pose>Unspecified</pose>
    <truncated>0</truncated>
    <difficult>0</difficult>
    <bndbox>
      <xmin>3139</xmin>
      <ymin>7</ymin>
      <xmax>3408</xmax>
      <ymax>804</ymax>
    </bndbox>
  </object>
  <object>
    <name>powerline</name>
    <pose>Unspecified</pose>
    <truncated>0</truncated>
    <difficult>0</difficult>
    <bndbox>
      <xmin>3935</xmin>
      <ymin>12</ymin>
      <xmax>4155</xmax>
      <ymax>558</ymax>
    </bndbox>
  </object>
  <object>
    <name>powerline</name>
    <pose>Unspecified</pose>
    <truncated>0</truncated>
    <difficult>0</difficult>
    <bndbox>
      <xmin>3273</xmin>
      <ymin>1466</ymin>
      <xmax>3645</xmax>
      <ymax>2670</ymax>
    </bndbox>
  </object>
  <object>
    <name>insulator</name>
    <pose>Unspecified</pose>
    <truncated>0</truncated>
    <difficult>0</difficult>
    <bndbox>
      <xmin>4222</xmin>
      <ymin>2873</ymin>
      <xmax>4395</xmax>
      <ymax>3392</ymax>
    </bndbox>
  </object>
  <object>
    <name>hammer</name>
    <pose>Unspecified</pose>
    <truncated>0</truncated>
    <difficult>0</difficult>
    <bndbox>
      <xmin>2738</xmin>
      <ymin>1992</ymin>
      <xmax>2814</xmax>
      <ymax>2128</ymax>
    </bndbox>
  </object>
  <object>
    <name>powerline</name>
    <pose>Unspecified</pose>
    <truncated>0</truncated>
    <difficult>0</difficult>
    <bndbox>
      <xmin>4470</xmin>
      <ymin>1976</ymin>
      <xmax>5174</xmax>
      <ymax>3176</ymax>
    </bndbox>
  </object>
  <object>
    <name>hammer</name>
    <pose>Unspecified</pose>
    <truncated>0</truncated>
    <difficult>0</difficult>
    <bndbox>
      <xmin>1306</xmin>
      <ymin>3588</ymin>
      <xmax>1386</xmax>
      <ymax>3704</ymax>
    </bndbox>
  </object>
  <object>
    <name>hammer</name>
    <pose>Unspecified</pose>
    <truncated>0</truncated>
    <difficult>0</difficult>
    <bndbox>
      <xmin>4182</xmin>
      <ymin>3668</ymin>
      <xmax>4250</xmax>
      <ymax>3784</ymax>
    </bndbox>
  </object>
</annotation>
