<annotation>
  <folder>0101</folder>
  <filename>18</filename>
  <path>/home/power/workspace/qj_power_images/img01/0101/18.JPG</path>
  <source>
    <database>Unknown</database>
  </source>
  <size>
    <width>4608</width>
    <height>3456</height>
    <depth>3</depth>
  </size>
  <segmented>0</segmented>
  <object>
    <name>powerline</name>
    <pose>Unspecified</pose>
    <truncated>0</truncated>
    <difficult>0</difficult>
    <bndbox>
      <xmin>1559</xmin>
      <ymin>13</ymin>
      <xmax>1830</xmax>
      <ymax>938</ymax>
    </bndbox>
  </object>
  <object>
    <name>powerline</name>
    <pose>Unspecified</pose>
    <truncated>0</truncated>
    <difficult>0</difficult>
    <bndbox>
      <xmin>2887</xmin>
      <ymin>1</ymin>
      <xmax>2915</xmax>
      <ymax>665</ymax>
    </bndbox>
  </object>
  <object>
    <name>powerline</name>
    <pose>Unspecified</pose>
    <truncated>0</truncated>
    <difficult>0</difficult>
    <bndbox>
      <xmin>2903</xmin>
      <ymin>8</ymin>
      <xmax>3039</xmax>
      <ymax>863</ymax>
    </bndbox>
  </object>
  <object>
    <name>powerline</name>
    <pose>Unspecified</pose>
    <truncated>0</truncated>
    <difficult>0</difficult>
    <bndbox>
      <xmin>1854</xmin>
      <ymin>6</ymin>
      <xmax>2039</xmax>
      <ymax>960</ymax>
    </bndbox>
  </object>
  <object>
    <name>powerline</name>
    <pose>Unspecified</pose>
    <truncated>0</truncated>
    <difficult>0</difficult>
    <bndbox>
      <xmin>1706</xmin>
      <ymin>5</ymin>
      <xmax>1973</xmax>
      <ymax>1015</ymax>
    </bndbox>
  </object>
</annotation>
