<annotation>
  <folder>0101</folder>
  <filename>181</filename>
  <path>/home/power/workspace/qj_power_images/img01/0101/181.JPG</path>
  <source>
    <database>Unknown</database>
  </source>
  <size>
    <width>2448</width>
    <height>3264</height>
    <depth>3</depth>
  </size>
  <segmented>0</segmented>
  <object>
    <name>powerline</name>
    <pose>Unspecified</pose>
    <truncated>0</truncated>
    <difficult>0</difficult>
    <bndbox>
      <xmin>584</xmin>
      <ymin>25</ymin>
      <xmax>984</xmax>
      <ymax>828</ymax>
    </bndbox>
  </object>
  <object>
    <name>powerline</name>
    <pose>Unspecified</pose>
    <truncated>0</truncated>
    <difficult>0</difficult>
    <bndbox>
      <xmin>1105</xmin>
      <ymin>7</ymin>
      <xmax>1208</xmax>
      <ymax>538</ymax>
    </bndbox>
  </object>
  <object>
    <name>powerline</name>
    <pose>Unspecified</pose>
    <truncated>0</truncated>
    <difficult>0</difficult>
    <bndbox>
      <xmin>1422</xmin>
      <ymin>1</ymin>
      <xmax>1573</xmax>
      <ymax>587</ymax>
    </bndbox>
  </object>
</annotation>
