<annotation>
  <folder>0101</folder>
  <filename>182</filename>
  <path>/home/power/workspace/qj_power_images/img01/0101/182.JPG</path>
  <source>
    <database>Unknown</database>
  </source>
  <size>
    <width>2448</width>
    <height>3264</height>
    <depth>3</depth>
  </size>
  <segmented>0</segmented>
  <object>
    <name>powerline</name>
    <pose>Unspecified</pose>
    <truncated>0</truncated>
    <difficult>0</difficult>
    <bndbox>
      <xmin>1032</xmin>
      <ymin>2</ymin>
      <xmax>1130</xmax>
      <ymax>332</ymax>
    </bndbox>
  </object>
  <object>
    <name>powerline</name>
    <pose>Unspecified</pose>
    <truncated>0</truncated>
    <difficult>0</difficult>
    <bndbox>
      <xmin>1321</xmin>
      <ymin>1</ymin>
      <xmax>1377</xmax>
      <ymax>318</ymax>
    </bndbox>
  </object>
  <object>
    <name>powerline</name>
    <pose>Unspecified</pose>
    <truncated>0</truncated>
    <difficult>0</difficult>
    <bndbox>
      <xmin>1599</xmin>
      <ymin>1</ymin>
      <xmax>1742</xmax>
      <ymax>383</ymax>
    </bndbox>
  </object>
</annotation>
