<annotation>
  <folder>0101</folder>
  <filename>183</filename>
  <path>/home/power/workspace/qj_power_images/img01/0101/183.JPG</path>
  <source>
    <database>Unknown</database>
  </source>
  <size>
    <width>4608</width>
    <height>3456</height>
    <depth>3</depth>
  </size>
  <segmented>0</segmented>
  <object>
    <name>insulator</name>
    <pose>Unspecified</pose>
    <truncated>0</truncated>
    <difficult>0</difficult>
    <bndbox>
      <xmin>1608</xmin>
      <ymin>637</ymin>
      <xmax>1663</xmax>
      <ymax>798</ymax>
    </bndbox>
  </object>
  <object>
    <name>insulator</name>
    <pose>Unspecified</pose>
    <truncated>0</truncated>
    <difficult>0</difficult>
    <bndbox>
      <xmin>1996</xmin>
      <ymin>486</ymin>
      <xmax>2061</xmax>
      <ymax>617</ymax>
    </bndbox>
  </object>
  <object>
    <name>insulator</name>
    <pose>Unspecified</pose>
    <truncated>0</truncated>
    <difficult>0</difficult>
    <bndbox>
      <xmin>2492</xmin>
      <ymin>808</ymin>
      <xmax>2582</xmax>
      <ymax>950</ymax>
    </bndbox>
  </object>
  <object>
    <name>powerline</name>
    <pose>Unspecified</pose>
    <truncated>0</truncated>
    <difficult>0</difficult>
    <bndbox>
      <xmin>1379</xmin>
      <ymin>815</ymin>
      <xmax>1628</xmax>
      <ymax>1995</ymax>
    </bndbox>
  </object>
  <object>
    <name>powerline</name>
    <pose>Unspecified</pose>
    <truncated>0</truncated>
    <difficult>0</difficult>
    <bndbox>
      <xmin>1652</xmin>
      <ymin>906</ymin>
      <xmax>1955</xmax>
      <ymax>1995</ymax>
    </bndbox>
  </object>
  <object>
    <name>powerline</name>
    <pose>Unspecified</pose>
    <truncated>0</truncated>
    <difficult>0</difficult>
    <bndbox>
      <xmin>2098</xmin>
      <ymin>4</ymin>
      <xmax>2238</xmax>
      <ymax>428</ymax>
    </bndbox>
  </object>
  <object>
    <name>powerline</name>
    <pose>Unspecified</pose>
    <truncated>0</truncated>
    <difficult>0</difficult>
    <bndbox>
      <xmin>1744</xmin>
      <ymin>3</ymin>
      <xmax>1834</xmax>
      <ymax>343</ymax>
    </bndbox>
  </object>
</annotation>
