<annotation>
  <folder>0101</folder>
  <filename>186</filename>
  <path>/home/power/workspace/qj_power_images/img01/0101/186.JPG</path>
  <source>
    <database>Unknown</database>
  </source>
  <size>
    <width>4608</width>
    <height>3456</height>
    <depth>3</depth>
  </size>
  <segmented>0</segmented>
  <object>
    <name>powerline</name>
    <pose>Unspecified</pose>
    <truncated>0</truncated>
    <difficult>0</difficult>
    <bndbox>
      <xmin>637</xmin>
      <ymin>6</ymin>
      <xmax>955</xmax>
      <ymax>1224</ymax>
    </bndbox>
  </object>
  <object>
    <name>powerline</name>
    <pose>Unspecified</pose>
    <truncated>0</truncated>
    <difficult>0</difficult>
    <bndbox>
      <xmin>1281</xmin>
      <ymin>1</ymin>
      <xmax>1348</xmax>
      <ymax>960</ymax>
    </bndbox>
  </object>
  <object>
    <name>powerline</name>
    <pose>Unspecified</pose>
    <truncated>0</truncated>
    <difficult>0</difficult>
    <bndbox>
      <xmin>1630</xmin>
      <ymin>1</ymin>
      <xmax>1837</xmax>
      <ymax>1064</ymax>
    </bndbox>
  </object>
</annotation>
