<annotation>
  <folder>0101</folder>
  <filename>187</filename>
  <path>/home/power/workspace/qj_power_images/img01/0101/187.JPG</path>
  <source>
    <database>Unknown</database>
  </source>
  <size>
    <width>4608</width>
    <height>3456</height>
    <depth>3</depth>
  </size>
  <segmented>0</segmented>
  <object>
    <name>powerline</name>
    <pose>Unspecified</pose>
    <truncated>0</truncated>
    <difficult>0</difficult>
    <bndbox>
      <xmin>2109</xmin>
      <ymin>1</ymin>
      <xmax>2245</xmax>
      <ymax>1189</ymax>
    </bndbox>
  </object>
  <object>
    <name>powerline</name>
    <pose>Unspecified</pose>
    <truncated>0</truncated>
    <difficult>0</difficult>
    <bndbox>
      <xmin>2462</xmin>
      <ymin>1</ymin>
      <xmax>2595</xmax>
      <ymax>942</ymax>
    </bndbox>
  </object>
  <object>
    <name>powerline</name>
    <pose>Unspecified</pose>
    <truncated>0</truncated>
    <difficult>0</difficult>
    <bndbox>
      <xmin>2748</xmin>
      <ymin>10</ymin>
      <xmax>3105</xmax>
      <ymax>1042</ymax>
    </bndbox>
  </object>
</annotation>
