<annotation>
  <folder>0101</folder>
  <filename>189</filename>
  <path>/home/power/workspace/qj_power_images/img01/0101/189.JPG</path>
  <source>
    <database>Unknown</database>
  </source>
  <size>
    <width>5184</width>
    <height>3888</height>
    <depth>3</depth>
  </size>
  <segmented>0</segmented>
  <object>
    <name>powerline</name>
    <pose>Unspecified</pose>
    <truncated>0</truncated>
    <difficult>0</difficult>
    <bndbox>
      <xmin>3198</xmin>
      <ymin>4</ymin>
      <xmax>3990</xmax>
      <ymax>904</ymax>
    </bndbox>
  </object>
  <object>
    <name>powerline</name>
    <pose>Unspecified</pose>
    <truncated>0</truncated>
    <difficult>0</difficult>
    <bndbox>
      <xmin>4038</xmin>
      <ymin>16</ymin>
      <xmax>4970</xmax>
      <ymax>788</ymax>
    </bndbox>
  </object>
  <object>
    <name>powerline</name>
    <pose>Unspecified</pose>
    <truncated>0</truncated>
    <difficult>0</difficult>
    <bndbox>
      <xmin>3850</xmin>
      <ymin>484</ymin>
      <xmax>5154</xmax>
      <ymax>1316</ymax>
    </bndbox>
  </object>
</annotation>
