<annotation>
  <folder>0101</folder>
  <filename>19</filename>
  <path>/home/power/workspace/qj_power_images/img01/0101/19.JPG</path>
  <source>
    <database>Unknown</database>
  </source>
  <size>
    <width>4608</width>
    <height>3456</height>
    <depth>3</depth>
  </size>
  <segmented>0</segmented>
  <object>
    <name>powerline</name>
    <pose>Unspecified</pose>
    <truncated>0</truncated>
    <difficult>0</difficult>
    <bndbox>
      <xmin>2314</xmin>
      <ymin>7</ymin>
      <xmax>2559</xmax>
      <ymax>1478</ymax>
    </bndbox>
  </object>
  <object>
    <name>powerline</name>
    <pose>Unspecified</pose>
    <truncated>0</truncated>
    <difficult>0</difficult>
    <bndbox>
      <xmin>2805</xmin>
      <ymin>3</ymin>
      <xmax>3659</xmax>
      <ymax>1499</ymax>
    </bndbox>
  </object>
</annotation>
