<annotation>
  <folder>0101</folder>
  <filename>190</filename>
  <path>/home/power/workspace/qj_power_images/img01/0101/190.JPG</path>
  <source>
    <database>Unknown</database>
  </source>
  <size>
    <width>5184</width>
    <height>3888</height>
    <depth>3</depth>
  </size>
  <segmented>0</segmented>
  <object>
    <name>insulator</name>
    <pose>Unspecified</pose>
    <truncated>0</truncated>
    <difficult>0</difficult>
    <bndbox>
      <xmin>1733</xmin>
      <ymin>1004</ymin>
      <xmax>1837</xmax>
      <ymax>1304</ymax>
    </bndbox>
  </object>
  <object>
    <name>powerline</name>
    <pose>Unspecified</pose>
    <truncated>0</truncated>
    <difficult>0</difficult>
    <bndbox>
      <xmin>2073</xmin>
      <ymin>1</ymin>
      <xmax>2402</xmax>
      <ymax>455</ymax>
    </bndbox>
  </object>
  <object>
    <name>insulator</name>
    <pose>Unspecified</pose>
    <truncated>0</truncated>
    <difficult>0</difficult>
    <bndbox>
      <xmin>2806</xmin>
      <ymin>1030</ymin>
      <xmax>2902</xmax>
      <ymax>1304</ymax>
    </bndbox>
  </object>
  <object>
    <name>powerline</name>
    <pose>Unspecified</pose>
    <truncated>0</truncated>
    <difficult>0</difficult>
    <bndbox>
      <xmin>2886</xmin>
      <ymin>10</ymin>
      <xmax>3897</xmax>
      <ymax>1004</ymax>
    </bndbox>
  </object>
  <object>
    <name>powerline</name>
    <pose>Unspecified</pose>
    <truncated>0</truncated>
    <difficult>0</difficult>
    <bndbox>
      <xmin>2979</xmin>
      <ymin>350</ymin>
      <xmax>4037</xmax>
      <ymax>1230</ymax>
    </bndbox>
  </object>
  <object>
    <name>powerline</name>
    <pose>Unspecified</pose>
    <truncated>0</truncated>
    <difficult>0</difficult>
    <bndbox>
      <xmin>2568</xmin>
      <ymin>10</ymin>
      <xmax>3035</xmax>
      <ymax>501</ymax>
    </bndbox>
  </object>
  <object>
    <name>hammer</name>
    <pose>Unspecified</pose>
    <truncated>0</truncated>
    <difficult>0</difficult>
    <bndbox>
      <xmin>1942</xmin>
      <ymin>621</ymin>
      <xmax>1970</xmax>
      <ymax>664</ymax>
    </bndbox>
  </object>
  <object>
    <name>hammer</name>
    <pose>Unspecified</pose>
    <truncated>0</truncated>
    <difficult>0</difficult>
    <bndbox>
      <xmin>1726</xmin>
      <ymin>1426</ymin>
      <xmax>1757</xmax>
      <ymax>1484</ymax>
    </bndbox>
  </object>
  <object>
    <name>hammer</name>
    <pose>Unspecified</pose>
    <truncated>0</truncated>
    <difficult>0</difficult>
    <bndbox>
      <xmin>1839</xmin>
      <ymin>1244</ymin>
      <xmax>1886</xmax>
      <ymax>1304</ymax>
    </bndbox>
  </object>
  <object>
    <name>insulator</name>
    <pose>Unspecified</pose>
    <truncated>0</truncated>
    <difficult>0</difficult>
    <bndbox>
      <xmin>1597</xmin>
      <ymin>1821</ymin>
      <xmax>1704</xmax>
      <ymax>2117</ymax>
    </bndbox>
  </object>
  <object>
    <name>hammer</name>
    <pose>Unspecified</pose>
    <truncated>0</truncated>
    <difficult>0</difficult>
    <bndbox>
      <xmin>1595</xmin>
      <ymin>2237</ymin>
      <xmax>1635</xmax>
      <ymax>2308</ymax>
    </bndbox>
  </object>
  <object>
    <name>hammer</name>
    <pose>Unspecified</pose>
    <truncated>0</truncated>
    <difficult>0</difficult>
    <bndbox>
      <xmin>1717</xmin>
      <ymin>2070</ymin>
      <xmax>1753</xmax>
      <ymax>2126</ymax>
    </bndbox>
  </object>
  <object>
    <name>hammer</name>
    <pose>Unspecified</pose>
    <truncated>0</truncated>
    <difficult>0</difficult>
    <bndbox>
      <xmin>2775</xmin>
      <ymin>1448</ymin>
      <xmax>2813</xmax>
      <ymax>1504</ymax>
    </bndbox>
  </object>
  <object>
    <name>insulator</name>
    <pose>Unspecified</pose>
    <truncated>0</truncated>
    <difficult>0</difficult>
    <bndbox>
      <xmin>3033</xmin>
      <ymin>1826</ymin>
      <xmax>3137</xmax>
      <ymax>2095</ymax>
    </bndbox>
  </object>
  <object>
    <name>insulator</name>
    <pose>Unspecified</pose>
    <truncated>0</truncated>
    <difficult>0</difficult>
    <bndbox>
      <xmin>1786</xmin>
      <ymin>2650</ymin>
      <xmax>1879</xmax>
      <ymax>2959</ymax>
    </bndbox>
  </object>
  <object>
    <name>insulator</name>
    <pose>Unspecified</pose>
    <truncated>0</truncated>
    <difficult>0</difficult>
    <bndbox>
      <xmin>2990</xmin>
      <ymin>2632</ymin>
      <xmax>3086</xmax>
      <ymax>2944</ymax>
    </bndbox>
  </object>
  <object>
    <name>hammer</name>
    <pose>Unspecified</pose>
    <truncated>0</truncated>
    <difficult>0</difficult>
    <bndbox>
      <xmin>3010</xmin>
      <ymin>2228</ymin>
      <xmax>3059</xmax>
      <ymax>2297</ymax>
    </bndbox>
  </object>
  <object>
    <name>hammer</name>
    <pose>Unspecified</pose>
    <truncated>0</truncated>
    <difficult>0</difficult>
    <bndbox>
      <xmin>3173</xmin>
      <ymin>2055</ymin>
      <xmax>3222</xmax>
      <ymax>2106</ymax>
    </bndbox>
  </object>
  <object>
    <name>hammer</name>
    <pose>Unspecified</pose>
    <truncated>0</truncated>
    <difficult>0</difficult>
    <bndbox>
      <xmin>1762</xmin>
      <ymin>3066</ymin>
      <xmax>1810</xmax>
      <ymax>3132</ymax>
    </bndbox>
  </object>
  <object>
    <name>hammer</name>
    <pose>Unspecified</pose>
    <truncated>0</truncated>
    <difficult>0</difficult>
    <bndbox>
      <xmin>2959</xmin>
      <ymin>3048</ymin>
      <xmax>3015</xmax>
      <ymax>3115</ymax>
    </bndbox>
  </object>
  <object>
    <name>powerline</name>
    <pose>Unspecified</pose>
    <truncated>0</truncated>
    <difficult>0</difficult>
    <bndbox>
      <xmin>3164</xmin>
      <ymin>1812</ymin>
      <xmax>5184</xmax>
      <ymax>2901</ymax>
    </bndbox>
  </object>
  <object>
    <name>powerline</name>
    <pose>Unspecified</pose>
    <truncated>0</truncated>
    <difficult>0</difficult>
    <bndbox>
      <xmin>3484</xmin>
      <ymin>515</ymin>
      <xmax>5168</xmax>
      <ymax>1804</ymax>
    </bndbox>
  </object>
  <object>
    <name>powerline</name>
    <pose>Unspecified</pose>
    <truncated>0</truncated>
    <difficult>0</difficult>
    <bndbox>
      <xmin>793</xmin>
      <ymin>1152</ymin>
      <xmax>1724</xmax>
      <ymax>3117</ymax>
    </bndbox>
  </object>
  <object>
    <name>powerline</name>
    <pose>Unspecified</pose>
    <truncated>0</truncated>
    <difficult>0</difficult>
    <bndbox>
      <xmin>746</xmin>
      <ymin>1779</ymin>
      <xmax>1593</xmax>
      <ymax>3641</ymax>
    </bndbox>
  </object>
  <object>
    <name>powerline</name>
    <pose>Unspecified</pose>
    <truncated>0</truncated>
    <difficult>0</difficult>
    <bndbox>
      <xmin>1484</xmin>
      <ymin>2870</ymin>
      <xmax>2046</xmax>
      <ymax>3879</ymax>
    </bndbox>
  </object>
</annotation>
