<annotation>
  <folder>0101</folder>
  <filename>191</filename>
  <path>/home/power/workspace/qj_power_images/img01/0101/191.JPG</path>
  <source>
    <database>Unknown</database>
  </source>
  <size>
    <width>5184</width>
    <height>3888</height>
    <depth>3</depth>
  </size>
  <segmented>0</segmented>
  <object>
    <name>powerline</name>
    <pose>Unspecified</pose>
    <truncated>0</truncated>
    <difficult>0</difficult>
    <bndbox>
      <xmin>1266</xmin>
      <ymin>1</ymin>
      <xmax>1814</xmax>
      <ymax>1128</ymax>
    </bndbox>
  </object>
  <object>
    <name>powerline</name>
    <pose>Unspecified</pose>
    <truncated>0</truncated>
    <difficult>0</difficult>
    <bndbox>
      <xmin>2266</xmin>
      <ymin>20</ymin>
      <xmax>2434</xmax>
      <ymax>1336</ymax>
    </bndbox>
  </object>
  <object>
    <name>powerline</name>
    <pose>Unspecified</pose>
    <truncated>0</truncated>
    <difficult>0</difficult>
    <bndbox>
      <xmin>42</xmin>
      <ymin>1296</ymin>
      <xmax>1018</xmax>
      <ymax>1588</ymax>
    </bndbox>
  </object>
</annotation>
