<annotation>
  <folder>0101</folder>
  <filename>192</filename>
  <path>/home/power/workspace/qj_power_images/img01/0101/192.JPG</path>
  <source>
    <database>Unknown</database>
  </source>
  <size>
    <width>5184</width>
    <height>3888</height>
    <depth>3</depth>
  </size>
  <segmented>0</segmented>
  <object>
    <name>powerline</name>
    <pose>Unspecified</pose>
    <truncated>0</truncated>
    <difficult>0</difficult>
    <bndbox>
      <xmin>3234</xmin>
      <ymin>8</ymin>
      <xmax>3702</xmax>
      <ymax>1120</ymax>
    </bndbox>
  </object>
  <object>
    <name>powerline</name>
    <pose>Unspecified</pose>
    <truncated>0</truncated>
    <difficult>0</difficult>
    <bndbox>
      <xmin>2514</xmin>
      <ymin>1</ymin>
      <xmax>2878</xmax>
      <ymax>1212</ymax>
    </bndbox>
  </object>
</annotation>
