<annotation>
  <folder>0101</folder>
  <filename>193</filename>
  <path>/home/power/workspace/qj_power_images/img01/0101/193.JPG</path>
  <source>
    <database>Unknown</database>
  </source>
  <size>
    <width>4608</width>
    <height>3456</height>
    <depth>3</depth>
  </size>
  <segmented>0</segmented>
  <object>
    <name>powerline</name>
    <pose>Unspecified</pose>
    <truncated>0</truncated>
    <difficult>0</difficult>
    <bndbox>
      <xmin>1555</xmin>
      <ymin>13</ymin>
      <xmax>2071</xmax>
      <ymax>1528</ymax>
    </bndbox>
  </object>
  <object>
    <name>powerline</name>
    <pose>Unspecified</pose>
    <truncated>0</truncated>
    <difficult>0</difficult>
    <bndbox>
      <xmin>2159</xmin>
      <ymin>3</ymin>
      <xmax>2277</xmax>
      <ymax>1325</ymax>
    </bndbox>
  </object>
  <object>
    <name>powerline</name>
    <pose>Unspecified</pose>
    <truncated>0</truncated>
    <difficult>0</difficult>
    <bndbox>
      <xmin>2435</xmin>
      <ymin>17</ymin>
      <xmax>2709</xmax>
      <ymax>1522</ymax>
    </bndbox>
  </object>
  <object>
    <name>insulator</name>
    <pose>Unspecified</pose>
    <truncated>0</truncated>
    <difficult>0</difficult>
    <bndbox>
      <xmin>2246</xmin>
      <ymin>1372</ymin>
      <xmax>2269</xmax>
      <ymax>1431</ymax>
    </bndbox>
  </object>
  <object>
    <name>insulator</name>
    <pose>Unspecified</pose>
    <truncated>0</truncated>
    <difficult>0</difficult>
    <bndbox>
      <xmin>2081</xmin>
      <ymin>1544</ymin>
      <xmax>2103</xmax>
      <ymax>1600</ymax>
    </bndbox>
  </object>
  <object>
    <name>insulator</name>
    <pose>Unspecified</pose>
    <truncated>0</truncated>
    <difficult>0</difficult>
    <bndbox>
      <xmin>2412</xmin>
      <ymin>1540</ymin>
      <xmax>2436</xmax>
      <ymax>1594</ymax>
    </bndbox>
  </object>
  <object>
    <name>powerline</name>
    <pose>Unspecified</pose>
    <truncated>0</truncated>
    <difficult>0</difficult>
    <bndbox>
      <xmin>2094</xmin>
      <ymin>1611</ymin>
      <xmax>2169</xmax>
      <ymax>1973</ymax>
    </bndbox>
  </object>
  <object>
    <name>powerline</name>
    <pose>Unspecified</pose>
    <truncated>0</truncated>
    <difficult>0</difficult>
    <bndbox>
      <xmin>2382</xmin>
      <ymin>1609</ymin>
      <xmax>2437</xmax>
      <ymax>2086</ymax>
    </bndbox>
  </object>
</annotation>
