<annotation>
  <folder>0101</folder>
  <filename>194</filename>
  <path>/home/power/workspace/qj_power_images/img01/0101/194.JPG</path>
  <source>
    <database>Unknown</database>
  </source>
  <size>
    <width>4608</width>
    <height>3456</height>
    <depth>3</depth>
  </size>
  <segmented>0</segmented>
  <object>
    <name>powerline</name>
    <pose>Unspecified</pose>
    <truncated>0</truncated>
    <difficult>0</difficult>
    <bndbox>
      <xmin>1248</xmin>
      <ymin>10</ymin>
      <xmax>1991</xmax>
      <ymax>2456</ymax>
    </bndbox>
  </object>
  <object>
    <name>powerline</name>
    <pose>Unspecified</pose>
    <truncated>0</truncated>
    <difficult>0</difficult>
    <bndbox>
      <xmin>2527</xmin>
      <ymin>3</ymin>
      <xmax>2680</xmax>
      <ymax>1678</ymax>
    </bndbox>
  </object>
  <object>
    <name>powerline</name>
    <pose>Unspecified</pose>
    <truncated>0</truncated>
    <difficult>0</difficult>
    <bndbox>
      <xmin>3077</xmin>
      <ymin>1</ymin>
      <xmax>3205</xmax>
      <ymax>1539</ymax>
    </bndbox>
  </object>
  <object>
    <name>powerline</name>
    <pose>Unspecified</pose>
    <truncated>0</truncated>
    <difficult>0</difficult>
    <bndbox>
      <xmin>3277</xmin>
      <ymin>17</ymin>
      <xmax>3770</xmax>
      <ymax>2442</ymax>
    </bndbox>
  </object>
  <object>
    <name>insulator</name>
    <pose>Unspecified</pose>
    <truncated>0</truncated>
    <difficult>0</difficult>
    <bndbox>
      <xmin>2027</xmin>
      <ymin>2474</ymin>
      <xmax>2105</xmax>
      <ymax>2688</ymax>
    </bndbox>
  </object>
  <object>
    <name>insulator</name>
    <pose>Unspecified</pose>
    <truncated>0</truncated>
    <difficult>0</difficult>
    <bndbox>
      <xmin>2616</xmin>
      <ymin>1899</ymin>
      <xmax>2695</xmax>
      <ymax>2088</ymax>
    </bndbox>
  </object>
  <object>
    <name>insulator</name>
    <pose>Unspecified</pose>
    <truncated>0</truncated>
    <difficult>0</difficult>
    <bndbox>
      <xmin>3187</xmin>
      <ymin>2492</ymin>
      <xmax>3280</xmax>
      <ymax>2695</ymax>
    </bndbox>
  </object>
  <object>
    <name>powerline</name>
    <pose>Unspecified</pose>
    <truncated>0</truncated>
    <difficult>0</difficult>
    <bndbox>
      <xmin>2055</xmin>
      <ymin>2720</ymin>
      <xmax>2202</xmax>
      <ymax>3449</ymax>
    </bndbox>
  </object>
  <object>
    <name>powerline</name>
    <pose>Unspecified</pose>
    <truncated>0</truncated>
    <difficult>0</difficult>
    <bndbox>
      <xmin>3152</xmin>
      <ymin>2767</ymin>
      <xmax>3259</xmax>
      <ymax>3449</ymax>
    </bndbox>
  </object>
</annotation>
