<annotation>
  <folder>0101</folder>
  <filename>196</filename>
  <path>/home/power/workspace/qj_power_images/img01/0101/196.JPG</path>
  <source>
    <database>Unknown</database>
  </source>
  <size>
    <width>4608</width>
    <height>3456</height>
    <depth>3</depth>
  </size>
  <segmented>0</segmented>
  <object>
    <name>powerline</name>
    <pose>Unspecified</pose>
    <truncated>0</truncated>
    <difficult>0</difficult>
    <bndbox>
      <xmin>1512</xmin>
      <ymin>3</ymin>
      <xmax>1705</xmax>
      <ymax>1617</ymax>
    </bndbox>
  </object>
  <object>
    <name>powerline</name>
    <pose>Unspecified</pose>
    <truncated>0</truncated>
    <difficult>0</difficult>
    <bndbox>
      <xmin>1898</xmin>
      <ymin>1</ymin>
      <xmax>1998</xmax>
      <ymax>1621</ymax>
    </bndbox>
  </object>
  <object>
    <name>powerline</name>
    <pose>Unspecified</pose>
    <truncated>0</truncated>
    <difficult>0</difficult>
    <bndbox>
      <xmin>1002</xmin>
      <ymin>170</ymin>
      <xmax>1452</xmax>
      <ymax>1549</ymax>
    </bndbox>
  </object>
</annotation>
