<annotation>
  <folder>0101</folder>
  <filename>197</filename>
  <path>/home/power/workspace/qj_power_images/img01/0101/197.JPG</path>
  <source>
    <database>Unknown</database>
  </source>
  <size>
    <width>4608</width>
    <height>3456</height>
    <depth>3</depth>
  </size>
  <segmented>0</segmented>
  <object>
    <name>powerline</name>
    <pose>Unspecified</pose>
    <truncated>0</truncated>
    <difficult>0</difficult>
    <bndbox>
      <xmin>2023</xmin>
      <ymin>1</ymin>
      <xmax>2120</xmax>
      <ymax>1078</ymax>
    </bndbox>
  </object>
  <object>
    <name>powerline</name>
    <pose>Unspecified</pose>
    <truncated>0</truncated>
    <difficult>0</difficult>
    <bndbox>
      <xmin>2245</xmin>
      <ymin>10</ymin>
      <xmax>2455</xmax>
      <ymax>1167</ymax>
    </bndbox>
  </object>
  <object>
    <name>powerline</name>
    <pose>Unspecified</pose>
    <truncated>0</truncated>
    <difficult>0</difficult>
    <bndbox>
      <xmin>2480</xmin>
      <ymin>13</ymin>
      <xmax>2941</xmax>
      <ymax>1231</ymax>
    </bndbox>
  </object>
  <object>
    <name>powerline</name>
    <pose>Unspecified</pose>
    <truncated>0</truncated>
    <difficult>0</difficult>
    <bndbox>
      <xmin>130</xmin>
      <ymin>1063</ymin>
      <xmax>1695</xmax>
      <ymax>1417</ymax>
    </bndbox>
  </object>
  <object>
    <name>powerline</name>
    <pose>Unspecified</pose>
    <truncated>0</truncated>
    <difficult>0</difficult>
    <bndbox>
      <xmin>1770</xmin>
      <ymin>1403</ymin>
      <xmax>3302</xmax>
      <ymax>1692</ymax>
    </bndbox>
  </object>
</annotation>
