<annotation>
  <folder>0101</folder>
  <filename>198</filename>
  <path>/home/power/workspace/qj_power_images/img01/0101/198.JPG</path>
  <source>
    <database>Unknown</database>
  </source>
  <size>
    <width>4608</width>
    <height>3456</height>
    <depth>3</depth>
  </size>
  <segmented>0</segmented>
  <object>
    <name>powerline</name>
    <pose>Unspecified</pose>
    <truncated>0</truncated>
    <difficult>0</difficult>
    <bndbox>
      <xmin>37</xmin>
      <ymin>360</ymin>
      <xmax>1102</xmax>
      <ymax>835</ymax>
    </bndbox>
  </object>
  <object>
    <name>powerline</name>
    <pose>Unspecified</pose>
    <truncated>0</truncated>
    <difficult>0</difficult>
    <bndbox>
      <xmin>23</xmin>
      <ymin>906</ymin>
      <xmax>1152</xmax>
      <ymax>1299</ymax>
    </bndbox>
  </object>
  <object>
    <name>insulator</name>
    <pose>Unspecified</pose>
    <truncated>0</truncated>
    <difficult>0</difficult>
    <bndbox>
      <xmin>2611</xmin>
      <ymin>1548</ymin>
      <xmax>2637</xmax>
      <ymax>1586</ymax>
    </bndbox>
  </object>
  <object>
    <name>insulator</name>
    <pose>Unspecified</pose>
    <truncated>0</truncated>
    <difficult>0</difficult>
    <bndbox>
      <xmin>2506</xmin>
      <ymin>1677</ymin>
      <xmax>2529</xmax>
      <ymax>1722</ymax>
    </bndbox>
  </object>
  <object>
    <name>insulator</name>
    <pose>Unspecified</pose>
    <truncated>0</truncated>
    <difficult>0</difficult>
    <bndbox>
      <xmin>2716</xmin>
      <ymin>1656</ymin>
      <xmax>2744</xmax>
      <ymax>1701</ymax>
    </bndbox>
  </object>
</annotation>
