<annotation>
  <folder>0101</folder>
  <filename>199</filename>
  <path>/home/power/workspace/qj_power_images/img01/0101/199.JPG</path>
  <source>
    <database>Unknown</database>
  </source>
  <size>
    <width>4608</width>
    <height>3456</height>
    <depth>3</depth>
  </size>
  <segmented>0</segmented>
  <object>
    <name>powerline</name>
    <pose>Unspecified</pose>
    <truncated>0</truncated>
    <difficult>0</difficult>
    <bndbox>
      <xmin>27</xmin>
      <ymin>606</ymin>
      <xmax>1520</xmax>
      <ymax>1213</ymax>
    </bndbox>
  </object>
  <object>
    <name>powerline</name>
    <pose>Unspecified</pose>
    <truncated>0</truncated>
    <difficult>0</difficult>
    <bndbox>
      <xmin>5</xmin>
      <ymin>1374</ymin>
      <xmax>1148</xmax>
      <ymax>1660</ymax>
    </bndbox>
  </object>
  <object>
    <name>powerline</name>
    <pose>Unspecified</pose>
    <truncated>0</truncated>
    <difficult>0</difficult>
    <bndbox>
      <xmin>30</xmin>
      <ymin>1917</ymin>
      <xmax>1516</xmax>
      <ymax>2228</ymax>
    </bndbox>
  </object>
  <object>
    <name>insulator</name>
    <pose>Unspecified</pose>
    <truncated>0</truncated>
    <difficult>0</difficult>
    <bndbox>
      <xmin>2327</xmin>
      <ymin>2253</ymin>
      <xmax>2373</xmax>
      <ymax>2381</ymax>
    </bndbox>
  </object>
  <object>
    <name>insulator</name>
    <pose>Unspecified</pose>
    <truncated>0</truncated>
    <difficult>0</difficult>
    <bndbox>
      <xmin>2602</xmin>
      <ymin>1881</ymin>
      <xmax>2659</xmax>
      <ymax>1995</ymax>
    </bndbox>
  </object>
  <object>
    <name>insulator</name>
    <pose>Unspecified</pose>
    <truncated>0</truncated>
    <difficult>0</difficult>
    <bndbox>
      <xmin>2895</xmin>
      <ymin>2167</ymin>
      <xmax>2959</xmax>
      <ymax>2292</ymax>
    </bndbox>
  </object>
  <object>
    <name>powerline</name>
    <pose>Unspecified</pose>
    <truncated>0</truncated>
    <difficult>0</difficult>
    <bndbox>
      <xmin>2927</xmin>
      <ymin>1806</ymin>
      <xmax>4173</xmax>
      <ymax>2835</ymax>
    </bndbox>
  </object>
  <object>
    <name>powerline</name>
    <pose>Unspecified</pose>
    <truncated>0</truncated>
    <difficult>0</difficult>
    <bndbox>
      <xmin>2987</xmin>
      <ymin>2881</ymin>
      <xmax>3759</xmax>
      <ymax>3445</ymax>
    </bndbox>
  </object>
</annotation>
