<annotation>
  <folder>0101</folder>
  <filename>2</filename>
  <path> </path>
  <source>
    <database>Unknown</database>
  </source>
  <size>
    <width>5184</width>
    <height>3888</height>
    <depth>3</depth>
  </size>
  <segmented>0</segmented>
  <object>
    <name>powerline</name>
    <pose>Unspecified</pose>
    <truncated>0</truncated>
    <difficult>0</difficult>
    <bndbox>
      <xmin>1430</xmin>
      <ymin>12</ymin>
      <xmax>1994</xmax>
      <ymax>1752</ymax>
    </bndbox>
  </object>
  <object>
    <name>powerline</name>
    <pose>Unspecified</pose>
    <truncated>0</truncated>
    <difficult>0</difficult>
    <bndbox>
      <xmin>2042</xmin>
      <ymin>16</ymin>
      <xmax>2218</xmax>
      <ymax>1060</ymax>
    </bndbox>
  </object>
  <object>
    <name>powerline</name>
    <pose>Unspecified</pose>
    <truncated>0</truncated>
    <difficult>0</difficult>
    <bndbox>
      <xmin>3378</xmin>
      <ymin>1</ymin>
      <xmax>3702</xmax>
      <ymax>756</ymax>
    </bndbox>
  </object>
  <object>
    <name>insulator</name>
    <pose>Unspecified</pose>
    <truncated>0</truncated>
    <difficult>0</difficult>
    <bndbox>
      <xmin>2214</xmin>
      <ymin>1300</ymin>
      <xmax>2310</xmax>
      <ymax>1492</ymax>
    </bndbox>
  </object>
  <object>
    <name>insulator</name>
    <pose>Unspecified</pose>
    <truncated>0</truncated>
    <difficult>0</difficult>
    <bndbox>
      <xmin>2286</xmin>
      <ymin>1572</ymin>
      <xmax>2374</xmax>
      <ymax>1824</ymax>
    </bndbox>
  </object>
  <object>
    <name>insulator</name>
    <pose>Unspecified</pose>
    <truncated>0</truncated>
    <difficult>0</difficult>
    <bndbox>
      <xmin>2426</xmin>
      <ymin>1624</ymin>
      <xmax>2670</xmax>
      <ymax>1816</ymax>
    </bndbox>
  </object>
  <object>
    <name>insulator</name>
    <pose>Unspecified</pose>
    <truncated>0</truncated>
    <difficult>0</difficult>
    <bndbox>
      <xmin>3310</xmin>
      <ymin>1004</ymin>
      <xmax>3490</xmax>
      <ymax>1216</ymax>
    </bndbox>
  </object>
  <object>
    <name>insulator</name>
    <pose>Unspecified</pose>
    <truncated>0</truncated>
    <difficult>0</difficult>
    <bndbox>
      <xmin>3526</xmin>
      <ymin>1392</ymin>
      <xmax>3850</xmax>
      <ymax>1660</ymax>
    </bndbox>
  </object>
  <object>
    <name>insulator</name>
    <pose>Unspecified</pose>
    <truncated>0</truncated>
    <difficult>0</difficult>
    <bndbox>
      <xmin>3482</xmin>
      <ymin>1656</ymin>
      <xmax>3650</xmax>
      <ymax>1848</ymax>
    </bndbox>
  </object>
  <object>
    <name>insulator</name>
    <pose>Unspecified</pose>
    <truncated>0</truncated>
    <difficult>0</difficult>
    <bndbox>
      <xmin>3726</xmin>
      <ymin>2072</ymin>
      <xmax>4038</xmax>
      <ymax>2320</ymax>
    </bndbox>
  </object>
  <object>
    <name>insulator</name>
    <pose>Unspecified</pose>
    <truncated>0</truncated>
    <difficult>0</difficult>
    <bndbox>
      <xmin>2010</xmin>
      <ymin>1992</ymin>
      <xmax>2106</xmax>
      <ymax>2168</ymax>
    </bndbox>
  </object>
  <object>
    <name>insulator</name>
    <pose>Unspecified</pose>
    <truncated>0</truncated>
    <difficult>0</difficult>
    <bndbox>
      <xmin>2106</xmin>
      <ymin>2264</ymin>
      <xmax>2190</xmax>
      <ymax>2512</ymax>
    </bndbox>
  </object>
  <object>
    <name>insulator</name>
    <pose>Unspecified</pose>
    <truncated>0</truncated>
    <difficult>0</difficult>
    <bndbox>
      <xmin>2270</xmin>
      <ymin>2328</ymin>
      <xmax>2514</xmax>
      <ymax>2500</ymax>
    </bndbox>
  </object>
  <object>
    <name>insulator</name>
    <pose>Unspecified</pose>
    <truncated>0</truncated>
    <difficult>0</difficult>
    <bndbox>
      <xmin>3342</xmin>
      <ymin>2392</ymin>
      <xmax>3514</xmax>
      <ymax>2580</ymax>
    </bndbox>
  </object>
  <object>
    <name>insulator</name>
    <pose>Unspecified</pose>
    <truncated>0</truncated>
    <difficult>0</difficult>
    <bndbox>
      <xmin>2046</xmin>
      <ymin>2680</ymin>
      <xmax>2146</xmax>
      <ymax>2844</ymax>
    </bndbox>
  </object>
  <object>
    <name>insulator</name>
    <pose>Unspecified</pose>
    <truncated>0</truncated>
    <difficult>0</difficult>
    <bndbox>
      <xmin>3654</xmin>
      <ymin>2804</ymin>
      <xmax>3978</xmax>
      <ymax>3068</ymax>
    </bndbox>
  </object>
  <object>
    <name>insulator</name>
    <pose>Unspecified</pose>
    <truncated>0</truncated>
    <difficult>0</difficult>
    <bndbox>
      <xmin>2166</xmin>
      <ymin>2956</ymin>
      <xmax>2262</xmax>
      <ymax>3236</ymax>
    </bndbox>
  </object>
  <object>
    <name>insulator</name>
    <pose>Unspecified</pose>
    <truncated>0</truncated>
    <difficult>0</difficult>
    <bndbox>
      <xmin>2358</xmin>
      <ymin>3020</ymin>
      <xmax>2626</xmax>
      <ymax>3196</ymax>
    </bndbox>
  </object>
  <object>
    <name>hammer</name>
    <pose>Unspecified</pose>
    <truncated>0</truncated>
    <difficult>0</difficult>
    <bndbox>
      <xmin>2203</xmin>
      <ymin>1081</ymin>
      <xmax>2240</xmax>
      <ymax>1160</ymax>
    </bndbox>
  </object>
  <object>
    <name>hammer</name>
    <pose>Unspecified</pose>
    <truncated>0</truncated>
    <difficult>0</difficult>
    <bndbox>
      <xmin>3329</xmin>
      <ymin>850</ymin>
      <xmax>3389</xmax>
      <ymax>894</ymax>
    </bndbox>
  </object>
  <object>
    <name>hammer</name>
    <pose>Unspecified</pose>
    <truncated>0</truncated>
    <difficult>0</difficult>
    <bndbox>
      <xmin>3403</xmin>
      <ymin>792</ymin>
      <xmax>3429</xmax>
      <ymax>870</ymax>
    </bndbox>
  </object>
  <object>
    <name>hammer</name>
    <pose>Unspecified</pose>
    <truncated>0</truncated>
    <difficult>0</difficult>
    <bndbox>
      <xmin>3432</xmin>
      <ymin>916</ymin>
      <xmax>3492</xmax>
      <ymax>965</ymax>
    </bndbox>
  </object>
  <object>
    <name>hammer</name>
    <pose>Unspecified</pose>
    <truncated>0</truncated>
    <difficult>0</difficult>
    <bndbox>
      <xmin>4019</xmin>
      <ymin>1787</ymin>
      <xmax>4107</xmax>
      <ymax>1854</ymax>
    </bndbox>
  </object>
  <object>
    <name>hammer</name>
    <pose>Unspecified</pose>
    <truncated>0</truncated>
    <difficult>0</difficult>
    <bndbox>
      <xmin>3430</xmin>
      <ymin>2198</ymin>
      <xmax>3461</xmax>
      <ymax>2263</ymax>
    </bndbox>
  </object>
  <object>
    <name>hammer</name>
    <pose>Unspecified</pose>
    <truncated>0</truncated>
    <difficult>0</difficult>
    <bndbox>
      <xmin>1981</xmin>
      <ymin>1796</ymin>
      <xmax>2021</xmax>
      <ymax>1874</ymax>
    </bndbox>
  </object>
  <object>
    <name>hammer</name>
    <pose>Unspecified</pose>
    <truncated>0</truncated>
    <difficult>0</difficult>
    <bndbox>
      <xmin>2023</xmin>
      <ymin>2510</ymin>
      <xmax>2061</xmax>
      <ymax>2578</ymax>
    </bndbox>
  </object>
  <object>
    <name>hammer</name>
    <pose>Unspecified</pose>
    <truncated>0</truncated>
    <difficult>0</difficult>
    <bndbox>
      <xmin>4176</xmin>
      <ymin>3194</ymin>
      <xmax>4261</xmax>
      <ymax>3261</ymax>
    </bndbox>
  </object>
  <object>
    <name>hammer</name>
    <pose>Unspecified</pose>
    <truncated>0</truncated>
    <difficult>0</difficult>
    <bndbox>
      <xmin>4241</xmin>
      <ymin>2465</ymin>
      <xmax>4338</xmax>
      <ymax>2525</ymax>
    </bndbox>
  </object>
  <object>
    <name>powerline</name>
    <pose>Unspecified</pose>
    <truncated>0</truncated>
    <difficult>0</difficult>
    <bndbox>
      <xmin>3607</xmin>
      <ymin>2398</ymin>
      <xmax>4147</xmax>
      <ymax>2761</ymax>
    </bndbox>
  </object>
  <object>
    <name>powerline</name>
    <pose>Unspecified</pose>
    <truncated>0</truncated>
    <difficult>0</difficult>
    <bndbox>
      <xmin>4212</xmin>
      <ymin>2783</ymin>
      <xmax>4829</xmax>
      <ymax>3181</ymax>
    </bndbox>
  </object>
  <object>
    <name>powerline</name>
    <pose>Unspecified</pose>
    <truncated>0</truncated>
    <difficult>0</difficult>
    <bndbox>
      <xmin>3470</xmin>
      <ymin>3059</ymin>
      <xmax>4190</xmax>
      <ymax>3492</ymax>
    </bndbox>
  </object>
  <object>
    <name>powerline</name>
    <pose>Unspecified</pose>
    <truncated>0</truncated>
    <difficult>0</difficult>
    <bndbox>
      <xmin>4323</xmin>
      <ymin>3278</ymin>
      <xmax>5087</xmax>
      <ymax>3749</ymax>
    </bndbox>
  </object>
  <object>
    <name>powerline</name>
    <pose>Unspecified</pose>
    <truncated>0</truncated>
    <difficult>0</difficult>
    <bndbox>
      <xmin>3258</xmin>
      <ymin>3554</ymin>
      <xmax>3814</xmax>
      <ymax>3863</ymax>
    </bndbox>
  </object>
  <object>
    <name>hammer</name>
    <pose>Unspecified</pose>
    <truncated>0</truncated>
    <difficult>0</difficult>
    <bndbox>
      <xmin>2863</xmin>
      <ymin>3345</ymin>
      <xmax>2959</xmax>
      <ymax>3410</ymax>
    </bndbox>
  </object>
</annotation>
