<annotation>
  <folder>0101</folder>
  <filename>201</filename>
  <path>/home/power/workspace/qj_power_images/img01/0101/201.JPG</path>
  <source>
    <database>Unknown</database>
  </source>
  <size>
    <width>4608</width>
    <height>3456</height>
    <depth>3</depth>
  </size>
  <segmented>0</segmented>
  <object>
    <name>powerline</name>
    <pose>Unspecified</pose>
    <truncated>0</truncated>
    <difficult>0</difficult>
    <bndbox>
      <xmin>837</xmin>
      <ymin>8</ymin>
      <xmax>1049</xmax>
      <ymax>1287</ymax>
    </bndbox>
  </object>
  <object>
    <name>powerline</name>
    <pose>Unspecified</pose>
    <truncated>0</truncated>
    <difficult>0</difficult>
    <bndbox>
      <xmin>1299</xmin>
      <ymin>1</ymin>
      <xmax>1372</xmax>
      <ymax>1132</ymax>
    </bndbox>
  </object>
  <object>
    <name>powerline</name>
    <pose>Unspecified</pose>
    <truncated>0</truncated>
    <difficult>0</difficult>
    <bndbox>
      <xmin>1549</xmin>
      <ymin>1</ymin>
      <xmax>1772</xmax>
      <ymax>1234</ymax>
    </bndbox>
  </object>
</annotation>
