<annotation>
  <folder>0101</folder>
  <filename>202</filename>
  <path>/home/power/workspace/qj_power_images/img01/0101/202.JPG</path>
  <source>
    <database>Unknown</database>
  </source>
  <size>
    <width>4608</width>
    <height>3456</height>
    <depth>3</depth>
  </size>
  <segmented>0</segmented>
  <object>
    <name>powerline</name>
    <pose>Unspecified</pose>
    <truncated>0</truncated>
    <difficult>0</difficult>
    <bndbox>
      <xmin>2366</xmin>
      <ymin>3</ymin>
      <xmax>2452</xmax>
      <ymax>1285</ymax>
    </bndbox>
  </object>
  <object>
    <name>powerline</name>
    <pose>Unspecified</pose>
    <truncated>0</truncated>
    <difficult>0</difficult>
    <bndbox>
      <xmin>2566</xmin>
      <ymin>24</ymin>
      <xmax>2773</xmax>
      <ymax>1038</ymax>
    </bndbox>
  </object>
  <object>
    <name>powerline</name>
    <pose>Unspecified</pose>
    <truncated>0</truncated>
    <difficult>0</difficult>
    <bndbox>
      <xmin>2877</xmin>
      <ymin>24</ymin>
      <xmax>3223</xmax>
      <ymax>1003</ymax>
    </bndbox>
  </object>
</annotation>
