<annotation>
  <folder>0101</folder>
  <filename>204</filename>
  <path>/home/power/workspace/qj_power_images/img01/0101/204.JPG</path>
  <source>
    <database>Unknown</database>
  </source>
  <size>
    <width>4608</width>
    <height>3456</height>
    <depth>3</depth>
  </size>
  <segmented>0</segmented>
  <object>
    <name>hammer</name>
    <pose>Unspecified</pose>
    <truncated>0</truncated>
    <difficult>0</difficult>
    <bndbox>
      <xmin>95</xmin>
      <ymin>1688</ymin>
      <xmax>220</xmax>
      <ymax>1756</ymax>
    </bndbox>
  </object>
  <object>
    <name>insulator</name>
    <pose>Unspecified</pose>
    <truncated>0</truncated>
    <difficult>0</difficult>
    <bndbox>
      <xmin>466</xmin>
      <ymin>1885</ymin>
      <xmax>862</xmax>
      <ymax>2131</ymax>
    </bndbox>
  </object>
  <object>
    <name>hammer</name>
    <pose>Unspecified</pose>
    <truncated>0</truncated>
    <difficult>0</difficult>
    <bndbox>
      <xmin>1284</xmin>
      <ymin>1053</ymin>
      <xmax>1395</xmax>
      <ymax>1128</ymax>
    </bndbox>
  </object>
  <object>
    <name>hammer</name>
    <pose>Unspecified</pose>
    <truncated>0</truncated>
    <difficult>0</difficult>
    <bndbox>
      <xmin>1348</xmin>
      <ymin>1367</ymin>
      <xmax>1480</xmax>
      <ymax>1488</ymax>
    </bndbox>
  </object>
  <object>
    <name>insulator</name>
    <pose>Unspecified</pose>
    <truncated>0</truncated>
    <difficult>0</difficult>
    <bndbox>
      <xmin>1662</xmin>
      <ymin>1617</ymin>
      <xmax>2080</xmax>
      <ymax>1895</ymax>
    </bndbox>
  </object>
  <object>
    <name>insulator</name>
    <pose>Unspecified</pose>
    <truncated>0</truncated>
    <difficult>0</difficult>
    <bndbox>
      <xmin>1195</xmin>
      <ymin>2385</ymin>
      <xmax>1516</xmax>
      <ymax>2610</ymax>
    </bndbox>
  </object>
  <object>
    <name>insulator</name>
    <pose>Unspecified</pose>
    <truncated>0</truncated>
    <difficult>0</difficult>
    <bndbox>
      <xmin>2384</xmin>
      <ymin>2195</ymin>
      <xmax>2734</xmax>
      <ymax>2460</ymax>
    </bndbox>
  </object>
  <object>
    <name>insulator</name>
    <pose>Unspecified</pose>
    <truncated>0</truncated>
    <difficult>0</difficult>
    <bndbox>
      <xmin>3259</xmin>
      <ymin>1220</ymin>
      <xmax>3712</xmax>
      <ymax>1545</ymax>
    </bndbox>
  </object>
  <object>
    <name>insulator</name>
    <pose>Unspecified</pose>
    <truncated>0</truncated>
    <difficult>0</difficult>
    <bndbox>
      <xmin>3898</xmin>
      <ymin>1931</ymin>
      <xmax>4284</xmax>
      <ymax>2242</ymax>
    </bndbox>
  </object>
  <object>
    <name>hammer</name>
    <pose>Unspecified</pose>
    <truncated>0</truncated>
    <difficult>0</difficult>
    <bndbox>
      <xmin>3009</xmin>
      <ymin>924</ymin>
      <xmax>3137</xmax>
      <ymax>1053</ymax>
    </bndbox>
  </object>
  <object>
    <name>hammer</name>
    <pose>Unspecified</pose>
    <truncated>0</truncated>
    <difficult>0</difficult>
    <bndbox>
      <xmin>3234</xmin>
      <ymin>510</ymin>
      <xmax>3316</xmax>
      <ymax>599</ymax>
    </bndbox>
  </object>
  <object>
    <name>hammer</name>
    <pose>Unspecified</pose>
    <truncated>0</truncated>
    <difficult>0</difficult>
    <bndbox>
      <xmin>3645</xmin>
      <ymin>1031</ymin>
      <xmax>3727</xmax>
      <ymax>1106</ymax>
    </bndbox>
  </object>
  <object>
    <name>hammer</name>
    <pose>Unspecified</pose>
    <truncated>0</truncated>
    <difficult>0</difficult>
    <bndbox>
      <xmin>3773</xmin>
      <ymin>1170</ymin>
      <xmax>3841</xmax>
      <ymax>1263</ymax>
    </bndbox>
  </object>
  <object>
    <name>hammer</name>
    <pose>Unspecified</pose>
    <truncated>0</truncated>
    <difficult>0</difficult>
    <bndbox>
      <xmin>2898</xmin>
      <ymin>2681</ymin>
      <xmax>2984</xmax>
      <ymax>2767</ymax>
    </bndbox>
  </object>
  <object>
    <name>hammer</name>
    <pose>Unspecified</pose>
    <truncated>0</truncated>
    <difficult>0</difficult>
    <bndbox>
      <xmin>3059</xmin>
      <ymin>2849</ymin>
      <xmax>3159</xmax>
      <ymax>2931</ymax>
    </bndbox>
  </object>
  <object>
    <name>powerline</name>
    <pose>Unspecified</pose>
    <truncated>0</truncated>
    <difficult>0</difficult>
    <bndbox>
      <xmin>12</xmin>
      <ymin>353</ymin>
      <xmax>1202</xmax>
      <ymax>1256</ymax>
    </bndbox>
  </object>
  <object>
    <name>powerline</name>
    <pose>Unspecified</pose>
    <truncated>0</truncated>
    <difficult>0</difficult>
    <bndbox>
      <xmin>2141</xmin>
      <ymin>3</ymin>
      <xmax>2937</xmax>
      <ymax>838</ymax>
    </bndbox>
  </object>
</annotation>
