<annotation>
  <folder>0101</folder>
  <filename>205</filename>
  <path>/home/power/workspace/qj_power_images/img01/0101/205.JPG</path>
  <source>
    <database>Unknown</database>
  </source>
  <size>
    <width>2448</width>
    <height>3264</height>
    <depth>3</depth>
  </size>
  <segmented>0</segmented>
  <object>
    <name>powerline</name>
    <pose>Unspecified</pose>
    <truncated>0</truncated>
    <difficult>0</difficult>
    <bndbox>
      <xmin>1694</xmin>
      <ymin>4</ymin>
      <xmax>1980</xmax>
      <ymax>704</ymax>
    </bndbox>
  </object>
</annotation>
