<annotation>
  <folder>0101</folder>
  <filename>206</filename>
  <path>/home/power/workspace/qj_power_images/img01/0101/206.JPG</path>
  <source>
    <database>Unknown</database>
  </source>
  <size>
    <width>4608</width>
    <height>3456</height>
    <depth>3</depth>
  </size>
  <segmented>0</segmented>
  <object>
    <name>powerline</name>
    <pose>Unspecified</pose>
    <truncated>0</truncated>
    <difficult>0</difficult>
    <bndbox>
      <xmin>1330</xmin>
      <ymin>17</ymin>
      <xmax>1570</xmax>
      <ymax>1556</ymax>
    </bndbox>
  </object>
  <object>
    <name>powerline</name>
    <pose>Unspecified</pose>
    <truncated>0</truncated>
    <difficult>0</difficult>
    <bndbox>
      <xmin>1970</xmin>
      <ymin>6</ymin>
      <xmax>2320</xmax>
      <ymax>1431</ymax>
    </bndbox>
  </object>
  <object>
    <name>powerline</name>
    <pose>Unspecified</pose>
    <truncated>0</truncated>
    <difficult>0</difficult>
    <bndbox>
      <xmin>2316</xmin>
      <ymin>6</ymin>
      <xmax>2930</xmax>
      <ymax>1303</ymax>
    </bndbox>
  </object>
  <object>
    <name>powerline</name>
    <pose>Unspecified</pose>
    <truncated>0</truncated>
    <difficult>0</difficult>
    <bndbox>
      <xmin>802</xmin>
      <ymin>31</ymin>
      <xmax>1305</xmax>
      <ymax>1310</ymax>
    </bndbox>
  </object>
</annotation>
