<annotation>
  <folder>0101</folder>
  <filename>207</filename>
  <path>/home/power/workspace/qj_power_images/img01/0101/207.JPG</path>
  <source>
    <database>Unknown</database>
  </source>
  <size>
    <width>4608</width>
    <height>3456</height>
    <depth>3</depth>
  </size>
  <segmented>0</segmented>
  <object>
    <name>powerline</name>
    <pose>Unspecified</pose>
    <truncated>0</truncated>
    <difficult>0</difficult>
    <bndbox>
      <xmin>1284</xmin>
      <ymin>13</ymin>
      <xmax>1966</xmax>
      <ymax>1803</ymax>
    </bndbox>
  </object>
  <object>
    <name>powerline</name>
    <pose>Unspecified</pose>
    <truncated>0</truncated>
    <difficult>0</difficult>
    <bndbox>
      <xmin>2455</xmin>
      <ymin>31</ymin>
      <xmax>2930</xmax>
      <ymax>1985</ymax>
    </bndbox>
  </object>
  <object>
    <name>powerline</name>
    <pose>Unspecified</pose>
    <truncated>0</truncated>
    <difficult>0</difficult>
    <bndbox>
      <xmin>2984</xmin>
      <ymin>53</ymin>
      <xmax>4595</xmax>
      <ymax>1960</ymax>
    </bndbox>
  </object>
</annotation>
