<annotation>
  <folder>0101</folder>
  <filename>208</filename>
  <path>/home/power/workspace/qj_power_images/img01/0101/208.JPG</path>
  <source>
    <database>Unknown</database>
  </source>
  <size>
    <width>4608</width>
    <height>3456</height>
    <depth>3</depth>
  </size>
  <segmented>0</segmented>
  <object>
    <name>powerline</name>
    <pose>Unspecified</pose>
    <truncated>0</truncated>
    <difficult>0</difficult>
    <bndbox>
      <xmin>621</xmin>
      <ymin>4</ymin>
      <xmax>1744</xmax>
      <ymax>1163</ymax>
    </bndbox>
  </object>
  <object>
    <name>powerline</name>
    <pose>Unspecified</pose>
    <truncated>0</truncated>
    <difficult>0</difficult>
    <bndbox>
      <xmin>1770</xmin>
      <ymin>10</ymin>
      <xmax>2284</xmax>
      <ymax>1060</ymax>
    </bndbox>
  </object>
  <object>
    <name>insulator</name>
    <pose>Unspecified</pose>
    <truncated>0</truncated>
    <difficult>0</difficult>
    <bndbox>
      <xmin>1513</xmin>
      <ymin>1354</ymin>
      <xmax>1554</xmax>
      <ymax>1527</ymax>
    </bndbox>
  </object>
  <object>
    <name>space</name>
    <pose>Unspecified</pose>
    <truncated>0</truncated>
    <difficult>0</difficult>
    <bndbox>
      <xmin>627</xmin>
      <ymin>1841</ymin>
      <xmax>648</xmax>
      <ymax>1864</ymax>
    </bndbox>
  </object>
  <object>
    <name>space</name>
    <pose>Unspecified</pose>
    <truncated>0</truncated>
    <difficult>0</difficult>
    <bndbox>
      <xmin>960</xmin>
      <ymin>1868</ymin>
      <xmax>974</xmax>
      <ymax>1889</ymax>
    </bndbox>
  </object>
  <object>
    <name>space</name>
    <pose>Unspecified</pose>
    <truncated>0</truncated>
    <difficult>0</difficult>
    <bndbox>
      <xmin>278</xmin>
      <ymin>2224</ymin>
      <xmax>293</xmax>
      <ymax>2240</ymax>
    </bndbox>
  </object>
  <object>
    <name>space</name>
    <pose>Unspecified</pose>
    <truncated>0</truncated>
    <difficult>0</difficult>
    <bndbox>
      <xmin>1251</xmin>
      <ymin>1954</ymin>
      <xmax>1265</xmax>
      <ymax>1975</ymax>
    </bndbox>
  </object>
  <object>
    <name>insulator</name>
    <pose>Unspecified</pose>
    <truncated>0</truncated>
    <difficult>0</difficult>
    <bndbox>
      <xmin>1773</xmin>
      <ymin>1198</ymin>
      <xmax>1862</xmax>
      <ymax>1258</ymax>
    </bndbox>
  </object>
  <object>
    <name>insulator</name>
    <pose>Unspecified</pose>
    <truncated>0</truncated>
    <difficult>0</difficult>
    <bndbox>
      <xmin>1866</xmin>
      <ymin>1305</ymin>
      <xmax>1950</xmax>
      <ymax>1372</ymax>
    </bndbox>
  </object>
  <object>
    <name>insulator</name>
    <pose>Unspecified</pose>
    <truncated>0</truncated>
    <difficult>0</difficult>
    <bndbox>
      <xmin>2320</xmin>
      <ymin>1173</ymin>
      <xmax>2404</xmax>
      <ymax>1229</ymax>
    </bndbox>
  </object>
  <object>
    <name>insulator</name>
    <pose>Unspecified</pose>
    <truncated>0</truncated>
    <difficult>0</difficult>
    <bndbox>
      <xmin>2375</xmin>
      <ymin>1271</ymin>
      <xmax>2448</xmax>
      <ymax>1343</ymax>
    </bndbox>
  </object>
  <object>
    <name>insulator</name>
    <pose>Unspecified</pose>
    <truncated>0</truncated>
    <difficult>0</difficult>
    <bndbox>
      <xmin>1788</xmin>
      <ymin>1439</ymin>
      <xmax>1821</xmax>
      <ymax>1589</ymax>
    </bndbox>
  </object>
  <object>
    <name>insulator</name>
    <pose>Unspecified</pose>
    <truncated>0</truncated>
    <difficult>0</difficult>
    <bndbox>
      <xmin>2022</xmin>
      <ymin>1568</ymin>
      <xmax>2055</xmax>
      <ymax>1710</ymax>
    </bndbox>
  </object>
  <object>
    <name>hammer</name>
    <pose>Unspecified</pose>
    <truncated>0</truncated>
    <difficult>0</difficult>
    <bndbox>
      <xmin>1939</xmin>
      <ymin>1395</ymin>
      <xmax>1960</xmax>
      <ymax>1414</ymax>
    </bndbox>
  </object>
  <object>
    <name>hammer</name>
    <pose>Unspecified</pose>
    <truncated>0</truncated>
    <difficult>0</difficult>
    <bndbox>
      <xmin>2426</xmin>
      <ymin>1372</ymin>
      <xmax>2442</xmax>
      <ymax>1395</ymax>
    </bndbox>
  </object>
  <object>
    <name>insulator</name>
    <pose>Unspecified</pose>
    <truncated>0</truncated>
    <difficult>0</difficult>
    <bndbox>
      <xmin>2894</xmin>
      <ymin>1136</ymin>
      <xmax>2968</xmax>
      <ymax>1191</ymax>
    </bndbox>
  </object>
  <object>
    <name>insulator</name>
    <pose>Unspecified</pose>
    <truncated>0</truncated>
    <difficult>0</difficult>
    <bndbox>
      <xmin>2902</xmin>
      <ymin>1241</ymin>
      <xmax>2971</xmax>
      <ymax>1320</ymax>
    </bndbox>
  </object>
  <object>
    <name>powerline</name>
    <pose>Unspecified</pose>
    <truncated>0</truncated>
    <difficult>0</difficult>
    <bndbox>
      <xmin>2862</xmin>
      <ymin>1</ymin>
      <xmax>2931</xmax>
      <ymax>966</ymax>
    </bndbox>
  </object>
  <object>
    <name>powerline</name>
    <pose>Unspecified</pose>
    <truncated>0</truncated>
    <difficult>0</difficult>
    <bndbox>
      <xmin>2625</xmin>
      <ymin>1</ymin>
      <xmax>2758</xmax>
      <ymax>797</ymax>
    </bndbox>
  </object>
  <object>
    <name>powerline</name>
    <pose>Unspecified</pose>
    <truncated>0</truncated>
    <difficult>0</difficult>
    <bndbox>
      <xmin>2927</xmin>
      <ymin>1376</ymin>
      <xmax>2998</xmax>
      <ymax>1894</ymax>
    </bndbox>
  </object>
  <object>
    <name>powerline</name>
    <pose>Unspecified</pose>
    <truncated>0</truncated>
    <difficult>0</difficult>
    <bndbox>
      <xmin>3105</xmin>
      <ymin>1238</ymin>
      <xmax>4387</xmax>
      <ymax>1699</ymax>
    </bndbox>
  </object>
</annotation>
