<annotation>
  <folder>0101</folder>
  <filename>209</filename>
  <path>/home/power/workspace/qj_power_images/img01/0101/209.JPG</path>
  <source>
    <database>Unknown</database>
  </source>
  <size>
    <width>4608</width>
    <height>3456</height>
    <depth>3</depth>
  </size>
  <segmented>0</segmented>
  <object>
    <name>powerline</name>
    <pose>Unspecified</pose>
    <truncated>0</truncated>
    <difficult>0</difficult>
    <bndbox>
      <xmin>12</xmin>
      <ymin>674</ymin>
      <xmax>1009</xmax>
      <ymax>1753</ymax>
    </bndbox>
  </object>
  <object>
    <name>powerline</name>
    <pose>Unspecified</pose>
    <truncated>0</truncated>
    <difficult>0</difficult>
    <bndbox>
      <xmin>1448</xmin>
      <ymin>17</ymin>
      <xmax>2259</xmax>
      <ymax>1678</ymax>
    </bndbox>
  </object>
  <object>
    <name>powerline</name>
    <pose>Unspecified</pose>
    <truncated>0</truncated>
    <difficult>0</difficult>
    <bndbox>
      <xmin>930</xmin>
      <ymin>3</ymin>
      <xmax>1623</xmax>
      <ymax>1238</ymax>
    </bndbox>
  </object>
  <object>
    <name>powerline</name>
    <pose>Unspecified</pose>
    <truncated>0</truncated>
    <difficult>0</difficult>
    <bndbox>
      <xmin>3070</xmin>
      <ymin>13</ymin>
      <xmax>3237</xmax>
      <ymax>1120</ymax>
    </bndbox>
  </object>
  <object>
    <name>powerline</name>
    <pose>Unspecified</pose>
    <truncated>0</truncated>
    <difficult>0</difficult>
    <bndbox>
      <xmin>3505</xmin>
      <ymin>17</ymin>
      <xmax>3652</xmax>
      <ymax>1678</ymax>
    </bndbox>
  </object>
  <object>
    <name>insulator</name>
    <pose>Unspecified</pose>
    <truncated>0</truncated>
    <difficult>0</difficult>
    <bndbox>
      <xmin>462</xmin>
      <ymin>2195</ymin>
      <xmax>570</xmax>
      <ymax>2581</ymax>
    </bndbox>
  </object>
  <object>
    <name>insulator</name>
    <pose>Unspecified</pose>
    <truncated>0</truncated>
    <difficult>0</difficult>
    <bndbox>
      <xmin>1055</xmin>
      <ymin>1860</ymin>
      <xmax>1280</xmax>
      <ymax>1985</ymax>
    </bndbox>
  </object>
  <object>
    <name>insulator</name>
    <pose>Unspecified</pose>
    <truncated>0</truncated>
    <difficult>0</difficult>
    <bndbox>
      <xmin>1262</xmin>
      <ymin>2088</ymin>
      <xmax>1441</xmax>
      <ymax>2242</ymax>
    </bndbox>
  </object>
  <object>
    <name>insulator</name>
    <pose>Unspecified</pose>
    <truncated>0</truncated>
    <difficult>0</difficult>
    <bndbox>
      <xmin>2273</xmin>
      <ymin>1824</ymin>
      <xmax>2455</xmax>
      <ymax>1953</ymax>
    </bndbox>
  </object>
  <object>
    <name>insulator</name>
    <pose>Unspecified</pose>
    <truncated>0</truncated>
    <difficult>0</difficult>
    <bndbox>
      <xmin>3530</xmin>
      <ymin>1767</ymin>
      <xmax>3705</xmax>
      <ymax>1885</ymax>
    </bndbox>
  </object>
  <object>
    <name>insulator</name>
    <pose>Unspecified</pose>
    <truncated>0</truncated>
    <difficult>0</difficult>
    <bndbox>
      <xmin>2380</xmin>
      <ymin>2049</ymin>
      <xmax>2559</xmax>
      <ymax>2210</ymax>
    </bndbox>
  </object>
  <object>
    <name>insulator</name>
    <pose>Unspecified</pose>
    <truncated>0</truncated>
    <difficult>0</difficult>
    <bndbox>
      <xmin>3562</xmin>
      <ymin>1999</ymin>
      <xmax>3705</xmax>
      <ymax>2178</ymax>
    </bndbox>
  </object>
  <object>
    <name>insulator</name>
    <pose>Unspecified</pose>
    <truncated>0</truncated>
    <difficult>0</difficult>
    <bndbox>
      <xmin>1070</xmin>
      <ymin>2374</ymin>
      <xmax>1173</xmax>
      <ymax>2713</ymax>
    </bndbox>
  </object>
  <object>
    <name>insulator</name>
    <pose>Unspecified</pose>
    <truncated>0</truncated>
    <difficult>0</difficult>
    <bndbox>
      <xmin>1577</xmin>
      <ymin>2667</ymin>
      <xmax>1673</xmax>
      <ymax>2992</ymax>
    </bndbox>
  </object>
  <object>
    <name>powerline</name>
    <pose>Unspecified</pose>
    <truncated>0</truncated>
    <difficult>0</difficult>
    <bndbox>
      <xmin>3595</xmin>
      <ymin>2220</ymin>
      <xmax>3772</xmax>
      <ymax>3456</ymax>
    </bndbox>
  </object>
  <object>
    <name>hammer</name>
    <pose>Unspecified</pose>
    <truncated>0</truncated>
    <difficult>0</difficult>
    <bndbox>
      <xmin>1426</xmin>
      <ymin>2289</ymin>
      <xmax>1464</xmax>
      <ymax>2337</ymax>
    </bndbox>
  </object>
  <object>
    <name>space</name>
    <pose>Unspecified</pose>
    <truncated>0</truncated>
    <difficult>0</difficult>
    <bndbox>
      <xmin>3233</xmin>
      <ymin>2620</ymin>
      <xmax>3260</xmax>
      <ymax>2666</ymax>
    </bndbox>
  </object>
  <object>
    <name>space</name>
    <pose>Unspecified</pose>
    <truncated>0</truncated>
    <difficult>0</difficult>
    <bndbox>
      <xmin>3637</xmin>
      <ymin>2947</ymin>
      <xmax>3670</xmax>
      <ymax>2993</ymax>
    </bndbox>
  </object>
  <object>
    <name>powerline</name>
    <pose>Unspecified</pose>
    <truncated>0</truncated>
    <difficult>0</difficult>
    <bndbox>
      <xmin>3329</xmin>
      <ymin>1964</ymin>
      <xmax>3539</xmax>
      <ymax>3212</ymax>
    </bndbox>
  </object>
  <object>
    <name>powerline</name>
    <pose>Unspecified</pose>
    <truncated>0</truncated>
    <difficult>0</difficult>
    <bndbox>
      <xmin>3793</xmin>
      <ymin>2306</ymin>
      <xmax>4608</xmax>
      <ymax>2445</ymax>
    </bndbox>
  </object>
  <object>
    <name>powerline</name>
    <pose>Unspecified</pose>
    <truncated>0</truncated>
    <difficult>0</difficult>
    <bndbox>
      <xmin>3791</xmin>
      <ymin>2520</ymin>
      <xmax>4608</xmax>
      <ymax>2647</ymax>
    </bndbox>
  </object>
  <object>
    <name>powerline</name>
    <pose>Unspecified</pose>
    <truncated>0</truncated>
    <difficult>0</difficult>
    <bndbox>
      <xmin>3816</xmin>
      <ymin>2887</ymin>
      <xmax>4608</xmax>
      <ymax>2999</ymax>
    </bndbox>
  </object>
</annotation>
