<annotation>
  <folder>0101</folder>
  <filename>211</filename>
  <path>/home/power/workspace/qj_power_images/img01/0101/211.JPG</path>
  <source>
    <database>Unknown</database>
  </source>
  <size>
    <width>4608</width>
    <height>3456</height>
    <depth>3</depth>
  </size>
  <segmented>0</segmented>
  <object>
    <name>insulator</name>
    <pose>Unspecified</pose>
    <truncated>0</truncated>
    <difficult>0</difficult>
    <bndbox>
      <xmin>447</xmin>
      <ymin>1157</ymin>
      <xmax>470</xmax>
      <ymax>1297</ymax>
    </bndbox>
  </object>
  <object>
    <name>insulator</name>
    <pose>Unspecified</pose>
    <truncated>0</truncated>
    <difficult>0</difficult>
    <bndbox>
      <xmin>741</xmin>
      <ymin>1242</ymin>
      <xmax>757</xmax>
      <ymax>1364</ymax>
    </bndbox>
  </object>
  <object>
    <name>insulator</name>
    <pose>Unspecified</pose>
    <truncated>0</truncated>
    <difficult>0</difficult>
    <bndbox>
      <xmin>969</xmin>
      <ymin>1360</ymin>
      <xmax>988</xmax>
      <ymax>1485</ymax>
    </bndbox>
  </object>
  <object>
    <name>powerline</name>
    <pose>Unspecified</pose>
    <truncated>0</truncated>
    <difficult>0</difficult>
    <bndbox>
      <xmin>1799</xmin>
      <ymin>7</ymin>
      <xmax>1997</xmax>
      <ymax>1391</ymax>
    </bndbox>
  </object>
  <object>
    <name>powerline</name>
    <pose>Unspecified</pose>
    <truncated>0</truncated>
    <difficult>0</difficult>
    <bndbox>
      <xmin>2405</xmin>
      <ymin>166</ymin>
      <xmax>2832</xmax>
      <ymax>1435</ymax>
    </bndbox>
  </object>
  <object>
    <name>powerline</name>
    <pose>Unspecified</pose>
    <truncated>0</truncated>
    <difficult>0</difficult>
    <bndbox>
      <xmin>2879</xmin>
      <ymin>8</ymin>
      <xmax>3910</xmax>
      <ymax>1388</ymax>
    </bndbox>
  </object>
  <object>
    <name>powerline</name>
    <pose>Unspecified</pose>
    <truncated>0</truncated>
    <difficult>0</difficult>
    <bndbox>
      <xmin>2851</xmin>
      <ymin>1549</ymin>
      <xmax>4397</xmax>
      <ymax>1624</ymax>
    </bndbox>
  </object>
  <object>
    <name>powerline</name>
    <pose>Unspecified</pose>
    <truncated>0</truncated>
    <difficult>0</difficult>
    <bndbox>
      <xmin>2883</xmin>
      <ymin>1439</ymin>
      <xmax>4104</xmax>
      <ymax>1488</ymax>
    </bndbox>
  </object>
  <object>
    <name>space</name>
    <pose>Unspecified</pose>
    <truncated>0</truncated>
    <difficult>0</difficult>
    <bndbox>
      <xmin>2760</xmin>
      <ymin>1572</ymin>
      <xmax>2775</xmax>
      <ymax>1592</ymax>
    </bndbox>
  </object>
  <object>
    <name>space</name>
    <pose>Unspecified</pose>
    <truncated>0</truncated>
    <difficult>0</difficult>
    <bndbox>
      <xmin>2707</xmin>
      <ymin>1449</ymin>
      <xmax>2726</xmax>
      <ymax>1473</ymax>
    </bndbox>
  </object>
  <object>
    <name>space</name>
    <pose>Unspecified</pose>
    <truncated>0</truncated>
    <difficult>0</difficult>
    <bndbox>
      <xmin>2627</xmin>
      <ymin>1375</ymin>
      <xmax>2645</xmax>
      <ymax>1400</ymax>
    </bndbox>
  </object>
  <object>
    <name>space</name>
    <pose>Unspecified</pose>
    <truncated>0</truncated>
    <difficult>0</difficult>
    <bndbox>
      <xmin>4567</xmin>
      <ymin>1438</ymin>
      <xmax>4583</xmax>
      <ymax>1466</ymax>
    </bndbox>
  </object>
  <object>
    <name>space</name>
    <pose>Unspecified</pose>
    <truncated>0</truncated>
    <difficult>0</difficult>
    <bndbox>
      <xmin>4408</xmin>
      <ymin>1573</ymin>
      <xmax>4425</xmax>
      <ymax>1597</ymax>
    </bndbox>
  </object>
</annotation>
