<annotation>
  <folder>0101</folder>
  <filename>212</filename>
  <path>/home/power/workspace/qj_power_images/img01/0101/212.JPG</path>
  <source>
    <database>Unknown</database>
  </source>
  <size>
    <width>4608</width>
    <height>3456</height>
    <depth>3</depth>
  </size>
  <segmented>0</segmented>
  <object>
    <name>powerline</name>
    <pose>Unspecified</pose>
    <truncated>0</truncated>
    <difficult>0</difficult>
    <bndbox>
      <xmin>4</xmin>
      <ymin>4</ymin>
      <xmax>858</xmax>
      <ymax>799</ymax>
    </bndbox>
  </object>
  <object>
    <name>powerline</name>
    <pose>Unspecified</pose>
    <truncated>0</truncated>
    <difficult>0</difficult>
    <bndbox>
      <xmin>1060</xmin>
      <ymin>4</ymin>
      <xmax>1622</xmax>
      <ymax>854</ymax>
    </bndbox>
  </object>
  <object>
    <name>powerline</name>
    <pose>Unspecified</pose>
    <truncated>0</truncated>
    <difficult>0</difficult>
    <bndbox>
      <xmin>2181</xmin>
      <ymin>10</ymin>
      <xmax>2424</xmax>
      <ymax>1010</ymax>
    </bndbox>
  </object>
  <object>
    <name>insulator</name>
    <pose>Unspecified</pose>
    <truncated>0</truncated>
    <difficult>0</difficult>
    <bndbox>
      <xmin>876</xmin>
      <ymin>791</ymin>
      <xmax>933</xmax>
      <ymax>1004</ymax>
    </bndbox>
  </object>
  <object>
    <name>insulator</name>
    <pose>Unspecified</pose>
    <truncated>0</truncated>
    <difficult>0</difficult>
    <bndbox>
      <xmin>1283</xmin>
      <ymin>947</ymin>
      <xmax>1333</xmax>
      <ymax>1126</ymax>
    </bndbox>
  </object>
  <object>
    <name>insulator</name>
    <pose>Unspecified</pose>
    <truncated>0</truncated>
    <difficult>0</difficult>
    <bndbox>
      <xmin>1595</xmin>
      <ymin>1143</ymin>
      <xmax>1637</xmax>
      <ymax>1310</ymax>
    </bndbox>
  </object>
  <object>
    <name>space</name>
    <pose>Unspecified</pose>
    <truncated>0</truncated>
    <difficult>0</difficult>
    <bndbox>
      <xmin>426</xmin>
      <ymin>1443</ymin>
      <xmax>447</xmax>
      <ymax>1467</ymax>
    </bndbox>
  </object>
  <object>
    <name>space</name>
    <pose>Unspecified</pose>
    <truncated>0</truncated>
    <difficult>0</difficult>
    <bndbox>
      <xmin>806</xmin>
      <ymin>1562</ymin>
      <xmax>825</xmax>
      <ymax>1588</ymax>
    </bndbox>
  </object>
  <object>
    <name>powerline</name>
    <pose>Unspecified</pose>
    <truncated>0</truncated>
    <difficult>0</difficult>
    <bndbox>
      <xmin>32</xmin>
      <ymin>1026</ymin>
      <xmax>839</xmax>
      <ymax>1365</ymax>
    </bndbox>
  </object>
  <object>
    <name>powerline</name>
    <pose>Unspecified</pose>
    <truncated>0</truncated>
    <difficult>0</difficult>
    <bndbox>
      <xmin>161</xmin>
      <ymin>1592</ymin>
      <xmax>746</xmax>
      <ymax>1792</ymax>
    </bndbox>
  </object>
  <object>
    <name>space</name>
    <pose>Unspecified</pose>
    <truncated>0</truncated>
    <difficult>0</difficult>
    <bndbox>
      <xmin>2048</xmin>
      <ymin>862</ymin>
      <xmax>2071</xmax>
      <ymax>899</ymax>
    </bndbox>
  </object>
  <object>
    <name>space</name>
    <pose>Unspecified</pose>
    <truncated>0</truncated>
    <difficult>0</difficult>
    <bndbox>
      <xmin>2364</xmin>
      <ymin>1038</ymin>
      <xmax>2384</xmax>
      <ymax>1062</ymax>
    </bndbox>
  </object>
  <object>
    <name>space</name>
    <pose>Unspecified</pose>
    <truncated>0</truncated>
    <difficult>0</difficult>
    <bndbox>
      <xmin>2592</xmin>
      <ymin>1253</ymin>
      <xmax>2614</xmax>
      <ymax>1280</ymax>
    </bndbox>
  </object>
  <object>
    <name>powerline</name>
    <pose>Unspecified</pose>
    <truncated>0</truncated>
    <difficult>0</difficult>
    <bndbox>
      <xmin>1952</xmin>
      <ymin>1345</ymin>
      <xmax>2380</xmax>
      <ymax>1934</ymax>
    </bndbox>
  </object>
  <object>
    <name>powerline</name>
    <pose>Unspecified</pose>
    <truncated>0</truncated>
    <difficult>0</difficult>
    <bndbox>
      <xmin>2473</xmin>
      <ymin>1321</ymin>
      <xmax>2626</xmax>
      <ymax>1944</ymax>
    </bndbox>
  </object>
  <object>
    <name>powerline</name>
    <pose>Unspecified</pose>
    <truncated>0</truncated>
    <difficult>0</difficult>
    <bndbox>
      <xmin>2525</xmin>
      <ymin>642</ymin>
      <xmax>3524</xmax>
      <ymax>848</ymax>
    </bndbox>
  </object>
  <object>
    <name>powerline</name>
    <pose>Unspecified</pose>
    <truncated>0</truncated>
    <difficult>0</difficult>
    <bndbox>
      <xmin>2438</xmin>
      <ymin>967</ymin>
      <xmax>3035</xmax>
      <ymax>1069</ymax>
    </bndbox>
  </object>
  <object>
    <name>powerline</name>
    <pose>Unspecified</pose>
    <truncated>0</truncated>
    <difficult>0</difficult>
    <bndbox>
      <xmin>2753</xmin>
      <ymin>1179</ymin>
      <xmax>3502</xmax>
      <ymax>1274</ymax>
    </bndbox>
  </object>
</annotation>
