<annotation>
  <folder>0101</folder>
  <filename>213</filename>
  <path>/home/power/workspace/qj_power_images/img01/0101/213.JPG</path>
  <source>
    <database>Unknown</database>
  </source>
  <size>
    <width>4608</width>
    <height>3456</height>
    <depth>3</depth>
  </size>
  <segmented>0</segmented>
  <object>
    <name>powerline</name>
    <pose>Unspecified</pose>
    <truncated>0</truncated>
    <difficult>0</difficult>
    <bndbox>
      <xmin>27</xmin>
      <ymin>413</ymin>
      <xmax>1309</xmax>
      <ymax>995</ymax>
    </bndbox>
  </object>
  <object>
    <name>powerline</name>
    <pose>Unspecified</pose>
    <truncated>0</truncated>
    <difficult>0</difficult>
    <bndbox>
      <xmin>877</xmin>
      <ymin>6</ymin>
      <xmax>1966</xmax>
      <ymax>778</ymax>
    </bndbox>
  </object>
  <object>
    <name>powerline</name>
    <pose>Unspecified</pose>
    <truncated>0</truncated>
    <difficult>0</difficult>
    <bndbox>
      <xmin>2406</xmin>
      <ymin>1</ymin>
      <xmax>2855</xmax>
      <ymax>545</ymax>
    </bndbox>
  </object>
  <object>
    <name>insulator</name>
    <pose>Unspecified</pose>
    <truncated>0</truncated>
    <difficult>0</difficult>
    <bndbox>
      <xmin>1568</xmin>
      <ymin>1101</ymin>
      <xmax>1741</xmax>
      <ymax>1193</ymax>
    </bndbox>
  </object>
  <object>
    <name>insulator</name>
    <pose>Unspecified</pose>
    <truncated>0</truncated>
    <difficult>0</difficult>
    <bndbox>
      <xmin>1829</xmin>
      <ymin>1258</ymin>
      <xmax>1981</xmax>
      <ymax>1358</ymax>
    </bndbox>
  </object>
  <object>
    <name>insulator</name>
    <pose>Unspecified</pose>
    <truncated>0</truncated>
    <difficult>0</difficult>
    <bndbox>
      <xmin>2266</xmin>
      <ymin>958</ymin>
      <xmax>2422</xmax>
      <ymax>1051</ymax>
    </bndbox>
  </object>
  <object>
    <name>insulator</name>
    <pose>Unspecified</pose>
    <truncated>0</truncated>
    <difficult>0</difficult>
    <bndbox>
      <xmin>2476</xmin>
      <ymin>1135</ymin>
      <xmax>2622</xmax>
      <ymax>1247</ymax>
    </bndbox>
  </object>
  <object>
    <name>insulator</name>
    <pose>Unspecified</pose>
    <truncated>0</truncated>
    <difficult>0</difficult>
    <bndbox>
      <xmin>3072</xmin>
      <ymin>801</ymin>
      <xmax>3224</xmax>
      <ymax>901</ymax>
    </bndbox>
  </object>
  <object>
    <name>insulator</name>
    <pose>Unspecified</pose>
    <truncated>0</truncated>
    <difficult>0</difficult>
    <bndbox>
      <xmin>3214</xmin>
      <ymin>999</ymin>
      <xmax>3351</xmax>
      <ymax>1120</ymax>
    </bndbox>
  </object>
  <object>
    <name>hammer</name>
    <pose>Unspecified</pose>
    <truncated>0</truncated>
    <difficult>0</difficult>
    <bndbox>
      <xmin>1455</xmin>
      <ymin>1067</ymin>
      <xmax>1503</xmax>
      <ymax>1098</ymax>
    </bndbox>
  </object>
  <object>
    <name>hammer</name>
    <pose>Unspecified</pose>
    <truncated>0</truncated>
    <difficult>0</difficult>
    <bndbox>
      <xmin>2015</xmin>
      <ymin>1394</ymin>
      <xmax>2052</xmax>
      <ymax>1425</ymax>
    </bndbox>
  </object>
  <object>
    <name>hammer</name>
    <pose>Unspecified</pose>
    <truncated>0</truncated>
    <difficult>0</difficult>
    <bndbox>
      <xmin>1865</xmin>
      <ymin>631</ymin>
      <xmax>1898</xmax>
      <ymax>656</ymax>
    </bndbox>
  </object>
  <object>
    <name>hammer</name>
    <pose>Unspecified</pose>
    <truncated>0</truncated>
    <difficult>0</difficult>
    <bndbox>
      <xmin>2179</xmin>
      <ymin>912</ymin>
      <xmax>2219</xmax>
      <ymax>944</ymax>
    </bndbox>
  </object>
  <object>
    <name>hammer</name>
    <pose>Unspecified</pose>
    <truncated>0</truncated>
    <difficult>0</difficult>
    <bndbox>
      <xmin>3344</xmin>
      <ymin>1179</ymin>
      <xmax>3370</xmax>
      <ymax>1219</ymax>
    </bndbox>
  </object>
  <object>
    <name>powerline</name>
    <pose>Unspecified</pose>
    <truncated>0</truncated>
    <difficult>0</difficult>
    <bndbox>
      <xmin>2797</xmin>
      <ymin>1465</ymin>
      <xmax>3425</xmax>
      <ymax>2129</ymax>
    </bndbox>
  </object>
</annotation>
