<annotation>
  <folder>0101</folder>
  <filename>216</filename>
  <path>/home/power/workspace/qj_power_images/img01/0101/216.JPG</path>
  <source>
    <database>Unknown</database>
  </source>
  <size>
    <width>4608</width>
    <height>3456</height>
    <depth>3</depth>
  </size>
  <segmented>0</segmented>
  <object>
    <name>powerline</name>
    <pose>Unspecified</pose>
    <truncated>0</truncated>
    <difficult>0</difficult>
    <bndbox>
      <xmin>1527</xmin>
      <ymin>13</ymin>
      <xmax>1859</xmax>
      <ymax>1438</ymax>
    </bndbox>
  </object>
  <object>
    <name>powerline</name>
    <pose>Unspecified</pose>
    <truncated>0</truncated>
    <difficult>0</difficult>
    <bndbox>
      <xmin>2362</xmin>
      <ymin>6</ymin>
      <xmax>2805</xmax>
      <ymax>1645</ymax>
    </bndbox>
  </object>
</annotation>
