<annotation>
  <folder>0101</folder>
  <filename>217</filename>
  <path>/home/power/workspace/qj_power_images/img01/0101/217.JPG</path>
  <source>
    <database>Unknown</database>
  </source>
  <size>
    <width>4608</width>
    <height>3456</height>
    <depth>3</depth>
  </size>
  <segmented>0</segmented>
  <object>
    <name>powerline</name>
    <pose>Unspecified</pose>
    <truncated>0</truncated>
    <difficult>0</difficult>
    <bndbox>
      <xmin>3030</xmin>
      <ymin>3</ymin>
      <xmax>3895</xmax>
      <ymax>1160</ymax>
    </bndbox>
  </object>
  <object>
    <name>powerline</name>
    <pose>Unspecified</pose>
    <truncated>0</truncated>
    <difficult>0</difficult>
    <bndbox>
      <xmin>2359</xmin>
      <ymin>1</ymin>
      <xmax>2677</xmax>
      <ymax>985</ymax>
    </bndbox>
  </object>
  <object>
    <name>powerline</name>
    <pose>Unspecified</pose>
    <truncated>0</truncated>
    <difficult>0</difficult>
    <bndbox>
      <xmin>1405</xmin>
      <ymin>10</ymin>
      <xmax>1802</xmax>
      <ymax>1192</ymax>
    </bndbox>
  </object>
</annotation>
