<annotation>
  <folder>0101</folder>
  <filename>219</filename>
  <path>/home/power/workspace/qj_power_images/img01/0101/219.JPG</path>
  <source>
    <database>Unknown</database>
  </source>
  <size>
    <width>4608</width>
    <height>3456</height>
    <depth>3</depth>
  </size>
  <segmented>0</segmented>
  <object>
    <name>insulator</name>
    <pose>Unspecified</pose>
    <truncated>0</truncated>
    <difficult>0</difficult>
    <bndbox>
      <xmin>2321</xmin>
      <ymin>1501</ymin>
      <xmax>2339</xmax>
      <ymax>1565</ymax>
    </bndbox>
  </object>
  <object>
    <name>insulator</name>
    <pose>Unspecified</pose>
    <truncated>0</truncated>
    <difficult>0</difficult>
    <bndbox>
      <xmin>2405</xmin>
      <ymin>1325</ymin>
      <xmax>2423</xmax>
      <ymax>1379</ymax>
    </bndbox>
  </object>
  <object>
    <name>insulator</name>
    <pose>Unspecified</pose>
    <truncated>0</truncated>
    <difficult>0</difficult>
    <bndbox>
      <xmin>2485</xmin>
      <ymin>1474</ymin>
      <xmax>2503</xmax>
      <ymax>1528</ymax>
    </bndbox>
  </object>
  <object>
    <name>powerline</name>
    <pose>Unspecified</pose>
    <truncated>0</truncated>
    <difficult>0</difficult>
    <bndbox>
      <xmin>1548</xmin>
      <ymin>1338</ymin>
      <xmax>2260</xmax>
      <ymax>1392</ymax>
    </bndbox>
  </object>
  <object>
    <name>powerline</name>
    <pose>Unspecified</pose>
    <truncated>0</truncated>
    <difficult>0</difficult>
    <bndbox>
      <xmin>2525</xmin>
      <ymin>1388</ymin>
      <xmax>3033</xmax>
      <ymax>1519</ymax>
    </bndbox>
  </object>
  <object>
    <name>powerline</name>
    <pose>Unspecified</pose>
    <truncated>0</truncated>
    <difficult>0</difficult>
    <bndbox>
      <xmin>1541</xmin>
      <ymin>1481</ymin>
      <xmax>2214</xmax>
      <ymax>1570</ymax>
    </bndbox>
  </object>
  <object>
    <name>powerline</name>
    <pose>Unspecified</pose>
    <truncated>0</truncated>
    <difficult>0</difficult>
    <bndbox>
      <xmin>2593</xmin>
      <ymin>1535</ymin>
      <xmax>3257</xmax>
      <ymax>1712</ymax>
    </bndbox>
  </object>
</annotation>
