<annotation>
  <folder>0101</folder>
  <filename>22</filename>
  <path>/home/power/workspace/qj_power_images/img01/0101/22.JPG</path>
  <source>
    <database>Unknown</database>
  </source>
  <size>
    <width>4608</width>
    <height>3456</height>
    <depth>3</depth>
  </size>
  <segmented>0</segmented>
  <object>
    <name>powerline</name>
    <pose>Unspecified</pose>
    <truncated>0</truncated>
    <difficult>0</difficult>
    <bndbox>
      <xmin>316</xmin>
      <ymin>624</ymin>
      <xmax>1305</xmax>
      <ymax>1863</ymax>
    </bndbox>
  </object>
  <object>
    <name>powerline</name>
    <pose>Unspecified</pose>
    <truncated>0</truncated>
    <difficult>0</difficult>
    <bndbox>
      <xmin>1387</xmin>
      <ymin>6</ymin>
      <xmax>1841</xmax>
      <ymax>1770</ymax>
    </bndbox>
  </object>
  <object>
    <name>powerline</name>
    <pose>Unspecified</pose>
    <truncated>0</truncated>
    <difficult>0</difficult>
    <bndbox>
      <xmin>2380</xmin>
      <ymin>3</ymin>
      <xmax>2937</xmax>
      <ymax>1856</ymax>
    </bndbox>
  </object>
</annotation>
