<annotation>
  <folder>0101</folder>
  <filename>220</filename>
  <path>/home/power/workspace/qj_power_images/img01/0101/220.JPG</path>
  <source>
    <database>Unknown</database>
  </source>
  <size>
    <width>4608</width>
    <height>3456</height>
    <depth>3</depth>
  </size>
  <segmented>0</segmented>
  <object>
    <name>insulator</name>
    <pose>Unspecified</pose>
    <truncated>0</truncated>
    <difficult>0</difficult>
    <bndbox>
      <xmin>2316</xmin>
      <ymin>1713</ymin>
      <xmax>2391</xmax>
      <ymax>1974</ymax>
    </bndbox>
  </object>
  <object>
    <name>insulator</name>
    <pose>Unspecified</pose>
    <truncated>0</truncated>
    <difficult>0</difficult>
    <bndbox>
      <xmin>1895</xmin>
      <ymin>2488</ymin>
      <xmax>2002</xmax>
      <ymax>2749</ymax>
    </bndbox>
  </object>
  <object>
    <name>insulator</name>
    <pose>Unspecified</pose>
    <truncated>0</truncated>
    <difficult>0</difficult>
    <bndbox>
      <xmin>2659</xmin>
      <ymin>2363</ymin>
      <xmax>2737</xmax>
      <ymax>2635</ymax>
    </bndbox>
  </object>
  <object>
    <name>hammer</name>
    <pose>Unspecified</pose>
    <truncated>0</truncated>
    <difficult>0</difficult>
    <bndbox>
      <xmin>1945</xmin>
      <ymin>1503</ymin>
      <xmax>2023</xmax>
      <ymax>1538</ymax>
    </bndbox>
  </object>
  <object>
    <name>hammer</name>
    <pose>Unspecified</pose>
    <truncated>0</truncated>
    <difficult>0</difficult>
    <bndbox>
      <xmin>1723</xmin>
      <ymin>2720</ymin>
      <xmax>1809</xmax>
      <ymax>2760</ymax>
    </bndbox>
  </object>
  <object>
    <name>hammer</name>
    <pose>Unspecified</pose>
    <truncated>0</truncated>
    <difficult>0</difficult>
    <bndbox>
      <xmin>2870</xmin>
      <ymin>2645</ymin>
      <xmax>2959</xmax>
      <ymax>2699</ymax>
    </bndbox>
  </object>
  <object>
    <name>powerline</name>
    <pose>Unspecified</pose>
    <truncated>0</truncated>
    <difficult>0</difficult>
    <bndbox>
      <xmin>52</xmin>
      <ymin>1003</ymin>
      <xmax>1866</xmax>
      <ymax>1503</ymax>
    </bndbox>
  </object>
  <object>
    <name>powerline</name>
    <pose>Unspecified</pose>
    <truncated>0</truncated>
    <difficult>0</difficult>
    <bndbox>
      <xmin>12</xmin>
      <ymin>1703</ymin>
      <xmax>1920</xmax>
      <ymax>1956</ymax>
    </bndbox>
  </object>
  <object>
    <name>powerline</name>
    <pose>Unspecified</pose>
    <truncated>0</truncated>
    <difficult>0</difficult>
    <bndbox>
      <xmin>9</xmin>
      <ymin>2438</ymin>
      <xmax>1666</xmax>
      <ymax>2760</ymax>
    </bndbox>
  </object>
  <object>
    <name>powerline</name>
    <pose>Unspecified</pose>
    <truncated>0</truncated>
    <difficult>0</difficult>
    <bndbox>
      <xmin>2855</xmin>
      <ymin>1435</ymin>
      <xmax>4498</xmax>
      <ymax>2049</ymax>
    </bndbox>
  </object>
  <object>
    <name>powerline</name>
    <pose>Unspecified</pose>
    <truncated>0</truncated>
    <difficult>0</difficult>
    <bndbox>
      <xmin>2880</xmin>
      <ymin>2081</ymin>
      <xmax>4587</xmax>
      <ymax>2545</ymax>
    </bndbox>
  </object>
  <object>
    <name>powerline</name>
    <pose>Unspecified</pose>
    <truncated>0</truncated>
    <difficult>0</difficult>
    <bndbox>
      <xmin>3084</xmin>
      <ymin>2670</ymin>
      <xmax>4587</xmax>
      <ymax>3303</ymax>
    </bndbox>
  </object>
  <object>
    <name>hammer</name>
    <pose>Unspecified</pose>
    <truncated>0</truncated>
    <difficult>0</difficult>
    <bndbox>
      <xmin>2709</xmin>
      <ymin>1403</ymin>
      <xmax>2787</xmax>
      <ymax>1442</ymax>
    </bndbox>
  </object>
</annotation>
