<annotation>
  <folder>0101</folder>
  <filename>221</filename>
  <path>/home/power/workspace/qj_power_images/img01/0101/221.JPG</path>
  <source>
    <database>Unknown</database>
  </source>
  <size>
    <width>2448</width>
    <height>3264</height>
    <depth>3</depth>
  </size>
  <segmented>0</segmented>
  <object>
    <name>powerline</name>
    <pose>Unspecified</pose>
    <truncated>0</truncated>
    <difficult>0</difficult>
    <bndbox>
      <xmin>15</xmin>
      <ymin>1121</ymin>
      <xmax>693</xmax>
      <ymax>1401</ymax>
    </bndbox>
  </object>
  <object>
    <name>powerline</name>
    <pose>Unspecified</pose>
    <truncated>0</truncated>
    <difficult>0</difficult>
    <bndbox>
      <xmin>766</xmin>
      <ymin>909</ymin>
      <xmax>1622</xmax>
      <ymax>1386</ymax>
    </bndbox>
  </object>
  <object>
    <name>powerline</name>
    <pose>Unspecified</pose>
    <truncated>0</truncated>
    <difficult>0</difficult>
    <bndbox>
      <xmin>1935</xmin>
      <ymin>525</ymin>
      <xmax>2442</xmax>
      <ymax>904</ymax>
    </bndbox>
  </object>
</annotation>
