<annotation>
  <folder>0101</folder>
  <filename>222</filename>
  <path>/home/power/workspace/qj_power_images/img01/0101/222.JPG</path>
  <source>
    <database>Unknown</database>
  </source>
  <size>
    <width>2448</width>
    <height>3264</height>
    <depth>3</depth>
  </size>
  <segmented>0</segmented>
  <object>
    <name>powerline</name>
    <pose>Unspecified</pose>
    <truncated>0</truncated>
    <difficult>0</difficult>
    <bndbox>
      <xmin>142</xmin>
      <ymin>14</ymin>
      <xmax>284</xmax>
      <ymax>632</ymax>
    </bndbox>
  </object>
  <object>
    <name>powerline</name>
    <pose>Unspecified</pose>
    <truncated>0</truncated>
    <difficult>0</difficult>
    <bndbox>
      <xmin>367</xmin>
      <ymin>14</ymin>
      <xmax>573</xmax>
      <ymax>635</ymax>
    </bndbox>
  </object>
</annotation>
