<annotation>
  <folder>0101</folder>
  <filename>223</filename>
  <path>/home/power/workspace/qj_power_images/img01/0101/223.JPG</path>
  <source>
    <database>Unknown</database>
  </source>
  <size>
    <width>4608</width>
    <height>3456</height>
    <depth>3</depth>
  </size>
  <segmented>0</segmented>
  <object>
    <name>powerline</name>
    <pose>Unspecified</pose>
    <truncated>0</truncated>
    <difficult>0</difficult>
    <bndbox>
      <xmin>23</xmin>
      <ymin>10</ymin>
      <xmax>1934</xmax>
      <ymax>432</ymax>
    </bndbox>
  </object>
  <object>
    <name>insulator</name>
    <pose>Unspecified</pose>
    <truncated>0</truncated>
    <difficult>0</difficult>
    <bndbox>
      <xmin>1873</xmin>
      <ymin>1000</ymin>
      <xmax>1972</xmax>
      <ymax>1108</ymax>
    </bndbox>
  </object>
  <object>
    <name>insulator</name>
    <pose>Unspecified</pose>
    <truncated>0</truncated>
    <difficult>0</difficult>
    <bndbox>
      <xmin>1832</xmin>
      <ymin>1293</ymin>
      <xmax>1908</xmax>
      <ymax>1410</ymax>
    </bndbox>
  </object>
  <object>
    <name>insulator</name>
    <pose>Unspecified</pose>
    <truncated>0</truncated>
    <difficult>0</difficult>
    <bndbox>
      <xmin>1929</xmin>
      <ymin>755</ymin>
      <xmax>1985</xmax>
      <ymax>877</ymax>
    </bndbox>
  </object>
  <object>
    <name>insulator</name>
    <pose>Unspecified</pose>
    <truncated>0</truncated>
    <difficult>0</difficult>
    <bndbox>
      <xmin>1915</xmin>
      <ymin>863</ymin>
      <xmax>1961</xmax>
      <ymax>979</ymax>
    </bndbox>
  </object>
  <object>
    <name>insulator</name>
    <pose>Unspecified</pose>
    <truncated>0</truncated>
    <difficult>0</difficult>
    <bndbox>
      <xmin>2384</xmin>
      <ymin>875</ymin>
      <xmax>2485</xmax>
      <ymax>986</ymax>
    </bndbox>
  </object>
  <object>
    <name>insulator</name>
    <pose>Unspecified</pose>
    <truncated>0</truncated>
    <difficult>0</difficult>
    <bndbox>
      <xmin>2882</xmin>
      <ymin>1067</ymin>
      <xmax>3003</xmax>
      <ymax>1162</ymax>
    </bndbox>
  </object>
  <object>
    <name>insulator</name>
    <pose>Unspecified</pose>
    <truncated>0</truncated>
    <difficult>0</difficult>
    <bndbox>
      <xmin>2694</xmin>
      <ymin>1329</ymin>
      <xmax>2796</xmax>
      <ymax>1444</ymax>
    </bndbox>
  </object>
  <object>
    <name>powerline</name>
    <pose>Unspecified</pose>
    <truncated>0</truncated>
    <difficult>0</difficult>
    <bndbox>
      <xmin>1998</xmin>
      <ymin>4</ymin>
      <xmax>2102</xmax>
      <ymax>599</ymax>
    </bndbox>
  </object>
  <object>
    <name>powerline</name>
    <pose>Unspecified</pose>
    <truncated>0</truncated>
    <difficult>0</difficult>
    <bndbox>
      <xmin>2553</xmin>
      <ymin>7</ymin>
      <xmax>2839</xmax>
      <ymax>630</ymax>
    </bndbox>
  </object>
  <object>
    <name>powerline</name>
    <pose>Unspecified</pose>
    <truncated>0</truncated>
    <difficult>0</difficult>
    <bndbox>
      <xmin>3076</xmin>
      <ymin>322</ymin>
      <xmax>3544</xmax>
      <ymax>948</ymax>
    </bndbox>
  </object>
  <object>
    <name>hammer</name>
    <pose>Unspecified</pose>
    <truncated>0</truncated>
    <difficult>0</difficult>
    <bndbox>
      <xmin>3020</xmin>
      <ymin>979</ymin>
      <xmax>3057</xmax>
      <ymax>1024</ymax>
    </bndbox>
  </object>
  <object>
    <name>powerline</name>
    <pose>Unspecified</pose>
    <truncated>0</truncated>
    <difficult>0</difficult>
    <bndbox>
      <xmin>1729</xmin>
      <ymin>1436</ymin>
      <xmax>1852</xmax>
      <ymax>2257</ymax>
    </bndbox>
  </object>
  <object>
    <name>powerline</name>
    <pose>Unspecified</pose>
    <truncated>0</truncated>
    <difficult>0</difficult>
    <bndbox>
      <xmin>1923</xmin>
      <ymin>1524</ymin>
      <xmax>2207</xmax>
      <ymax>2307</ymax>
    </bndbox>
  </object>
</annotation>
