<annotation>
  <folder>0101</folder>
  <filename>224</filename>
  <path>/home/power/workspace/qj_power_images/img01/0101/224.JPG</path>
  <source>
    <database>Unknown</database>
  </source>
  <size>
    <width>4608</width>
    <height>3456</height>
    <depth>3</depth>
  </size>
  <segmented>0</segmented>
  <object>
    <name>insulator</name>
    <pose>Unspecified</pose>
    <truncated>0</truncated>
    <difficult>0</difficult>
    <bndbox>
      <xmin>991</xmin>
      <ymin>1024</ymin>
      <xmax>1148</xmax>
      <ymax>1363</ymax>
    </bndbox>
  </object>
  <object>
    <name>powerline</name>
    <pose>Unspecified</pose>
    <truncated>0</truncated>
    <difficult>0</difficult>
    <bndbox>
      <xmin>1130</xmin>
      <ymin>10</ymin>
      <xmax>1280</xmax>
      <ymax>856</ymax>
    </bndbox>
  </object>
  <object>
    <name>insulator</name>
    <pose>Unspecified</pose>
    <truncated>0</truncated>
    <difficult>0</difficult>
    <bndbox>
      <xmin>970</xmin>
      <ymin>1342</ymin>
      <xmax>1098</xmax>
      <ymax>1660</ymax>
    </bndbox>
  </object>
  <object>
    <name>insulator</name>
    <pose>Unspecified</pose>
    <truncated>0</truncated>
    <difficult>0</difficult>
    <bndbox>
      <xmin>841</xmin>
      <ymin>1731</ymin>
      <xmax>1127</xmax>
      <ymax>2060</ymax>
    </bndbox>
  </object>
  <object>
    <name>insulator</name>
    <pose>Unspecified</pose>
    <truncated>0</truncated>
    <difficult>0</difficult>
    <bndbox>
      <xmin>723</xmin>
      <ymin>2645</ymin>
      <xmax>977</xmax>
      <ymax>3017</ymax>
    </bndbox>
  </object>
  <object>
    <name>insulator</name>
    <pose>Unspecified</pose>
    <truncated>0</truncated>
    <difficult>0</difficult>
    <bndbox>
      <xmin>2395</xmin>
      <ymin>1324</ymin>
      <xmax>2712</xmax>
      <ymax>1624</ymax>
    </bndbox>
  </object>
  <object>
    <name>insulator</name>
    <pose>Unspecified</pose>
    <truncated>0</truncated>
    <difficult>0</difficult>
    <bndbox>
      <xmin>2091</xmin>
      <ymin>2199</ymin>
      <xmax>2370</xmax>
      <ymax>2488</ymax>
    </bndbox>
  </object>
  <object>
    <name>insulator</name>
    <pose>Unspecified</pose>
    <truncated>0</truncated>
    <difficult>0</difficult>
    <bndbox>
      <xmin>3980</xmin>
      <ymin>1817</ymin>
      <xmax>4355</xmax>
      <ymax>2113</ymax>
    </bndbox>
  </object>
  <object>
    <name>insulator</name>
    <pose>Unspecified</pose>
    <truncated>0</truncated>
    <difficult>0</difficult>
    <bndbox>
      <xmin>3470</xmin>
      <ymin>2710</ymin>
      <xmax>3777</xmax>
      <ymax>3010</ymax>
    </bndbox>
  </object>
  <object>
    <name>hammer</name>
    <pose>Unspecified</pose>
    <truncated>0</truncated>
    <difficult>0</difficult>
    <bndbox>
      <xmin>4384</xmin>
      <ymin>1538</ymin>
      <xmax>4509</xmax>
      <ymax>1674</ymax>
    </bndbox>
  </object>
  <object>
    <name>hammer</name>
    <pose>Unspecified</pose>
    <truncated>0</truncated>
    <difficult>0</difficult>
    <bndbox>
      <xmin>3416</xmin>
      <ymin>3167</ymin>
      <xmax>3487</xmax>
      <ymax>3249</ymax>
    </bndbox>
  </object>
</annotation>
