<annotation>
  <folder>0101</folder>
  <filename>226</filename>
  <path>/home/power/workspace/qj_power_images/img01/0101/226.JPG</path>
  <source>
    <database>Unknown</database>
  </source>
  <size>
    <width>4608</width>
    <height>3456</height>
    <depth>3</depth>
  </size>
  <segmented>0</segmented>
  <object>
    <name>insulator</name>
    <pose>Unspecified</pose>
    <truncated>0</truncated>
    <difficult>0</difficult>
    <bndbox>
      <xmin>1266</xmin>
      <ymin>789</ymin>
      <xmax>1297</xmax>
      <ymax>870</ymax>
    </bndbox>
  </object>
  <object>
    <name>insulator</name>
    <pose>Unspecified</pose>
    <truncated>0</truncated>
    <difficult>0</difficult>
    <bndbox>
      <xmin>1302</xmin>
      <ymin>835</ymin>
      <xmax>1354</xmax>
      <ymax>868</ymax>
    </bndbox>
  </object>
  <object>
    <name>insulator</name>
    <pose>Unspecified</pose>
    <truncated>0</truncated>
    <difficult>0</difficult>
    <bndbox>
      <xmin>1119</xmin>
      <ymin>881</ymin>
      <xmax>1157</xmax>
      <ymax>968</ymax>
    </bndbox>
  </object>
  <object>
    <name>insulator</name>
    <pose>Unspecified</pose>
    <truncated>0</truncated>
    <difficult>0</difficult>
    <bndbox>
      <xmin>1358</xmin>
      <ymin>1016</ymin>
      <xmax>1390</xmax>
      <ymax>1093</ymax>
    </bndbox>
  </object>
  <object>
    <name>powerline</name>
    <pose>Unspecified</pose>
    <truncated>0</truncated>
    <difficult>0</difficult>
    <bndbox>
      <xmin>2854</xmin>
      <ymin>1</ymin>
      <xmax>2949</xmax>
      <ymax>1124</ymax>
    </bndbox>
  </object>
  <object>
    <name>powerline</name>
    <pose>Unspecified</pose>
    <truncated>0</truncated>
    <difficult>0</difficult>
    <bndbox>
      <xmin>3310</xmin>
      <ymin>1</ymin>
      <xmax>3729</xmax>
      <ymax>1141</ymax>
    </bndbox>
  </object>
</annotation>
