<annotation>
  <folder>0101</folder>
  <filename>227</filename>
  <path>/home/power/workspace/qj_power_images/img01/0101/227.JPG</path>
  <source>
    <database>Unknown</database>
  </source>
  <size>
    <width>4608</width>
    <height>3456</height>
    <depth>3</depth>
  </size>
  <segmented>0</segmented>
  <object>
    <name>powerline</name>
    <pose>Unspecified</pose>
    <truncated>0</truncated>
    <difficult>0</difficult>
    <bndbox>
      <xmin>1002</xmin>
      <ymin>10</ymin>
      <xmax>1780</xmax>
      <ymax>1410</ymax>
    </bndbox>
  </object>
  <object>
    <name>powerline</name>
    <pose>Unspecified</pose>
    <truncated>0</truncated>
    <difficult>0</difficult>
    <bndbox>
      <xmin>1862</xmin>
      <ymin>10</ymin>
      <xmax>2202</xmax>
      <ymax>1449</ymax>
    </bndbox>
  </object>
  <object>
    <name>powerline</name>
    <pose>Unspecified</pose>
    <truncated>0</truncated>
    <difficult>0</difficult>
    <bndbox>
      <xmin>2459</xmin>
      <ymin>1</ymin>
      <xmax>2648</xmax>
      <ymax>1407</ymax>
    </bndbox>
  </object>
</annotation>
