<annotation>
  <folder>0101</folder>
  <filename>228</filename>
  <path>/home/power/workspace/qj_power_images/img01/0101/228.JPG</path>
  <source>
    <database>Unknown</database>
  </source>
  <size>
    <width>4608</width>
    <height>3456</height>
    <depth>3</depth>
  </size>
  <segmented>0</segmented>
  <object>
    <name>powerline</name>
    <pose>Unspecified</pose>
    <truncated>0</truncated>
    <difficult>0</difficult>
    <bndbox>
      <xmin>2370</xmin>
      <ymin>10</ymin>
      <xmax>2987</xmax>
      <ymax>1020</ymax>
    </bndbox>
  </object>
  <object>
    <name>powerline</name>
    <pose>Unspecified</pose>
    <truncated>0</truncated>
    <difficult>0</difficult>
    <bndbox>
      <xmin>3030</xmin>
      <ymin>6</ymin>
      <xmax>3923</xmax>
      <ymax>985</ymax>
    </bndbox>
  </object>
  <object>
    <name>powerline</name>
    <pose>Unspecified</pose>
    <truncated>0</truncated>
    <difficult>0</difficult>
    <bndbox>
      <xmin>3059</xmin>
      <ymin>235</ymin>
      <xmax>4598</xmax>
      <ymax>1381</ymax>
    </bndbox>
  </object>
  <object>
    <name>insulator</name>
    <pose>Unspecified</pose>
    <truncated>0</truncated>
    <difficult>0</difficult>
    <bndbox>
      <xmin>2079</xmin>
      <ymin>1375</ymin>
      <xmax>2120</xmax>
      <ymax>1462</ymax>
    </bndbox>
  </object>
  <object>
    <name>insulator</name>
    <pose>Unspecified</pose>
    <truncated>0</truncated>
    <difficult>0</difficult>
    <bndbox>
      <xmin>2497</xmin>
      <ymin>1408</ymin>
      <xmax>2534</xmax>
      <ymax>1489</ymax>
    </bndbox>
  </object>
  <object>
    <name>insulator</name>
    <pose>Unspecified</pose>
    <truncated>0</truncated>
    <difficult>0</difficult>
    <bndbox>
      <xmin>2891</xmin>
      <ymin>1425</ymin>
      <xmax>2929</xmax>
      <ymax>1510</ymax>
    </bndbox>
  </object>
</annotation>
