<annotation>
  <folder>0101</folder>
  <filename>229</filename>
  <path>/home/power/workspace/qj_power_images/img01/0101/229.JPG</path>
  <source>
    <database>Unknown</database>
  </source>
  <size>
    <width>4608</width>
    <height>3456</height>
    <depth>3</depth>
  </size>
  <segmented>0</segmented>
  <object>
    <name>powerline</name>
    <pose>Unspecified</pose>
    <truncated>0</truncated>
    <difficult>0</difficult>
    <bndbox>
      <xmin>1877</xmin>
      <ymin>1</ymin>
      <xmax>2540</xmax>
      <ymax>1145</ymax>
    </bndbox>
  </object>
  <object>
    <name>powerline</name>
    <pose>Unspecified</pose>
    <truncated>0</truncated>
    <difficult>0</difficult>
    <bndbox>
      <xmin>2959</xmin>
      <ymin>17</ymin>
      <xmax>4287</xmax>
      <ymax>1460</ymax>
    </bndbox>
  </object>
  <object>
    <name>powerline</name>
    <pose>Unspecified</pose>
    <truncated>0</truncated>
    <difficult>0</difficult>
    <bndbox>
      <xmin>3520</xmin>
      <ymin>1128</ymin>
      <xmax>4602</xmax>
      <ymax>1992</ymax>
    </bndbox>
  </object>
  <object>
    <name>insulator</name>
    <pose>Unspecified</pose>
    <truncated>0</truncated>
    <difficult>0</difficult>
    <bndbox>
      <xmin>1280</xmin>
      <ymin>1849</ymin>
      <xmax>1355</xmax>
      <ymax>2085</ymax>
    </bndbox>
  </object>
  <object>
    <name>insulator</name>
    <pose>Unspecified</pose>
    <truncated>0</truncated>
    <difficult>0</difficult>
    <bndbox>
      <xmin>2316</xmin>
      <ymin>1899</ymin>
      <xmax>2398</xmax>
      <ymax>2067</ymax>
    </bndbox>
  </object>
  <object>
    <name>insulator</name>
    <pose>Unspecified</pose>
    <truncated>0</truncated>
    <difficult>0</difficult>
    <bndbox>
      <xmin>3280</xmin>
      <ymin>1931</ymin>
      <xmax>3373</xmax>
      <ymax>2128</ymax>
    </bndbox>
  </object>
  <object>
    <name>hammer</name>
    <pose>Unspecified</pose>
    <truncated>0</truncated>
    <difficult>0</difficult>
    <bndbox>
      <xmin>1573</xmin>
      <ymin>1258</ymin>
      <xmax>1604</xmax>
      <ymax>1322</ymax>
    </bndbox>
  </object>
  <object>
    <name>hammer</name>
    <pose>Unspecified</pose>
    <truncated>0</truncated>
    <difficult>0</difficult>
    <bndbox>
      <xmin>1258</xmin>
      <ymin>2206</ymin>
      <xmax>1287</xmax>
      <ymax>2262</ymax>
    </bndbox>
  </object>
  <object>
    <name>hammer</name>
    <pose>Unspecified</pose>
    <truncated>0</truncated>
    <difficult>0</difficult>
    <bndbox>
      <xmin>2422</xmin>
      <ymin>2003</ymin>
      <xmax>2468</xmax>
      <ymax>2051</ymax>
    </bndbox>
  </object>
  <object>
    <name>hammer</name>
    <pose>Unspecified</pose>
    <truncated>0</truncated>
    <difficult>0</difficult>
    <bndbox>
      <xmin>2277</xmin>
      <ymin>2220</ymin>
      <xmax>2311</xmax>
      <ymax>2286</ymax>
    </bndbox>
  </object>
  <object>
    <name>hammer</name>
    <pose>Unspecified</pose>
    <truncated>0</truncated>
    <difficult>0</difficult>
    <bndbox>
      <xmin>3399</xmin>
      <ymin>2043</ymin>
      <xmax>3458</xmax>
      <ymax>2091</ymax>
    </bndbox>
  </object>
  <object>
    <name>hammer</name>
    <pose>Unspecified</pose>
    <truncated>0</truncated>
    <difficult>0</difficult>
    <bndbox>
      <xmin>3232</xmin>
      <ymin>2241</ymin>
      <xmax>3272</xmax>
      <ymax>2293</ymax>
    </bndbox>
  </object>
  <object>
    <name>powerline</name>
    <pose>Unspecified</pose>
    <truncated>0</truncated>
    <difficult>0</difficult>
    <bndbox>
      <xmin>2749</xmin>
      <ymin>2313</ymin>
      <xmax>3215</xmax>
      <ymax>2994</ymax>
    </bndbox>
  </object>
  <object>
    <name>powerline</name>
    <pose>Unspecified</pose>
    <truncated>0</truncated>
    <difficult>0</difficult>
    <bndbox>
      <xmin>866</xmin>
      <ymin>2318</ymin>
      <xmax>1249</xmax>
      <ymax>3446</ymax>
    </bndbox>
  </object>
  <object>
    <name>powerline</name>
    <pose>Unspecified</pose>
    <truncated>0</truncated>
    <difficult>0</difficult>
    <bndbox>
      <xmin>1679</xmin>
      <ymin>2679</ymin>
      <xmax>2079</xmax>
      <ymax>3439</ymax>
    </bndbox>
  </object>
</annotation>
