<annotation>
  <folder>0101</folder>
  <filename>23</filename>
  <path>/home/power/workspace/qj_power_images/img01/0101/23.JPG</path>
  <source>
    <database>Unknown</database>
  </source>
  <size>
    <width>4608</width>
    <height>3456</height>
    <depth>3</depth>
  </size>
  <segmented>0</segmented>
  <object>
    <name>powerline</name>
    <pose>Unspecified</pose>
    <truncated>0</truncated>
    <difficult>0</difficult>
    <bndbox>
      <xmin>1470</xmin>
      <ymin>17</ymin>
      <xmax>2055</xmax>
      <ymax>1292</ymax>
    </bndbox>
  </object>
  <object>
    <name>powerline</name>
    <pose>Unspecified</pose>
    <truncated>0</truncated>
    <difficult>0</difficult>
    <bndbox>
      <xmin>2445</xmin>
      <ymin>6</ymin>
      <xmax>2666</xmax>
      <ymax>1438</ymax>
    </bndbox>
  </object>
  <object>
    <name>powerline</name>
    <pose>Unspecified</pose>
    <truncated>0</truncated>
    <difficult>0</difficult>
    <bndbox>
      <xmin>3098</xmin>
      <ymin>20</ymin>
      <xmax>3830</xmax>
      <ymax>1106</ymax>
    </bndbox>
  </object>
</annotation>
