<annotation>
	<folder>images</folder>
	<filename>230.JPG</filename>
	<path>E:\stu_four\能讯实习\备份\images\230.JPG</path>
	<source>
		<database>Unknown</database>
	</source>
	<size>
		<width>2448</width>
		<height>3264</height>
		<depth>3</depth>
	</size>
	<segmented>0</segmented>
	<object>
		<name>powerline</name>
		<pose>Unspecified</pose>
		<truncated>0</truncated>
		<difficult>0</difficult>
		<bndbox>
			<xmin>1416</xmin>
			<ymin>1194</ymin>
			<xmax>1761</xmax>
			<ymax>1864</ymax>
		</bndbox>
	</object>
	<object>
		<name>powerline</name>
		<pose>Unspecified</pose>
		<truncated>0</truncated>
		<difficult>0</difficult>
		<bndbox>
			<xmin>1906</xmin>
			<ymin>504</ymin>
			<xmax>2081</xmax>
			<ymax>829</ymax>
		</bndbox>
	</object>
</annotation>
