<annotation>
  <folder>0101</folder>
  <filename>231</filename>
  <path>/home/power/workspace/qj_power_images/img01/0101/231.JPG</path>
  <source>
    <database>Unknown</database>
  </source>
  <size>
    <width>4608</width>
    <height>3456</height>
    <depth>3</depth>
  </size>
  <segmented>0</segmented>
  <object>
    <name>powerline</name>
    <pose>Unspecified</pose>
    <truncated>0</truncated>
    <difficult>0</difficult>
    <bndbox>
      <xmin>2691</xmin>
      <ymin>10</ymin>
      <xmax>2895</xmax>
      <ymax>1542</ymax>
    </bndbox>
  </object>
  <object>
    <name>powerline</name>
    <pose>Unspecified</pose>
    <truncated>0</truncated>
    <difficult>0</difficult>
    <bndbox>
      <xmin>3259</xmin>
      <ymin>10</ymin>
      <xmax>3620</xmax>
      <ymax>1503</ymax>
    </bndbox>
  </object>
</annotation>
