<annotation>
  <folder>0101</folder>
  <filename>232</filename>
  <path>/home/power/workspace/qj_power_images/img01/0101/232.JPG</path>
  <source>
    <database>Unknown</database>
  </source>
  <size>
    <width>4608</width>
    <height>3456</height>
    <depth>3</depth>
  </size>
  <segmented>0</segmented>
  <object>
    <name>powerline</name>
    <pose>Unspecified</pose>
    <truncated>0</truncated>
    <difficult>0</difficult>
    <bndbox>
      <xmin>802</xmin>
      <ymin>13</ymin>
      <xmax>1520</xmax>
      <ymax>1256</ymax>
    </bndbox>
  </object>
  <object>
    <name>powerline</name>
    <pose>Unspecified</pose>
    <truncated>0</truncated>
    <difficult>0</difficult>
    <bndbox>
      <xmin>1795</xmin>
      <ymin>1</ymin>
      <xmax>2155</xmax>
      <ymax>1592</ymax>
    </bndbox>
  </object>
  <object>
    <name>powerline</name>
    <pose>Unspecified</pose>
    <truncated>0</truncated>
    <difficult>0</difficult>
    <bndbox>
      <xmin>2523</xmin>
      <ymin>1</ymin>
      <xmax>2734</xmax>
      <ymax>1542</ymax>
    </bndbox>
  </object>
  <object>
    <name>insulator</name>
    <pose>Unspecified</pose>
    <truncated>0</truncated>
    <difficult>0</difficult>
    <bndbox>
      <xmin>114</xmin>
      <ymin>2010</ymin>
      <xmax>136</xmax>
      <ymax>2079</ymax>
    </bndbox>
  </object>
  <object>
    <name>insulator</name>
    <pose>Unspecified</pose>
    <truncated>0</truncated>
    <difficult>0</difficult>
    <bndbox>
      <xmin>329</xmin>
      <ymin>2020</ymin>
      <xmax>350</xmax>
      <ymax>2082</ymax>
    </bndbox>
  </object>
</annotation>
