<annotation>
  <folder>0101</folder>
  <filename>233</filename>
  <path>/home/power/workspace/qj_power_images/img01/0101/233.JPG</path>
  <source>
    <database>Unknown</database>
  </source>
  <size>
    <width>4608</width>
    <height>3456</height>
    <depth>3</depth>
  </size>
  <segmented>0</segmented>
  <object>
    <name>powerline</name>
    <pose>Unspecified</pose>
    <truncated>0</truncated>
    <difficult>0</difficult>
    <bndbox>
      <xmin>2309</xmin>
      <ymin>1</ymin>
      <xmax>3048</xmax>
      <ymax>764</ymax>
    </bndbox>
  </object>
  <object>
    <name>powerline</name>
    <pose>Unspecified</pose>
    <truncated>0</truncated>
    <difficult>0</difficult>
    <bndbox>
      <xmin>3109</xmin>
      <ymin>20</ymin>
      <xmax>3959</xmax>
      <ymax>674</ymax>
    </bndbox>
  </object>
  <object>
    <name>powerline</name>
    <pose>Unspecified</pose>
    <truncated>0</truncated>
    <difficult>0</difficult>
    <bndbox>
      <xmin>3309</xmin>
      <ymin>192</ymin>
      <xmax>4570</xmax>
      <ymax>945</ymax>
    </bndbox>
  </object>
  <object>
    <name>insulator</name>
    <pose>Unspecified</pose>
    <truncated>0</truncated>
    <difficult>0</difficult>
    <bndbox>
      <xmin>1984</xmin>
      <ymin>1013</ymin>
      <xmax>2030</xmax>
      <ymax>1124</ymax>
    </bndbox>
  </object>
  <object>
    <name>insulator</name>
    <pose>Unspecified</pose>
    <truncated>0</truncated>
    <difficult>0</difficult>
    <bndbox>
      <xmin>2430</xmin>
      <ymin>1063</ymin>
      <xmax>2484</xmax>
      <ymax>1174</ymax>
    </bndbox>
  </object>
  <object>
    <name>insulator</name>
    <pose>Unspecified</pose>
    <truncated>0</truncated>
    <difficult>0</difficult>
    <bndbox>
      <xmin>2827</xmin>
      <ymin>1106</ymin>
      <xmax>2887</xmax>
      <ymax>1213</ymax>
    </bndbox>
  </object>
</annotation>
