<annotation>
  <folder>0101</folder>
  <filename>234</filename>
  <path>/home/power/workspace/qj_power_images/img01/0101/234.JPG</path>
  <source>
    <database>Unknown</database>
  </source>
  <size>
    <width>4608</width>
    <height>3456</height>
    <depth>3</depth>
  </size>
  <segmented>0</segmented>
  <object>
    <name>powerline</name>
    <pose>Unspecified</pose>
    <truncated>0</truncated>
    <difficult>0</difficult>
    <bndbox>
      <xmin>1362</xmin>
      <ymin>17</ymin>
      <xmax>1848</xmax>
      <ymax>699</ymax>
    </bndbox>
  </object>
  <object>
    <name>powerline</name>
    <pose>Unspecified</pose>
    <truncated>0</truncated>
    <difficult>0</difficult>
    <bndbox>
      <xmin>1659</xmin>
      <ymin>3</ymin>
      <xmax>2859</xmax>
      <ymax>1260</ymax>
    </bndbox>
  </object>
  <object>
    <name>powerline</name>
    <pose>Unspecified</pose>
    <truncated>0</truncated>
    <difficult>0</difficult>
    <bndbox>
      <xmin>3041</xmin>
      <ymin>20</ymin>
      <xmax>4059</xmax>
      <ymax>1006</ymax>
    </bndbox>
  </object>
  <object>
    <name>powerline</name>
    <pose>Unspecified</pose>
    <truncated>0</truncated>
    <difficult>0</difficult>
    <bndbox>
      <xmin>3030</xmin>
      <ymin>474</ymin>
      <xmax>4577</xmax>
      <ymax>1670</ymax>
    </bndbox>
  </object>
  <object>
    <name>powerline</name>
    <pose>Unspecified</pose>
    <truncated>0</truncated>
    <difficult>0</difficult>
    <bndbox>
      <xmin>3709</xmin>
      <ymin>1713</ymin>
      <xmax>4584</xmax>
      <ymax>2245</ymax>
    </bndbox>
  </object>
  <object>
    <name>powerline</name>
    <pose>Unspecified</pose>
    <truncated>0</truncated>
    <difficult>0</difficult>
    <bndbox>
      <xmin>2</xmin>
      <ymin>1820</ymin>
      <xmax>627</xmax>
      <ymax>2853</ymax>
    </bndbox>
  </object>
  <object>
    <name>powerline</name>
    <pose>Unspecified</pose>
    <truncated>0</truncated>
    <difficult>0</difficult>
    <bndbox>
      <xmin>27</xmin>
      <ymin>2481</ymin>
      <xmax>602</xmax>
      <ymax>3431</ymax>
    </bndbox>
  </object>
  <object>
    <name>hammer</name>
    <pose>Unspecified</pose>
    <truncated>0</truncated>
    <difficult>0</difficult>
    <bndbox>
      <xmin>1112</xmin>
      <ymin>985</ymin>
      <xmax>1155</xmax>
      <ymax>1067</ymax>
    </bndbox>
  </object>
  <object>
    <name>hammer</name>
    <pose>Unspecified</pose>
    <truncated>0</truncated>
    <difficult>0</difficult>
    <bndbox>
      <xmin>891</xmin>
      <ymin>1999</ymin>
      <xmax>955</xmax>
      <ymax>2060</ymax>
    </bndbox>
  </object>
  <object>
    <name>hammer</name>
    <pose>Unspecified</pose>
    <truncated>0</truncated>
    <difficult>0</difficult>
    <bndbox>
      <xmin>655</xmin>
      <ymin>2320</ymin>
      <xmax>702</xmax>
      <ymax>2395</ymax>
    </bndbox>
  </object>
  <object>
    <name>hammer</name>
    <pose>Unspecified</pose>
    <truncated>0</truncated>
    <difficult>0</difficult>
    <bndbox>
      <xmin>2309</xmin>
      <ymin>2135</ymin>
      <xmax>2395</xmax>
      <ymax>2210</ymax>
    </bndbox>
  </object>
  <object>
    <name>hammer</name>
    <pose>Unspecified</pose>
    <truncated>0</truncated>
    <difficult>0</difficult>
    <bndbox>
      <xmin>2016</xmin>
      <ymin>2438</ymin>
      <xmax>2084</xmax>
      <ymax>2520</ymax>
    </bndbox>
  </object>
  <object>
    <name>hammer</name>
    <pose>Unspecified</pose>
    <truncated>0</truncated>
    <difficult>0</difficult>
    <bndbox>
      <xmin>3230</xmin>
      <ymin>2556</ymin>
      <xmax>3316</xmax>
      <ymax>2617</ymax>
    </bndbox>
  </object>
  <object>
    <name>hammer</name>
    <pose>Unspecified</pose>
    <truncated>0</truncated>
    <difficult>0</difficult>
    <bndbox>
      <xmin>3587</xmin>
      <ymin>2263</ymin>
      <xmax>3680</xmax>
      <ymax>2335</ymax>
    </bndbox>
  </object>
  <object>
    <name>insulator</name>
    <pose>Unspecified</pose>
    <truncated>0</truncated>
    <difficult>0</difficult>
    <bndbox>
      <xmin>723</xmin>
      <ymin>1820</ymin>
      <xmax>866</xmax>
      <ymax>2160</ymax>
    </bndbox>
  </object>
  <object>
    <name>insulator</name>
    <pose>Unspecified</pose>
    <truncated>0</truncated>
    <difficult>0</difficult>
    <bndbox>
      <xmin>2109</xmin>
      <ymin>1978</ymin>
      <xmax>2248</xmax>
      <ymax>2299</ymax>
    </bndbox>
  </object>
  <object>
    <name>insulator</name>
    <pose>Unspecified</pose>
    <truncated>0</truncated>
    <difficult>0</difficult>
    <bndbox>
      <xmin>3334</xmin>
      <ymin>2074</ymin>
      <xmax>3498</xmax>
      <ymax>2435</ymax>
    </bndbox>
  </object>
</annotation>
