<annotation>
  <folder>0101</folder>
  <filename>236</filename>
  <path>/home/power/workspace/qj_power_images/img01/0101/236.JPG</path>
  <source>
    <database>Unknown</database>
  </source>
  <size>
    <width>4608</width>
    <height>3456</height>
    <depth>3</depth>
  </size>
  <segmented>0</segmented>
  <object>
    <name>powerline</name>
    <pose>Unspecified</pose>
    <truncated>0</truncated>
    <difficult>0</difficult>
    <bndbox>
      <xmin>509</xmin>
      <ymin>10</ymin>
      <xmax>1459</xmax>
      <ymax>1428</ymax>
    </bndbox>
  </object>
  <object>
    <name>powerline</name>
    <pose>Unspecified</pose>
    <truncated>0</truncated>
    <difficult>0</difficult>
    <bndbox>
      <xmin>1502</xmin>
      <ymin>6</ymin>
      <xmax>1977</xmax>
      <ymax>1513</ymax>
    </bndbox>
  </object>
  <object>
    <name>powerline</name>
    <pose>Unspecified</pose>
    <truncated>0</truncated>
    <difficult>0</difficult>
    <bndbox>
      <xmin>2402</xmin>
      <ymin>6</ymin>
      <xmax>2512</xmax>
      <ymax>1517</ymax>
    </bndbox>
  </object>
</annotation>
