<annotation>
  <folder>0101</folder>
  <filename>237</filename>
  <path>/home/power/workspace/qj_power_images/img01/0101/237.JPG</path>
  <source>
    <database>Unknown</database>
  </source>
  <size>
    <width>4608</width>
    <height>3456</height>
    <depth>3</depth>
  </size>
  <segmented>0</segmented>
  <object>
    <name>powerline</name>
    <pose>Unspecified</pose>
    <truncated>0</truncated>
    <difficult>0</difficult>
    <bndbox>
      <xmin>5</xmin>
      <ymin>824</ymin>
      <xmax>4309</xmax>
      <ymax>1388</ymax>
    </bndbox>
  </object>
  <object>
    <name>powerline</name>
    <pose>Unspecified</pose>
    <truncated>0</truncated>
    <difficult>0</difficult>
    <bndbox>
      <xmin>1398</xmin>
      <ymin>6</ymin>
      <xmax>4355</xmax>
      <ymax>720</ymax>
    </bndbox>
  </object>
</annotation>
