<annotation>
  <folder>0101</folder>
  <filename>238</filename>
  <path>/home/power/workspace/qj_power_images/img01/0101/238.JPG</path>
  <source>
    <database>Unknown</database>
  </source>
  <size>
    <width>4608</width>
    <height>3456</height>
    <depth>3</depth>
  </size>
  <segmented>0</segmented>
  <object>
    <name>powerline</name>
    <pose>Unspecified</pose>
    <truncated>0</truncated>
    <difficult>0</difficult>
    <bndbox>
      <xmin>12</xmin>
      <ymin>485</ymin>
      <xmax>1577</xmax>
      <ymax>1160</ymax>
    </bndbox>
  </object>
  <object>
    <name>powerline</name>
    <pose>Unspecified</pose>
    <truncated>0</truncated>
    <difficult>0</difficult>
    <bndbox>
      <xmin>1</xmin>
      <ymin>1156</ymin>
      <xmax>1734</xmax>
      <ymax>1799</ymax>
    </bndbox>
  </object>
  <object>
    <name>powerline</name>
    <pose>Unspecified</pose>
    <truncated>0</truncated>
    <difficult>0</difficult>
    <bndbox>
      <xmin>1</xmin>
      <ymin>1610</ymin>
      <xmax>1902</xmax>
      <ymax>2243</ymax>
    </bndbox>
  </object>
  <object>
    <name>powerline</name>
    <pose>Unspecified</pose>
    <truncated>0</truncated>
    <difficult>0</difficult>
    <bndbox>
      <xmin>2630</xmin>
      <ymin>1156</ymin>
      <xmax>4595</xmax>
      <ymax>1420</ymax>
    </bndbox>
  </object>
  <object>
    <name>powerline</name>
    <pose>Unspecified</pose>
    <truncated>0</truncated>
    <difficult>0</difficult>
    <bndbox>
      <xmin>2879</xmin>
      <ymin>2956</ymin>
      <xmax>4608</xmax>
      <ymax>3342</ymax>
    </bndbox>
  </object>
  <object>
    <name>powerline</name>
    <pose>Unspecified</pose>
    <truncated>0</truncated>
    <difficult>0</difficult>
    <bndbox>
      <xmin>2420</xmin>
      <ymin>538</ymin>
      <xmax>4591</xmax>
      <ymax>970</ymax>
    </bndbox>
  </object>
  <object>
    <name>powerline</name>
    <pose>Unspecified</pose>
    <truncated>0</truncated>
    <difficult>0</difficult>
    <bndbox>
      <xmin>2095</xmin>
      <ymin>10</ymin>
      <xmax>3437</xmax>
      <ymax>324</ymax>
    </bndbox>
  </object>
  <object>
    <name>insulator</name>
    <pose>Unspecified</pose>
    <truncated>0</truncated>
    <difficult>0</difficult>
    <bndbox>
      <xmin>1798</xmin>
      <ymin>217</ymin>
      <xmax>1923</xmax>
      <ymax>406</ymax>
    </bndbox>
  </object>
  <object>
    <name>hammer</name>
    <pose>Unspecified</pose>
    <truncated>0</truncated>
    <difficult>0</difficult>
    <bndbox>
      <xmin>1620</xmin>
      <ymin>428</ymin>
      <xmax>1698</xmax>
      <ymax>488</ymax>
    </bndbox>
  </object>
</annotation>
