<annotation>
  <folder>0101</folder>
  <filename>239</filename>
  <path>/home/power/workspace/qj_power_images/img01/0101/239.JPG</path>
  <source>
    <database>Unknown</database>
  </source>
  <size>
    <width>4608</width>
    <height>3456</height>
    <depth>3</depth>
  </size>
  <segmented>0</segmented>
  <object>
    <name>insulator</name>
    <pose>Unspecified</pose>
    <truncated>0</truncated>
    <difficult>0</difficult>
    <bndbox>
      <xmin>573</xmin>
      <ymin>2453</ymin>
      <xmax>787</xmax>
      <ymax>2717</ymax>
    </bndbox>
  </object>
  <object>
    <name>hammer</name>
    <pose>Unspecified</pose>
    <truncated>0</truncated>
    <difficult>0</difficult>
    <bndbox>
      <xmin>448</xmin>
      <ymin>2185</ymin>
      <xmax>527</xmax>
      <ymax>2324</ymax>
    </bndbox>
  </object>
  <object>
    <name>hammer</name>
    <pose>Unspecified</pose>
    <truncated>0</truncated>
    <difficult>0</difficult>
    <bndbox>
      <xmin>1389</xmin>
      <ymin>1913</ymin>
      <xmax>1450</xmax>
      <ymax>2010</ymax>
    </bndbox>
  </object>
  <object>
    <name>hammer</name>
    <pose>Unspecified</pose>
    <truncated>0</truncated>
    <difficult>0</difficult>
    <bndbox>
      <xmin>2081</xmin>
      <ymin>1805</ymin>
      <xmax>2144</xmax>
      <ymax>1960</ymax>
    </bndbox>
  </object>
  <object>
    <name>hammer</name>
    <pose>Unspecified</pose>
    <truncated>0</truncated>
    <difficult>0</difficult>
    <bndbox>
      <xmin>3113</xmin>
      <ymin>1515</ymin>
      <xmax>3168</xmax>
      <ymax>1610</ymax>
    </bndbox>
  </object>
  <object>
    <name>powerline</name>
    <pose>Unspecified</pose>
    <truncated>0</truncated>
    <difficult>0</difficult>
    <bndbox>
      <xmin>1</xmin>
      <ymin>894</ymin>
      <xmax>460</xmax>
      <ymax>2173</ymax>
    </bndbox>
  </object>
  <object>
    <name>powerline</name>
    <pose>Unspecified</pose>
    <truncated>0</truncated>
    <difficult>0</difficult>
    <bndbox>
      <xmin>828</xmin>
      <ymin>1</ymin>
      <xmax>1392</xmax>
      <ymax>1868</ymax>
    </bndbox>
  </object>
  <object>
    <name>powerline</name>
    <pose>Unspecified</pose>
    <truncated>0</truncated>
    <difficult>0</difficult>
    <bndbox>
      <xmin>1560</xmin>
      <ymin>1</ymin>
      <xmax>2086</xmax>
      <ymax>1781</ymax>
    </bndbox>
  </object>
  <object>
    <name>powerline</name>
    <pose>Unspecified</pose>
    <truncated>0</truncated>
    <difficult>0</difficult>
    <bndbox>
      <xmin>2731</xmin>
      <ymin>1</ymin>
      <xmax>3118</xmax>
      <ymax>1486</ymax>
    </bndbox>
  </object>
  <object>
    <name>powerline</name>
    <pose>Unspecified</pose>
    <truncated>0</truncated>
    <difficult>0</difficult>
    <bndbox>
      <xmin>3478</xmin>
      <ymin>7</ymin>
      <xmax>3784</xmax>
      <ymax>1294</ymax>
    </bndbox>
  </object>
  <object>
    <name>hammer</name>
    <pose>Unspecified</pose>
    <truncated>0</truncated>
    <difficult>0</difficult>
    <bndbox>
      <xmin>3786</xmin>
      <ymin>1368</ymin>
      <xmax>3855</xmax>
      <ymax>1518</ymax>
    </bndbox>
  </object>
  <object>
    <name>insulator</name>
    <pose>Unspecified</pose>
    <truncated>0</truncated>
    <difficult>0</difficult>
    <bndbox>
      <xmin>3789</xmin>
      <ymin>1723</ymin>
      <xmax>3968</xmax>
      <ymax>1939</ymax>
    </bndbox>
  </object>
  <object>
    <name>hammer</name>
    <pose>Unspecified</pose>
    <truncated>0</truncated>
    <difficult>0</difficult>
    <bndbox>
      <xmin>3994</xmin>
      <ymin>2176</ymin>
      <xmax>4065</xmax>
      <ymax>2336</ymax>
    </bndbox>
  </object>
  <object>
    <name>powerline</name>
    <pose>Unspecified</pose>
    <truncated>0</truncated>
    <difficult>0</difficult>
    <bndbox>
      <xmin>3276</xmin>
      <ymin>2092</ymin>
      <xmax>3650</xmax>
      <ymax>3444</ymax>
    </bndbox>
  </object>
  <object>
    <name>powerline</name>
    <pose>Unspecified</pose>
    <truncated>0</truncated>
    <difficult>0</difficult>
    <bndbox>
      <xmin>4063</xmin>
      <ymin>2400</ymin>
      <xmax>4347</xmax>
      <ymax>3426</ymax>
    </bndbox>
  </object>
</annotation>
