<annotation>
  <folder>0101</folder>
  <filename>24</filename>
  <path>/home/power/workspace/qj_power_images/img01/0101/24.JPG</path>
  <source>
    <database>Unknown</database>
  </source>
  <size>
    <width>4608</width>
    <height>3456</height>
    <depth>3</depth>
  </size>
  <segmented>0</segmented>
  <object>
    <name>hammer</name>
    <pose>Unspecified</pose>
    <truncated>0</truncated>
    <difficult>0</difficult>
    <bndbox>
      <xmin>1644</xmin>
      <ymin>688</ymin>
      <xmax>1705</xmax>
      <ymax>713</ymax>
    </bndbox>
  </object>
  <object>
    <name>hammer</name>
    <pose>Unspecified</pose>
    <truncated>0</truncated>
    <difficult>0</difficult>
    <bndbox>
      <xmin>1776</xmin>
      <ymin>700</ymin>
      <xmax>1833</xmax>
      <ymax>722</ymax>
    </bndbox>
  </object>
  <object>
    <name>hammer</name>
    <pose>Unspecified</pose>
    <truncated>0</truncated>
    <difficult>0</difficult>
    <bndbox>
      <xmin>1661</xmin>
      <ymin>827</ymin>
      <xmax>1727</xmax>
      <ymax>849</ymax>
    </bndbox>
  </object>
  <object>
    <name>hammer</name>
    <pose>Unspecified</pose>
    <truncated>0</truncated>
    <difficult>0</difficult>
    <bndbox>
      <xmin>1813</xmin>
      <ymin>841</ymin>
      <xmax>1879</xmax>
      <ymax>864</ymax>
    </bndbox>
  </object>
  <object>
    <name>hammer</name>
    <pose>Unspecified</pose>
    <truncated>0</truncated>
    <difficult>0</difficult>
    <bndbox>
      <xmin>1591</xmin>
      <ymin>1144</ymin>
      <xmax>1648</xmax>
      <ymax>1163</ymax>
    </bndbox>
  </object>
  <object>
    <name>hammer</name>
    <pose>Unspecified</pose>
    <truncated>0</truncated>
    <difficult>0</difficult>
    <bndbox>
      <xmin>1717</xmin>
      <ymin>1151</ymin>
      <xmax>1777</xmax>
      <ymax>1172</ymax>
    </bndbox>
  </object>
  <object>
    <name>hammer</name>
    <pose>Unspecified</pose>
    <truncated>0</truncated>
    <difficult>0</difficult>
    <bndbox>
      <xmin>2545</xmin>
      <ymin>766</ymin>
      <xmax>2598</xmax>
      <ymax>788</ymax>
    </bndbox>
  </object>
  <object>
    <name>hammer</name>
    <pose>Unspecified</pose>
    <truncated>0</truncated>
    <difficult>0</difficult>
    <bndbox>
      <xmin>2675</xmin>
      <ymin>901</ymin>
      <xmax>2736</xmax>
      <ymax>924</ymax>
    </bndbox>
  </object>
  <object>
    <name>hammer</name>
    <pose>Unspecified</pose>
    <truncated>0</truncated>
    <difficult>0</difficult>
    <bndbox>
      <xmin>2572</xmin>
      <ymin>1214</ymin>
      <xmax>2630</xmax>
      <ymax>1239</ymax>
    </bndbox>
  </object>
  <object>
    <name>insulator</name>
    <pose>Unspecified</pose>
    <truncated>0</truncated>
    <difficult>0</difficult>
    <bndbox>
      <xmin>2077</xmin>
      <ymin>847</ymin>
      <xmax>2226</xmax>
      <ymax>894</ymax>
    </bndbox>
  </object>
  <object>
    <name>insulator</name>
    <pose>Unspecified</pose>
    <truncated>0</truncated>
    <difficult>0</difficult>
    <bndbox>
      <xmin>1963</xmin>
      <ymin>700</ymin>
      <xmax>2116</xmax>
      <ymax>741</ymax>
    </bndbox>
  </object>
  <object>
    <name>insulator</name>
    <pose>Unspecified</pose>
    <truncated>0</truncated>
    <difficult>0</difficult>
    <bndbox>
      <xmin>1913</xmin>
      <ymin>1150</ymin>
      <xmax>2063</xmax>
      <ymax>1194</ymax>
    </bndbox>
  </object>
  <object>
    <name>insulator</name>
    <pose>Unspecified</pose>
    <truncated>0</truncated>
    <difficult>0</difficult>
    <bndbox>
      <xmin>2292</xmin>
      <ymin>732</ymin>
      <xmax>2454</xmax>
      <ymax>776</ymax>
    </bndbox>
  </object>
  <object>
    <name>insulator</name>
    <pose>Unspecified</pose>
    <truncated>0</truncated>
    <difficult>0</difficult>
    <bndbox>
      <xmin>2379</xmin>
      <ymin>876</ymin>
      <xmax>2539</xmax>
      <ymax>917</ymax>
    </bndbox>
  </object>
  <object>
    <name>insulator</name>
    <pose>Unspecified</pose>
    <truncated>0</truncated>
    <difficult>0</difficult>
    <bndbox>
      <xmin>2202</xmin>
      <ymin>1173</ymin>
      <xmax>2407</xmax>
      <ymax>1229</ymax>
    </bndbox>
  </object>
  <object>
    <name>insulator</name>
    <pose>Unspecified</pose>
    <truncated>0</truncated>
    <difficult>0</difficult>
    <bndbox>
      <xmin>2250</xmin>
      <ymin>417</ymin>
      <xmax>2295</xmax>
      <ymax>551</ymax>
    </bndbox>
  </object>
  <object>
    <name>insulator</name>
    <pose>Unspecified</pose>
    <truncated>0</truncated>
    <difficult>0</difficult>
    <bndbox>
      <xmin>3414</xmin>
      <ymin>1336</ymin>
      <xmax>3498</xmax>
      <ymax>1367</ymax>
    </bndbox>
  </object>
  <object>
    <name>insulator</name>
    <pose>Unspecified</pose>
    <truncated>0</truncated>
    <difficult>0</difficult>
    <bndbox>
      <xmin>3509</xmin>
      <ymin>1442</ymin>
      <xmax>3604</xmax>
      <ymax>1472</ymax>
    </bndbox>
  </object>
  <object>
    <name>insulator</name>
    <pose>Unspecified</pose>
    <truncated>0</truncated>
    <difficult>0</difficult>
    <bndbox>
      <xmin>3365</xmin>
      <ymin>1603</ymin>
      <xmax>3447</xmax>
      <ymax>1635</ymax>
    </bndbox>
  </object>
  <object>
    <name>insulator</name>
    <pose>Unspecified</pose>
    <truncated>0</truncated>
    <difficult>0</difficult>
    <bndbox>
      <xmin>3642</xmin>
      <ymin>1342</ymin>
      <xmax>3726</xmax>
      <ymax>1375</ymax>
    </bndbox>
  </object>
  <object>
    <name>insulator</name>
    <pose>Unspecified</pose>
    <truncated>0</truncated>
    <difficult>0</difficult>
    <bndbox>
      <xmin>3727</xmin>
      <ymin>1452</ymin>
      <xmax>3822</xmax>
      <ymax>1492</ymax>
    </bndbox>
  </object>
  <object>
    <name>insulator</name>
    <pose>Unspecified</pose>
    <truncated>0</truncated>
    <difficult>0</difficult>
    <bndbox>
      <xmin>3621</xmin>
      <ymin>1147</ymin>
      <xmax>3648</xmax>
      <ymax>1215</ymax>
    </bndbox>
  </object>
  <object>
    <name>hammer</name>
    <pose>Unspecified</pose>
    <truncated>0</truncated>
    <difficult>0</difficult>
    <bndbox>
      <xmin>3263</xmin>
      <ymin>1346</ymin>
      <xmax>3294</xmax>
      <ymax>1362</ymax>
    </bndbox>
  </object>
  <object>
    <name>hammer</name>
    <pose>Unspecified</pose>
    <truncated>0</truncated>
    <difficult>0</difficult>
    <bndbox>
      <xmin>3311</xmin>
      <ymin>1347</ymin>
      <xmax>3343</xmax>
      <ymax>1362</ymax>
    </bndbox>
  </object>
  <object>
    <name>hammer</name>
    <pose>Unspecified</pose>
    <truncated>0</truncated>
    <difficult>0</difficult>
    <bndbox>
      <xmin>3354</xmin>
      <ymin>1452</ymin>
      <xmax>3386</xmax>
      <ymax>1467</ymax>
    </bndbox>
  </object>
  <object>
    <name>hammer</name>
    <pose>Unspecified</pose>
    <truncated>0</truncated>
    <difficult>0</difficult>
    <bndbox>
      <xmin>3217</xmin>
      <ymin>1615</ymin>
      <xmax>3245</xmax>
      <ymax>1631</ymax>
    </bndbox>
  </object>
  <object>
    <name>hammer</name>
    <pose>Unspecified</pose>
    <truncated>0</truncated>
    <difficult>0</difficult>
    <bndbox>
      <xmin>3263</xmin>
      <ymin>1615</ymin>
      <xmax>3297</xmax>
      <ymax>1629</ymax>
    </bndbox>
  </object>
  <object>
    <name>hammer</name>
    <pose>Unspecified</pose>
    <truncated>0</truncated>
    <difficult>0</difficult>
    <bndbox>
      <xmin>3754</xmin>
      <ymin>1637</ymin>
      <xmax>3789</xmax>
      <ymax>1651</ymax>
    </bndbox>
  </object>
  <object>
    <name>hammer</name>
    <pose>Unspecified</pose>
    <truncated>0</truncated>
    <difficult>0</difficult>
    <bndbox>
      <xmin>3917</xmin>
      <ymin>1485</ymin>
      <xmax>3951</xmax>
      <ymax>1500</ymax>
    </bndbox>
  </object>
  <object>
    <name>hammer</name>
    <pose>Unspecified</pose>
    <truncated>0</truncated>
    <difficult>0</difficult>
    <bndbox>
      <xmin>3822</xmin>
      <ymin>1364</ymin>
      <xmax>3859</xmax>
      <ymax>1377</ymax>
    </bndbox>
  </object>
  <object>
    <name>powerline</name>
    <pose>Unspecified</pose>
    <truncated>0</truncated>
    <difficult>0</difficult>
    <bndbox>
      <xmin>20</xmin>
      <ymin>10</ymin>
      <xmax>1987</xmax>
      <ymax>451</ymax>
    </bndbox>
  </object>
  <object>
    <name>powerline</name>
    <pose>Unspecified</pose>
    <truncated>0</truncated>
    <difficult>0</difficult>
    <bndbox>
      <xmin>20</xmin>
      <ymin>516</ymin>
      <xmax>1441</xmax>
      <ymax>851</ymax>
    </bndbox>
  </object>
  <object>
    <name>powerline</name>
    <pose>Unspecified</pose>
    <truncated>0</truncated>
    <difficult>0</difficult>
    <bndbox>
      <xmin>14</xmin>
      <ymin>1008</ymin>
      <xmax>1439</xmax>
      <ymax>1170</ymax>
    </bndbox>
  </object>
  <object>
    <name>powerline</name>
    <pose>Unspecified</pose>
    <truncated>0</truncated>
    <difficult>0</difficult>
    <bndbox>
      <xmin>12</xmin>
      <ymin>1224</ymin>
      <xmax>1951</xmax>
      <ymax>1449</ymax>
    </bndbox>
  </object>
  <object>
    <name>powerline</name>
    <pose>Unspecified</pose>
    <truncated>0</truncated>
    <difficult>0</difficult>
    <bndbox>
      <xmin>1</xmin>
      <ymin>1549</ymin>
      <xmax>2072</xmax>
      <ymax>1620</ymax>
    </bndbox>
  </object>
  <object>
    <name>powerline</name>
    <pose>Unspecified</pose>
    <truncated>0</truncated>
    <difficult>0</difficult>
    <bndbox>
      <xmin>389</xmin>
      <ymin>1922</ymin>
      <xmax>2043</xmax>
      <ymax>2026</ymax>
    </bndbox>
  </object>
  <object>
    <name>powerline</name>
    <pose>Unspecified</pose>
    <truncated>0</truncated>
    <difficult>0</difficult>
    <bndbox>
      <xmin>372</xmin>
      <ymin>2081</ymin>
      <xmax>2037</xmax>
      <ymax>2341</ymax>
    </bndbox>
  </object>
  <object>
    <name>powerline</name>
    <pose>Unspecified</pose>
    <truncated>0</truncated>
    <difficult>0</difficult>
    <bndbox>
      <xmin>2456</xmin>
      <ymin>1845</ymin>
      <xmax>3489</xmax>
      <ymax>1935</ymax>
    </bndbox>
  </object>
  <object>
    <name>powerline</name>
    <pose>Unspecified</pose>
    <truncated>0</truncated>
    <difficult>0</difficult>
    <bndbox>
      <xmin>2451</xmin>
      <ymin>2014</ymin>
      <xmax>3495</xmax>
      <ymax>2114</ymax>
    </bndbox>
  </object>
  <object>
    <name>hammer</name>
    <pose>Unspecified</pose>
    <truncated>0</truncated>
    <difficult>0</difficult>
    <bndbox>
      <xmin>2308</xmin>
      <ymin>324</ymin>
      <xmax>2362</xmax>
      <ymax>349</ymax>
    </bndbox>
  </object>
  <object>
    <name>powerline</name>
    <pose>Unspecified</pose>
    <truncated>0</truncated>
    <difficult>0</difficult>
    <bndbox>
      <xmin>2491</xmin>
      <ymin>322</ymin>
      <xmax>3891</xmax>
      <ymax>385</ymax>
    </bndbox>
  </object>
  <object>
    <name>powerline</name>
    <pose>Unspecified</pose>
    <truncated>0</truncated>
    <difficult>0</difficult>
    <bndbox>
      <xmin>2464</xmin>
      <ymin>441</ymin>
      <xmax>3926</xmax>
      <ymax>522</ymax>
    </bndbox>
  </object>
  <object>
    <name>powerline</name>
    <pose>Unspecified</pose>
    <truncated>0</truncated>
    <difficult>0</difficult>
    <bndbox>
      <xmin>2920</xmin>
      <ymin>779</ymin>
      <xmax>4362</xmax>
      <ymax>976</ymax>
    </bndbox>
  </object>
  <object>
    <name>powerline</name>
    <pose>Unspecified</pose>
    <truncated>0</truncated>
    <difficult>0</difficult>
    <bndbox>
      <xmin>2547</xmin>
      <ymin>2362</ymin>
      <xmax>3441</xmax>
      <ymax>2518</ymax>
    </bndbox>
  </object>
  <object>
    <name>powerline</name>
    <pose>Unspecified</pose>
    <truncated>0</truncated>
    <difficult>0</difficult>
    <bndbox>
      <xmin>2449</xmin>
      <ymin>1581</ymin>
      <xmax>3193</xmax>
      <ymax>1656</ymax>
    </bndbox>
  </object>
  <object>
    <name>powerline</name>
    <pose>Unspecified</pose>
    <truncated>0</truncated>
    <difficult>0</difficult>
    <bndbox>
      <xmin>2401</xmin>
      <ymin>1406</ymin>
      <xmax>3329</xmax>
      <ymax>1483</ymax>
    </bndbox>
  </object>
</annotation>
