<annotation>
	<folder>images</folder>
	<filename>240.JPG</filename>
	<path>E:\stu_four\能讯实习\备份\images\240.JPG</path>
	<source>
		<database>Unknown</database>
	</source>
	<size>
		<width>2448</width>
		<height>3264</height>
		<depth>3</depth>
	</size>
	<segmented>0</segmented>
	<object>
		<name>powerline</name>
		<pose>Unspecified</pose>
		<truncated>0</truncated>
		<difficult>0</difficult>
		<bndbox>
			<xmin>1041</xmin>
			<ymin>604</ymin>
			<xmax>1266</xmax>
			<ymax>779</ymax>
		</bndbox>
	</object>
	<object>
		<name>powerline</name>
		<pose>Unspecified</pose>
		<truncated>0</truncated>
		<difficult>0</difficult>
		<bndbox>
			<xmin>361</xmin>
			<ymin>1839</ymin>
			<xmax>441</xmax>
			<ymax>1989</ymax>
		</bndbox>
	</object>
</annotation>
