<annotation>
  <folder>0101</folder>
  <filename>241</filename>
  <path>/home/power/workspace/qj_power_images/img01/0101/241.JPG</path>
  <source>
    <database>Unknown</database>
  </source>
  <size>
    <width>4608</width>
    <height>3456</height>
    <depth>3</depth>
  </size>
  <segmented>0</segmented>
  <object>
    <name>powerline</name>
    <pose>Unspecified</pose>
    <truncated>0</truncated>
    <difficult>0</difficult>
    <bndbox>
      <xmin>1973</xmin>
      <ymin>1</ymin>
      <xmax>2230</xmax>
      <ymax>1471</ymax>
    </bndbox>
  </object>
  <object>
    <name>powerline</name>
    <pose>Unspecified</pose>
    <truncated>0</truncated>
    <difficult>0</difficult>
    <bndbox>
      <xmin>2598</xmin>
      <ymin>1</ymin>
      <xmax>2827</xmax>
      <ymax>1157</ymax>
    </bndbox>
  </object>
  <object>
    <name>powerline</name>
    <pose>Unspecified</pose>
    <truncated>0</truncated>
    <difficult>0</difficult>
    <bndbox>
      <xmin>3120</xmin>
      <ymin>3</ymin>
      <xmax>3641</xmax>
      <ymax>1060</ymax>
    </bndbox>
  </object>
</annotation>
