<annotation>
  <folder>0101</folder>
  <filename>242</filename>
  <path>/home/power/workspace/qj_power_images/img01/0101/242.JPG</path>
  <source>
    <database>Unknown</database>
  </source>
  <size>
    <width>4608</width>
    <height>3456</height>
    <depth>3</depth>
  </size>
  <segmented>0</segmented>
  <object>
    <name>powerline</name>
    <pose>Unspecified</pose>
    <truncated>0</truncated>
    <difficult>0</difficult>
    <bndbox>
      <xmin>1216</xmin>
      <ymin>1</ymin>
      <xmax>1380</xmax>
      <ymax>1692</ymax>
    </bndbox>
  </object>
  <object>
    <name>powerline</name>
    <pose>Unspecified</pose>
    <truncated>0</truncated>
    <difficult>0</difficult>
    <bndbox>
      <xmin>1777</xmin>
      <ymin>6</ymin>
      <xmax>2227</xmax>
      <ymax>1503</ymax>
    </bndbox>
  </object>
</annotation>
