<annotation>
  <folder>0101</folder>
  <filename>244</filename>
  <path> </path>
  <source>
    <database>Unknown</database>
  </source>
  <size>
    <width>5184</width>
    <height>3888</height>
    <depth>3</depth>
  </size>
  <segmented>0</segmented>
  <object>
    <name>insulator</name>
    <pose>Unspecified</pose>
    <truncated>0</truncated>
    <difficult>0</difficult>
    <bndbox>
      <xmin>1901</xmin>
      <ymin>1067</ymin>
      <xmax>2049</xmax>
      <ymax>1185</ymax>
    </bndbox>
  </object>
  <object>
    <name>insulator</name>
    <pose>Unspecified</pose>
    <truncated>0</truncated>
    <difficult>0</difficult>
    <bndbox>
      <xmin>2150</xmin>
      <ymin>1414</ymin>
      <xmax>2263</xmax>
      <ymax>1539</ymax>
    </bndbox>
  </object>
  <object>
    <name>insulator</name>
    <pose>Unspecified</pose>
    <truncated>0</truncated>
    <difficult>0</difficult>
    <bndbox>
      <xmin>2480</xmin>
      <ymin>816</ymin>
      <xmax>2609</xmax>
      <ymax>934</ymax>
    </bndbox>
  </object>
  <object>
    <name>insulator</name>
    <pose>Unspecified</pose>
    <truncated>0</truncated>
    <difficult>0</difficult>
    <bndbox>
      <xmin>3165</xmin>
      <ymin>1245</ymin>
      <xmax>3265</xmax>
      <ymax>1385</ymax>
    </bndbox>
  </object>
  <object>
    <name>insulator</name>
    <pose>Unspecified</pose>
    <truncated>0</truncated>
    <difficult>0</difficult>
    <bndbox>
      <xmin>3038</xmin>
      <ymin>614</ymin>
      <xmax>3090</xmax>
      <ymax>752</ymax>
    </bndbox>
  </object>
  <object>
    <name>insulator</name>
    <pose>Unspecified</pose>
    <truncated>0</truncated>
    <difficult>0</difficult>
    <bndbox>
      <xmin>3061</xmin>
      <ymin>765</ymin>
      <xmax>3112</xmax>
      <ymax>885</ymax>
    </bndbox>
  </object>
  <object>
    <name>insulator</name>
    <pose>Unspecified</pose>
    <truncated>0</truncated>
    <difficult>0</difficult>
    <bndbox>
      <xmin>3087</xmin>
      <ymin>858</ymin>
      <xmax>3201</xmax>
      <ymax>981</ymax>
    </bndbox>
  </object>
  <object>
    <name>powerline</name>
    <pose>Unspecified</pose>
    <truncated>0</truncated>
    <difficult>0</difficult>
    <bndbox>
      <xmin>1552</xmin>
      <ymin>621</ymin>
      <xmax>1834</xmax>
      <ymax>965</ymax>
    </bndbox>
  </object>
  <object>
    <name>powerline</name>
    <pose>Unspecified</pose>
    <truncated>0</truncated>
    <difficult>0</difficult>
    <bndbox>
      <xmin>2134</xmin>
      <ymin>5</ymin>
      <xmax>2403</xmax>
      <ymax>592</ymax>
    </bndbox>
  </object>
  <object>
    <name>powerline</name>
    <pose>Unspecified</pose>
    <truncated>0</truncated>
    <difficult>0</difficult>
    <bndbox>
      <xmin>2740</xmin>
      <ymin>9</ymin>
      <xmax>2854</xmax>
      <ymax>479</ymax>
    </bndbox>
  </object>
  <object>
    <name>powerline</name>
    <pose>Unspecified</pose>
    <truncated>0</truncated>
    <difficult>0</difficult>
    <bndbox>
      <xmin>2972</xmin>
      <ymin>7</ymin>
      <xmax>3079</xmax>
      <ymax>596</ymax>
    </bndbox>
  </object>
  <object>
    <name>powerline</name>
    <pose>Unspecified</pose>
    <truncated>0</truncated>
    <difficult>0</difficult>
    <bndbox>
      <xmin>3247</xmin>
      <ymin>1501</ymin>
      <xmax>3369</xmax>
      <ymax>2150</ymax>
    </bndbox>
  </object>
  <object>
    <name>powerline</name>
    <pose>Unspecified</pose>
    <truncated>0</truncated>
    <difficult>0</difficult>
    <bndbox>
      <xmin>3039</xmin>
      <ymin>1221</ymin>
      <xmax>3216</xmax>
      <ymax>1896</ymax>
    </bndbox>
  </object>
</annotation>
