<annotation>
  <folder>0101</folder>
  <filename>246</filename>
  <path>/home/power/workspace/qj_power_images/img01/0101/246.JPG</path>
  <source>
    <database>Unknown</database>
  </source>
  <size>
    <width>5184</width>
    <height>3888</height>
    <depth>3</depth>
  </size>
  <segmented>0</segmented>
  <object>
    <name>powerline</name>
    <pose>Unspecified</pose>
    <truncated>0</truncated>
    <difficult>0</difficult>
    <bndbox>
      <xmin>962</xmin>
      <ymin>24</ymin>
      <xmax>1546</xmax>
      <ymax>1104</ymax>
    </bndbox>
  </object>
  <object>
    <name>powerline</name>
    <pose>Unspecified</pose>
    <truncated>0</truncated>
    <difficult>0</difficult>
    <bndbox>
      <xmin>2066</xmin>
      <ymin>12</ymin>
      <xmax>2510</xmax>
      <ymax>1736</ymax>
    </bndbox>
  </object>
  <object>
    <name>powerline</name>
    <pose>Unspecified</pose>
    <truncated>0</truncated>
    <difficult>0</difficult>
    <bndbox>
      <xmin>2982</xmin>
      <ymin>1</ymin>
      <xmax>3110</xmax>
      <ymax>1812</ymax>
    </bndbox>
  </object>
</annotation>
