<annotation>
  <folder>0101</folder>
  <filename>247</filename>
  <path>/home/power/workspace/qj_power_images/img01/0101/247.JPG</path>
  <source>
    <database>Unknown</database>
  </source>
  <size>
    <width>5184</width>
    <height>3888</height>
    <depth>3</depth>
  </size>
  <segmented>0</segmented>
  <object>
    <name>powerline</name>
    <pose>Unspecified</pose>
    <truncated>0</truncated>
    <difficult>0</difficult>
    <bndbox>
      <xmin>2134</xmin>
      <ymin>1</ymin>
      <xmax>2262</xmax>
      <ymax>1492</ymax>
    </bndbox>
  </object>
  <object>
    <name>powerline</name>
    <pose>Unspecified</pose>
    <truncated>0</truncated>
    <difficult>0</difficult>
    <bndbox>
      <xmin>2730</xmin>
      <ymin>12</ymin>
      <xmax>3114</xmax>
      <ymax>1376</ymax>
    </bndbox>
  </object>
  <object>
    <name>powerline</name>
    <pose>Unspecified</pose>
    <truncated>0</truncated>
    <difficult>0</difficult>
    <bndbox>
      <xmin>3442</xmin>
      <ymin>12</ymin>
      <xmax>4186</xmax>
      <ymax>1176</ymax>
    </bndbox>
  </object>
</annotation>
