<annotation>
  <folder>0101</folder>
  <filename>249</filename>
  <path>/home/power/workspace/qj_power_images/img01/0101/249.JPG</path>
  <source>
    <database>Unknown</database>
  </source>
  <size>
    <width>5184</width>
    <height>3888</height>
    <depth>3</depth>
  </size>
  <segmented>0</segmented>
  <object>
    <name>powerline</name>
    <pose>Unspecified</pose>
    <truncated>0</truncated>
    <difficult>0</difficult>
    <bndbox>
      <xmin>18</xmin>
      <ymin>296</ymin>
      <xmax>1302</xmax>
      <ymax>1072</ymax>
    </bndbox>
  </object>
  <object>
    <name>powerline</name>
    <pose>Unspecified</pose>
    <truncated>0</truncated>
    <difficult>0</difficult>
    <bndbox>
      <xmin>66</xmin>
      <ymin>784</ymin>
      <xmax>1226</xmax>
      <ymax>1356</ymax>
    </bndbox>
  </object>
  <object>
    <name>powerline</name>
    <pose>Unspecified</pose>
    <truncated>0</truncated>
    <difficult>0</difficult>
    <bndbox>
      <xmin>30</xmin>
      <ymin>1156</ymin>
      <xmax>1274</xmax>
      <ymax>1628</ymax>
    </bndbox>
  </object>
</annotation>
