<annotation>
  <folder>0101</folder>
  <filename>250</filename>
  <path>/home/power/workspace/qj_power_images/img01/0101/250.JPG</path>
  <source>
    <database>Unknown</database>
  </source>
  <size>
    <width>5184</width>
    <height>3888</height>
    <depth>3</depth>
  </size>
  <segmented>0</segmented>
  <object>
    <name>powerline</name>
    <pose>Unspecified</pose>
    <truncated>0</truncated>
    <difficult>0</difficult>
    <bndbox>
      <xmin>10</xmin>
      <ymin>620</ymin>
      <xmax>1598</xmax>
      <ymax>1424</ymax>
    </bndbox>
  </object>
  <object>
    <name>powerline</name>
    <pose>Unspecified</pose>
    <truncated>0</truncated>
    <difficult>0</difficult>
    <bndbox>
      <xmin>2046</xmin>
      <ymin>20</ymin>
      <xmax>3414</xmax>
      <ymax>1056</ymax>
    </bndbox>
  </object>
  <object>
    <name>powerline</name>
    <pose>Unspecified</pose>
    <truncated>0</truncated>
    <difficult>0</difficult>
    <bndbox>
      <xmin>14</xmin>
      <ymin>1852</ymin>
      <xmax>1526</xmax>
      <ymax>2424</ymax>
    </bndbox>
  </object>
  <object>
    <name>powerline</name>
    <pose>Unspecified</pose>
    <truncated>0</truncated>
    <difficult>0</difficult>
    <bndbox>
      <xmin>10</xmin>
      <ymin>2744</ymin>
      <xmax>962</xmax>
      <ymax>2976</ymax>
    </bndbox>
  </object>
  <object>
    <name>powerline</name>
    <pose>Unspecified</pose>
    <truncated>0</truncated>
    <difficult>0</difficult>
    <bndbox>
      <xmin>3702</xmin>
      <ymin>1268</ymin>
      <xmax>4530</xmax>
      <ymax>2244</ymax>
    </bndbox>
  </object>
  <object>
    <name>powerline</name>
    <pose>Unspecified</pose>
    <truncated>0</truncated>
    <difficult>0</difficult>
    <bndbox>
      <xmin>2046</xmin>
      <ymin>1640</ymin>
      <xmax>3030</xmax>
      <ymax>2100</ymax>
    </bndbox>
  </object>
  <object>
    <name>insulator</name>
    <pose>Unspecified</pose>
    <truncated>0</truncated>
    <difficult>0</difficult>
    <bndbox>
      <xmin>1166</xmin>
      <ymin>2700</ymin>
      <xmax>1286</xmax>
      <ymax>3032</ymax>
    </bndbox>
  </object>
  <object>
    <name>hammer</name>
    <pose>Unspecified</pose>
    <truncated>0</truncated>
    <difficult>0</difficult>
    <bndbox>
      <xmin>1013</xmin>
      <ymin>2992</ymin>
      <xmax>1089</xmax>
      <ymax>3036</ymax>
    </bndbox>
  </object>
  <object>
    <name>hammer</name>
    <pose>Unspecified</pose>
    <truncated>0</truncated>
    <difficult>0</difficult>
    <bndbox>
      <xmin>1381</xmin>
      <ymin>3165</ymin>
      <xmax>1445</xmax>
      <ymax>3224</ymax>
    </bndbox>
  </object>
  <object>
    <name>hammer</name>
    <pose>Unspecified</pose>
    <truncated>0</truncated>
    <difficult>0</difficult>
    <bndbox>
      <xmin>2548</xmin>
      <ymin>2776</ymin>
      <xmax>2602</xmax>
      <ymax>2820</ymax>
    </bndbox>
  </object>
  <object>
    <name>hammer</name>
    <pose>Unspecified</pose>
    <truncated>0</truncated>
    <difficult>0</difficult>
    <bndbox>
      <xmin>2850</xmin>
      <ymin>2956</ymin>
      <xmax>2910</xmax>
      <ymax>3022</ymax>
    </bndbox>
  </object>
  <object>
    <name>insulator</name>
    <pose>Unspecified</pose>
    <truncated>0</truncated>
    <difficult>0</difficult>
    <bndbox>
      <xmin>2673</xmin>
      <ymin>2514</ymin>
      <xmax>2778</xmax>
      <ymax>2818</ymax>
    </bndbox>
  </object>
  <object>
    <name>powerline</name>
    <pose>Unspecified</pose>
    <truncated>0</truncated>
    <difficult>0</difficult>
    <bndbox>
      <xmin>1473</xmin>
      <ymin>3220</ymin>
      <xmax>2276</xmax>
      <ymax>3842</ymax>
    </bndbox>
  </object>
  <object>
    <name>insulator</name>
    <pose>Unspecified</pose>
    <truncated>0</truncated>
    <difficult>0</difficult>
    <bndbox>
      <xmin>4240</xmin>
      <ymin>2314</ymin>
      <xmax>4354</xmax>
      <ymax>2629</ymax>
    </bndbox>
  </object>
  <object>
    <name>powerline</name>
    <pose>Unspecified</pose>
    <truncated>0</truncated>
    <difficult>0</difficult>
    <bndbox>
      <xmin>3661</xmin>
      <ymin>2378</ymin>
      <xmax>4134</xmax>
      <ymax>2584</ymax>
    </bndbox>
  </object>
  <object>
    <name>hammer</name>
    <pose>Unspecified</pose>
    <truncated>0</truncated>
    <difficult>0</difficult>
    <bndbox>
      <xmin>4153</xmin>
      <ymin>2590</ymin>
      <xmax>4208</xmax>
      <ymax>2638</ymax>
    </bndbox>
  </object>
  <object>
    <name>hammer</name>
    <pose>Unspecified</pose>
    <truncated>0</truncated>
    <difficult>0</difficult>
    <bndbox>
      <xmin>4425</xmin>
      <ymin>2800</ymin>
      <xmax>4472</xmax>
      <ymax>2862</ymax>
    </bndbox>
  </object>
  <object>
    <name>powerline</name>
    <pose>Unspecified</pose>
    <truncated>0</truncated>
    <difficult>0</difficult>
    <bndbox>
      <xmin>3452</xmin>
      <ymin>3072</ymin>
      <xmax>4412</xmax>
      <ymax>3872</ymax>
    </bndbox>
  </object>
  <object>
    <name>powerline</name>
    <pose>Unspecified</pose>
    <truncated>0</truncated>
    <difficult>0</difficult>
    <bndbox>
      <xmin>3378</xmin>
      <ymin>3446</ymin>
      <xmax>3842</xmax>
      <ymax>3876</ymax>
    </bndbox>
  </object>
  <object>
    <name>powerline</name>
    <pose>Unspecified</pose>
    <truncated>0</truncated>
    <difficult>0</difficult>
    <bndbox>
      <xmin>4497</xmin>
      <ymin>2881</ymin>
      <xmax>5169</xmax>
      <ymax>3660</ymax>
    </bndbox>
  </object>
  <object>
    <name>powerline</name>
    <pose>Unspecified</pose>
    <truncated>0</truncated>
    <difficult>0</difficult>
    <bndbox>
      <xmin>4549</xmin>
      <ymin>2252</ymin>
      <xmax>5094</xmax>
      <ymax>2872</ymax>
    </bndbox>
  </object>
</annotation>
