<annotation>
  <folder>0101</folder>
  <filename>251</filename>
  <path>/home/power/workspace/qj_power_images/img01/0101/251.JPG</path>
  <source>
    <database>Unknown</database>
  </source>
  <size>
    <width>5184</width>
    <height>3888</height>
    <depth>3</depth>
  </size>
  <segmented>0</segmented>
  <object>
    <name>powerline</name>
    <pose>Unspecified</pose>
    <truncated>0</truncated>
    <difficult>0</difficult>
    <bndbox>
      <xmin>258</xmin>
      <ymin>16</ymin>
      <xmax>1330</xmax>
      <ymax>988</ymax>
    </bndbox>
  </object>
  <object>
    <name>powerline</name>
    <pose>Unspecified</pose>
    <truncated>0</truncated>
    <difficult>0</difficult>
    <bndbox>
      <xmin>26</xmin>
      <ymin>588</ymin>
      <xmax>1134</xmax>
      <ymax>1376</ymax>
    </bndbox>
  </object>
  <object>
    <name>powerline</name>
    <pose>Unspecified</pose>
    <truncated>0</truncated>
    <difficult>0</difficult>
    <bndbox>
      <xmin>1370</xmin>
      <ymin>88</ymin>
      <xmax>2074</xmax>
      <ymax>972</ymax>
    </bndbox>
  </object>
</annotation>
