<annotation>
  <folder>0101</folder>
  <filename>252</filename>
  <path>/home/power/workspace/qj_power_images/img01/0101/252.JPG</path>
  <source>
    <database>Unknown</database>
  </source>
  <size>
    <width>5184</width>
    <height>3888</height>
    <depth>3</depth>
  </size>
  <segmented>0</segmented>
  <object>
    <name>powerline</name>
    <pose>Unspecified</pose>
    <truncated>0</truncated>
    <difficult>0</difficult>
    <bndbox>
      <xmin>2914</xmin>
      <ymin>8</ymin>
      <xmax>3926</xmax>
      <ymax>1112</ymax>
    </bndbox>
  </object>
  <object>
    <name>powerline</name>
    <pose>Unspecified</pose>
    <truncated>0</truncated>
    <difficult>0</difficult>
    <bndbox>
      <xmin>3486</xmin>
      <ymin>4</ymin>
      <xmax>4754</xmax>
      <ymax>1028</ymax>
    </bndbox>
  </object>
  <object>
    <name>powerline</name>
    <pose>Unspecified</pose>
    <truncated>0</truncated>
    <difficult>0</difficult>
    <bndbox>
      <xmin>3962</xmin>
      <ymin>352</ymin>
      <xmax>5166</xmax>
      <ymax>1148</ymax>
    </bndbox>
  </object>
</annotation>
