<annotation>
  <folder>0101</folder>
  <filename>254</filename>
  <path> </path>
  <source>
    <database>Unknown</database>
  </source>
  <size>
    <width>5184</width>
    <height>3888</height>
    <depth>3</depth>
  </size>
  <segmented>0</segmented>
  <object>
    <name>powerline</name>
    <pose>Unspecified</pose>
    <truncated>0</truncated>
    <difficult>0</difficult>
    <bndbox>
      <xmin>30</xmin>
      <ymin>1000</ymin>
      <xmax>2042</xmax>
      <ymax>1584</ymax>
    </bndbox>
  </object>
  <object>
    <name>powerline</name>
    <pose>Unspecified</pose>
    <truncated>0</truncated>
    <difficult>0</difficult>
    <bndbox>
      <xmin>6</xmin>
      <ymin>404</ymin>
      <xmax>2254</xmax>
      <ymax>1300</ymax>
    </bndbox>
  </object>
  <object>
    <name>powerline</name>
    <pose>Unspecified</pose>
    <truncated>0</truncated>
    <difficult>0</difficult>
    <bndbox>
      <xmin>1022</xmin>
      <ymin>36</ymin>
      <xmax>2866</xmax>
      <ymax>1064</ymax>
    </bndbox>
  </object>
  <object>
    <name>insulator</name>
    <pose>Unspecified</pose>
    <truncated>0</truncated>
    <difficult>0</difficult>
    <bndbox>
      <xmin>3329</xmin>
      <ymin>1215</ymin>
      <xmax>3377</xmax>
      <ymax>1317</ymax>
    </bndbox>
  </object>
  <object>
    <name>insulator</name>
    <pose>Unspecified</pose>
    <truncated>0</truncated>
    <difficult>0</difficult>
    <bndbox>
      <xmin>2811</xmin>
      <ymin>1402</ymin>
      <xmax>2853</xmax>
      <ymax>1512</ymax>
    </bndbox>
  </object>
  <object>
    <name>hammer</name>
    <pose>Unspecified</pose>
    <truncated>0</truncated>
    <difficult>0</difficult>
    <bndbox>
      <xmin>2715</xmin>
      <ymin>1473</ymin>
      <xmax>2755</xmax>
      <ymax>1494</ymax>
    </bndbox>
  </object>
  <object>
    <name>hammer</name>
    <pose>Unspecified</pose>
    <truncated>0</truncated>
    <difficult>0</difficult>
    <bndbox>
      <xmin>3439</xmin>
      <ymin>1403</ymin>
      <xmax>3470</xmax>
      <ymax>1436</ymax>
    </bndbox>
  </object>
  <object>
    <name>hammer</name>
    <pose>Unspecified</pose>
    <truncated>0</truncated>
    <difficult>0</difficult>
    <bndbox>
      <xmin>2914</xmin>
      <ymin>1575</ymin>
      <xmax>2946</xmax>
      <ymax>1600</ymax>
    </bndbox>
  </object>
  <object>
    <name>insulator</name>
    <pose>Unspecified</pose>
    <truncated>0</truncated>
    <difficult>0</difficult>
    <bndbox>
      <xmin>2367</xmin>
      <ymin>1566</ymin>
      <xmax>2400</xmax>
      <ymax>1672</ymax>
    </bndbox>
  </object>
  <object>
    <name>hammer</name>
    <pose>Unspecified</pose>
    <truncated>0</truncated>
    <difficult>0</difficult>
    <bndbox>
      <xmin>2264</xmin>
      <ymin>1635</ymin>
      <xmax>2299</xmax>
      <ymax>1657</ymax>
    </bndbox>
  </object>
  <object>
    <name>hammer</name>
    <pose>Unspecified</pose>
    <truncated>0</truncated>
    <difficult>0</difficult>
    <bndbox>
      <xmin>2468</xmin>
      <ymin>1719</ymin>
      <xmax>2500</xmax>
      <ymax>1742</ymax>
    </bndbox>
  </object>
  <object>
    <name>hammer</name>
    <pose>Unspecified</pose>
    <truncated>0</truncated>
    <difficult>0</difficult>
    <bndbox>
      <xmin>2460</xmin>
      <ymin>1138</ymin>
      <xmax>2490</xmax>
      <ymax>1156</ymax>
    </bndbox>
  </object>
  <object>
    <name>hammer</name>
    <pose>Unspecified</pose>
    <truncated>0</truncated>
    <difficult>0</difficult>
    <bndbox>
      <xmin>3154</xmin>
      <ymin>933</ymin>
      <xmax>3183</xmax>
      <ymax>959</ymax>
    </bndbox>
  </object>
  <object>
    <name>powerline</name>
    <pose>Unspecified</pose>
    <truncated>0</truncated>
    <difficult>0</difficult>
    <bndbox>
      <xmin>3509</xmin>
      <ymin>1470</ymin>
      <xmax>4054</xmax>
      <ymax>1944</ymax>
    </bndbox>
  </object>
  <object>
    <name>powerline</name>
    <pose>Unspecified</pose>
    <truncated>0</truncated>
    <difficult>0</difficult>
    <bndbox>
      <xmin>3073</xmin>
      <ymin>1680</ymin>
      <xmax>3472</xmax>
      <ymax>1947</ymax>
    </bndbox>
  </object>
  <object>
    <name>powerline</name>
    <pose>Unspecified</pose>
    <truncated>0</truncated>
    <difficult>0</difficult>
    <bndbox>
      <xmin>3037</xmin>
      <ymin>2035</ymin>
      <xmax>3816</xmax>
      <ymax>2440</ymax>
    </bndbox>
  </object>
  <object>
    <name>powerline</name>
    <pose>Unspecified</pose>
    <truncated>0</truncated>
    <difficult>0</difficult>
    <bndbox>
      <xmin>4065</xmin>
      <ymin>1961</ymin>
      <xmax>4468</xmax>
      <ymax>2304</ymax>
    </bndbox>
  </object>
</annotation>
