<annotation>
  <folder>0101</folder>
  <filename>255</filename>
  <path>/home/power/workspace/qj_power_images/img01/0101/255.JPG</path>
  <source>
    <database>Unknown</database>
  </source>
  <size>
    <width>5184</width>
    <height>3888</height>
    <depth>3</depth>
  </size>
  <segmented>0</segmented>
  <object>
    <name>insulator</name>
    <pose>Unspecified</pose>
    <truncated>0</truncated>
    <difficult>0</difficult>
    <bndbox>
      <xmin>2402</xmin>
      <ymin>2100</ymin>
      <xmax>2530</xmax>
      <ymax>2496</ymax>
    </bndbox>
  </object>
  <object>
    <name>insulator</name>
    <pose>Unspecified</pose>
    <truncated>0</truncated>
    <difficult>0</difficult>
    <bndbox>
      <xmin>690</xmin>
      <ymin>2424</ymin>
      <xmax>834</xmax>
      <ymax>2832</ymax>
    </bndbox>
  </object>
  <object>
    <name>insulator</name>
    <pose>Unspecified</pose>
    <truncated>0</truncated>
    <difficult>0</difficult>
    <bndbox>
      <xmin>4326</xmin>
      <ymin>1684</ymin>
      <xmax>4462</xmax>
      <ymax>2076</ymax>
    </bndbox>
  </object>
  <object>
    <name>hammer</name>
    <pose>Unspecified</pose>
    <truncated>0</truncated>
    <difficult>0</difficult>
    <bndbox>
      <xmin>288</xmin>
      <ymin>2628</ymin>
      <xmax>414</xmax>
      <ymax>2711</ymax>
    </bndbox>
  </object>
  <object>
    <name>hammer</name>
    <pose>Unspecified</pose>
    <truncated>0</truncated>
    <difficult>0</difficult>
    <bndbox>
      <xmin>1011</xmin>
      <ymin>3039</ymin>
      <xmax>1122</xmax>
      <ymax>3142</ymax>
    </bndbox>
  </object>
  <object>
    <name>hammer</name>
    <pose>Unspecified</pose>
    <truncated>0</truncated>
    <difficult>0</difficult>
    <bndbox>
      <xmin>2051</xmin>
      <ymin>2274</ymin>
      <xmax>2165</xmax>
      <ymax>2359</ymax>
    </bndbox>
  </object>
  <object>
    <name>hammer</name>
    <pose>Unspecified</pose>
    <truncated>0</truncated>
    <difficult>0</difficult>
    <bndbox>
      <xmin>2702</xmin>
      <ymin>2734</ymin>
      <xmax>2805</xmax>
      <ymax>2828</ymax>
    </bndbox>
  </object>
  <object>
    <name>hammer</name>
    <pose>Unspecified</pose>
    <truncated>0</truncated>
    <difficult>0</difficult>
    <bndbox>
      <xmin>1299</xmin>
      <ymin>956</ymin>
      <xmax>1399</xmax>
      <ymax>1034</ymax>
    </bndbox>
  </object>
  <object>
    <name>powerline</name>
    <pose>Unspecified</pose>
    <truncated>0</truncated>
    <difficult>0</difficult>
    <bndbox>
      <xmin>14</xmin>
      <ymin>1154</ymin>
      <xmax>1342</xmax>
      <ymax>1894</ymax>
    </bndbox>
  </object>
  <object>
    <name>hammer</name>
    <pose>Unspecified</pose>
    <truncated>0</truncated>
    <difficult>0</difficult>
    <bndbox>
      <xmin>4065</xmin>
      <ymin>1885</ymin>
      <xmax>4168</xmax>
      <ymax>1974</ymax>
    </bndbox>
  </object>
  <object>
    <name>hammer</name>
    <pose>Unspecified</pose>
    <truncated>0</truncated>
    <difficult>0</difficult>
    <bndbox>
      <xmin>4648</xmin>
      <ymin>2414</ymin>
      <xmax>4740</xmax>
      <ymax>2525</ymax>
    </bndbox>
  </object>
  <object>
    <name>hammer</name>
    <pose>Unspecified</pose>
    <truncated>0</truncated>
    <difficult>0</difficult>
    <bndbox>
      <xmin>3842</xmin>
      <ymin>614</ymin>
      <xmax>3925</xmax>
      <ymax>705</ymax>
    </bndbox>
  </object>
  <object>
    <name>powerline</name>
    <pose>Unspecified</pose>
    <truncated>0</truncated>
    <difficult>0</difficult>
    <bndbox>
      <xmin>3208</xmin>
      <ymin>3179</ymin>
      <xmax>3982</xmax>
      <ymax>3876</ymax>
    </bndbox>
  </object>
  <object>
    <name>powerline</name>
    <pose>Unspecified</pose>
    <truncated>0</truncated>
    <difficult>0</difficult>
    <bndbox>
      <xmin>3362</xmin>
      <ymin>2734</ymin>
      <xmax>4674</xmax>
      <ymax>3868</ymax>
    </bndbox>
  </object>
  <object>
    <name>powerline</name>
    <pose>Unspecified</pose>
    <truncated>0</truncated>
    <difficult>0</difficult>
    <bndbox>
      <xmin>1585</xmin>
      <ymin>22</ymin>
      <xmax>3145</xmax>
      <ymax>1188</ymax>
    </bndbox>
  </object>
  <object>
    <name>powerline</name>
    <pose>Unspecified</pose>
    <truncated>0</truncated>
    <difficult>0</difficult>
    <bndbox>
      <xmin>3979</xmin>
      <ymin>751</ymin>
      <xmax>4694</xmax>
      <ymax>1614</ymax>
    </bndbox>
  </object>
</annotation>
