<annotation>
  <folder>0101</folder>
  <filename>256</filename>
  <path>/home/power/workspace/qj_power_images/img01/0101/256.JPG</path>
  <source>
    <database>Unknown</database>
  </source>
  <size>
    <width>5184</width>
    <height>3888</height>
    <depth>3</depth>
  </size>
  <segmented>0</segmented>
  <object>
    <name>powerline</name>
    <pose>Unspecified</pose>
    <truncated>0</truncated>
    <difficult>0</difficult>
    <bndbox>
      <xmin>726</xmin>
      <ymin>32</ymin>
      <xmax>1458</xmax>
      <ymax>856</ymax>
    </bndbox>
  </object>
  <object>
    <name>powerline</name>
    <pose>Unspecified</pose>
    <truncated>0</truncated>
    <difficult>0</difficult>
    <bndbox>
      <xmin>1762</xmin>
      <ymin>12</ymin>
      <xmax>2250</xmax>
      <ymax>1036</ymax>
    </bndbox>
  </object>
  <object>
    <name>powerline</name>
    <pose>Unspecified</pose>
    <truncated>0</truncated>
    <difficult>0</difficult>
    <bndbox>
      <xmin>2782</xmin>
      <ymin>1</ymin>
      <xmax>2882</xmax>
      <ymax>988</ymax>
    </bndbox>
  </object>
</annotation>
