<annotation>
  <folder>0101</folder>
  <filename>257</filename>
  <path>/home/power/workspace/qj_power_images/img01/0101/257.JPG</path>
  <source>
    <database>Unknown</database>
  </source>
  <size>
    <width>5184</width>
    <height>3888</height>
    <depth>3</depth>
  </size>
  <segmented>0</segmented>
  <object>
    <name>powerline</name>
    <pose>Unspecified</pose>
    <truncated>0</truncated>
    <difficult>0</difficult>
    <bndbox>
      <xmin>1538</xmin>
      <ymin>1</ymin>
      <xmax>1822</xmax>
      <ymax>836</ymax>
    </bndbox>
  </object>
  <object>
    <name>powerline</name>
    <pose>Unspecified</pose>
    <truncated>0</truncated>
    <difficult>0</difficult>
    <bndbox>
      <xmin>2478</xmin>
      <ymin>1</ymin>
      <xmax>2710</xmax>
      <ymax>964</ymax>
    </bndbox>
  </object>
  <object>
    <name>powerline</name>
    <pose>Unspecified</pose>
    <truncated>0</truncated>
    <difficult>0</difficult>
    <bndbox>
      <xmin>3246</xmin>
      <ymin>24</ymin>
      <xmax>3674</xmax>
      <ymax>876</ymax>
    </bndbox>
  </object>
</annotation>
