<annotation>
  <folder>0101</folder>
  <filename>259</filename>
  <path>/home/power/workspace/qj_power_images/img01/0101/259.JPG</path>
  <source>
    <database>Unknown</database>
  </source>
  <size>
    <width>5184</width>
    <height>3888</height>
    <depth>3</depth>
  </size>
  <segmented>0</segmented>
  <object>
    <name>powerline</name>
    <pose>Unspecified</pose>
    <truncated>0</truncated>
    <difficult>0</difficult>
    <bndbox>
      <xmin>2750</xmin>
      <ymin>20</ymin>
      <xmax>2978</xmax>
      <ymax>968</ymax>
    </bndbox>
  </object>
  <object>
    <name>powerline</name>
    <pose>Unspecified</pose>
    <truncated>0</truncated>
    <difficult>0</difficult>
    <bndbox>
      <xmin>3626</xmin>
      <ymin>28</ymin>
      <xmax>4282</xmax>
      <ymax>932</ymax>
    </bndbox>
  </object>
  <object>
    <name>powerline</name>
    <pose>Unspecified</pose>
    <truncated>0</truncated>
    <difficult>0</difficult>
    <bndbox>
      <xmin>4298</xmin>
      <ymin>368</ymin>
      <xmax>5174</xmax>
      <ymax>1100</ymax>
    </bndbox>
  </object>
</annotation>
