<annotation>
  <folder>0101</folder>
  <filename>26</filename>
  <path>/home/power/workspace/qj_power_images/img01/0101/26.JPG</path>
  <source>
    <database>Unknown</database>
  </source>
  <size>
    <width>3456</width>
    <height>4608</height>
    <depth>3</depth>
  </size>
  <segmented>0</segmented>
  <object>
    <name>insulator</name>
    <pose>Unspecified</pose>
    <truncated>0</truncated>
    <difficult>0</difficult>
    <bndbox>
      <xmin>1035</xmin>
      <ymin>1216</ymin>
      <xmax>1092</xmax>
      <ymax>1405</ymax>
    </bndbox>
  </object>
  <object>
    <name>insulator</name>
    <pose>Unspecified</pose>
    <truncated>0</truncated>
    <difficult>0</difficult>
    <bndbox>
      <xmin>1070</xmin>
      <ymin>849</ymin>
      <xmax>1161</xmax>
      <ymax>1011</ymax>
    </bndbox>
  </object>
  <object>
    <name>insulator</name>
    <pose>Unspecified</pose>
    <truncated>0</truncated>
    <difficult>0</difficult>
    <bndbox>
      <xmin>1774</xmin>
      <ymin>1327</ymin>
      <xmax>1839</xmax>
      <ymax>1484</ymax>
    </bndbox>
  </object>
  <object>
    <name>insulator</name>
    <pose>Unspecified</pose>
    <truncated>0</truncated>
    <difficult>0</difficult>
    <bndbox>
      <xmin>1870</xmin>
      <ymin>1046</ymin>
      <xmax>1978</xmax>
      <ymax>1194</ymax>
    </bndbox>
  </object>
  <object>
    <name>insulator</name>
    <pose>Unspecified</pose>
    <truncated>0</truncated>
    <difficult>0</difficult>
    <bndbox>
      <xmin>1474</xmin>
      <ymin>698</ymin>
      <xmax>1566</xmax>
      <ymax>846</ymax>
    </bndbox>
  </object>
  <object>
    <name>hammer</name>
    <pose>Unspecified</pose>
    <truncated>0</truncated>
    <difficult>0</difficult>
    <bndbox>
      <xmin>2177</xmin>
      <ymin>629</ymin>
      <xmax>2229</xmax>
      <ymax>715</ymax>
    </bndbox>
  </object>
  <object>
    <name>hammer</name>
    <pose>Unspecified</pose>
    <truncated>0</truncated>
    <difficult>0</difficult>
    <bndbox>
      <xmin>2085</xmin>
      <ymin>788</ymin>
      <xmax>2129</xmax>
      <ymax>864</ymax>
    </bndbox>
  </object>
  <object>
    <name>hammer</name>
    <pose>Unspecified</pose>
    <truncated>0</truncated>
    <difficult>0</difficult>
    <bndbox>
      <xmin>1605</xmin>
      <ymin>489</ymin>
      <xmax>1644</xmax>
      <ymax>570</ymax>
    </bndbox>
  </object>
  <object>
    <name>hammer</name>
    <pose>Unspecified</pose>
    <truncated>0</truncated>
    <difficult>0</difficult>
    <bndbox>
      <xmin>1677</xmin>
      <ymin>330</ymin>
      <xmax>1720</xmax>
      <ymax>412</ymax>
    </bndbox>
  </object>
  <object>
    <name>hammer</name>
    <pose>Unspecified</pose>
    <truncated>0</truncated>
    <difficult>0</difficult>
    <bndbox>
      <xmin>1264</xmin>
      <ymin>430</ymin>
      <xmax>1302</xmax>
      <ymax>518</ymax>
    </bndbox>
  </object>
  <object>
    <name>hammer</name>
    <pose>Unspecified</pose>
    <truncated>0</truncated>
    <difficult>0</difficult>
    <bndbox>
      <xmin>1202</xmin>
      <ymin>603</ymin>
      <xmax>1233</xmax>
      <ymax>689</ymax>
    </bndbox>
  </object>
  <object>
    <name>hammer</name>
    <pose>Unspecified</pose>
    <truncated>0</truncated>
    <difficult>0</difficult>
    <bndbox>
      <xmin>1057</xmin>
      <ymin>1563</ymin>
      <xmax>1081</xmax>
      <ymax>1623</ymax>
    </bndbox>
  </object>
  <object>
    <name>powerline</name>
    <pose>Unspecified</pose>
    <truncated>0</truncated>
    <difficult>0</difficult>
    <bndbox>
      <xmin>1049</xmin>
      <ymin>1649</ymin>
      <xmax>1116</xmax>
      <ymax>2432</ymax>
    </bndbox>
  </object>
  <object>
    <name>powerline</name>
    <pose>Unspecified</pose>
    <truncated>0</truncated>
    <difficult>0</difficult>
    <bndbox>
      <xmin>1302</xmin>
      <ymin>9</ymin>
      <xmax>1442</xmax>
      <ymax>403</ymax>
    </bndbox>
  </object>
  <object>
    <name>powerline</name>
    <pose>Unspecified</pose>
    <truncated>0</truncated>
    <difficult>0</difficult>
    <bndbox>
      <xmin>1723</xmin>
      <ymin>5</ymin>
      <xmax>1868</xmax>
      <ymax>309</ymax>
    </bndbox>
  </object>
</annotation>
