<annotation>
  <folder>0101</folder>
  <filename>260</filename>
  <path>/home/power/workspace/qj_power_images/img01/0101/260.JPG</path>
  <source>
    <database>Unknown</database>
  </source>
  <size>
    <width>5184</width>
    <height>3888</height>
    <depth>3</depth>
  </size>
  <segmented>0</segmented>
  <object>
    <name>insulator</name>
    <pose>Unspecified</pose>
    <truncated>0</truncated>
    <difficult>0</difficult>
    <bndbox>
      <xmin>642</xmin>
      <ymin>2553</ymin>
      <xmax>768</xmax>
      <ymax>2945</ymax>
    </bndbox>
  </object>
  <object>
    <name>powerline</name>
    <pose>Unspecified</pose>
    <truncated>0</truncated>
    <difficult>0</difficult>
    <bndbox>
      <xmin>635</xmin>
      <ymin>3174</ymin>
      <xmax>757</xmax>
      <ymax>3888</ymax>
    </bndbox>
  </object>
  <object>
    <name>powerline</name>
    <pose>Unspecified</pose>
    <truncated>0</truncated>
    <difficult>0</difficult>
    <bndbox>
      <xmin>1058</xmin>
      <ymin>2766</ymin>
      <xmax>1188</xmax>
      <ymax>3888</ymax>
    </bndbox>
  </object>
  <object>
    <name>powerline</name>
    <pose>Unspecified</pose>
    <truncated>0</truncated>
    <difficult>0</difficult>
    <bndbox>
      <xmin>1210</xmin>
      <ymin>1272</ymin>
      <xmax>1310</xmax>
      <ymax>2228</ymax>
    </bndbox>
  </object>
  <object>
    <name>powerline</name>
    <pose>Unspecified</pose>
    <truncated>0</truncated>
    <difficult>0</difficult>
    <bndbox>
      <xmin>1438</xmin>
      <ymin>4</ymin>
      <xmax>1773</xmax>
      <ymax>889</ymax>
    </bndbox>
  </object>
  <object>
    <name>powerline</name>
    <pose>Unspecified</pose>
    <truncated>0</truncated>
    <difficult>0</difficult>
    <bndbox>
      <xmin>1786</xmin>
      <ymin>1</ymin>
      <xmax>2150</xmax>
      <ymax>1104</ymax>
    </bndbox>
  </object>
  <object>
    <name>insulator</name>
    <pose>Unspecified</pose>
    <truncated>0</truncated>
    <difficult>0</difficult>
    <bndbox>
      <xmin>2546</xmin>
      <ymin>2508</ymin>
      <xmax>2666</xmax>
      <ymax>2880</ymax>
    </bndbox>
  </object>
  <object>
    <name>insulator</name>
    <pose>Unspecified</pose>
    <truncated>0</truncated>
    <difficult>0</difficult>
    <bndbox>
      <xmin>4434</xmin>
      <ymin>2464</ymin>
      <xmax>4566</xmax>
      <ymax>2848</ymax>
    </bndbox>
  </object>
  <object>
    <name>powerline</name>
    <pose>Unspecified</pose>
    <truncated>0</truncated>
    <difficult>0</difficult>
    <bndbox>
      <xmin>2430</xmin>
      <ymin>3088</ymin>
      <xmax>2598</xmax>
      <ymax>3816</ymax>
    </bndbox>
  </object>
  <object>
    <name>powerline</name>
    <pose>Unspecified</pose>
    <truncated>0</truncated>
    <difficult>0</difficult>
    <bndbox>
      <xmin>4146</xmin>
      <ymin>3076</ymin>
      <xmax>4450</xmax>
      <ymax>3888</ymax>
    </bndbox>
  </object>
  <object>
    <name>powerline</name>
    <pose>Unspecified</pose>
    <truncated>0</truncated>
    <difficult>0</difficult>
    <bndbox>
      <xmin>3898</xmin>
      <ymin>16</ymin>
      <xmax>4958</xmax>
      <ymax>1040</ymax>
    </bndbox>
  </object>
  <object>
    <name>powerline</name>
    <pose>Unspecified</pose>
    <truncated>0</truncated>
    <difficult>0</difficult>
    <bndbox>
      <xmin>4338</xmin>
      <ymin>1576</ymin>
      <xmax>5174</xmax>
      <ymax>2280</ymax>
    </bndbox>
  </object>
</annotation>
