<annotation>
  <folder>0101</folder>
  <filename>261</filename>
  <path>/home/power/workspace/qj_power_images/img01/0101/261.JPG</path>
  <source>
    <database>Unknown</database>
  </source>
  <size>
    <width>5184</width>
    <height>3888</height>
    <depth>3</depth>
  </size>
  <segmented>0</segmented>
  <object>
    <name>powerline</name>
    <pose>Unspecified</pose>
    <truncated>0</truncated>
    <difficult>0</difficult>
    <bndbox>
      <xmin>2190</xmin>
      <ymin>1</ymin>
      <xmax>2346</xmax>
      <ymax>1068</ymax>
    </bndbox>
  </object>
  <object>
    <name>powerline</name>
    <pose>Unspecified</pose>
    <truncated>0</truncated>
    <difficult>0</difficult>
    <bndbox>
      <xmin>2806</xmin>
      <ymin>1</ymin>
      <xmax>2938</xmax>
      <ymax>852</ymax>
    </bndbox>
  </object>
  <object>
    <name>powerline</name>
    <pose>Unspecified</pose>
    <truncated>0</truncated>
    <difficult>0</difficult>
    <bndbox>
      <xmin>3178</xmin>
      <ymin>12</ymin>
      <xmax>3674</xmax>
      <ymax>1124</ymax>
    </bndbox>
  </object>
</annotation>
