<annotation>
  <folder>0101</folder>
  <filename>262</filename>
  <path>/home/power/workspace/qj_power_images/img01/0101/262.JPG</path>
  <source>
    <database>Unknown</database>
  </source>
  <size>
    <width>5184</width>
    <height>3888</height>
    <depth>3</depth>
  </size>
  <segmented>0</segmented>
  <object>
    <name>powerline</name>
    <pose>Unspecified</pose>
    <truncated>0</truncated>
    <difficult>0</difficult>
    <bndbox>
      <xmin>1298</xmin>
      <ymin>12</ymin>
      <xmax>1962</xmax>
      <ymax>1236</ymax>
    </bndbox>
  </object>
  <object>
    <name>powerline</name>
    <pose>Unspecified</pose>
    <truncated>0</truncated>
    <difficult>0</difficult>
    <bndbox>
      <xmin>2198</xmin>
      <ymin>16</ymin>
      <xmax>2442</xmax>
      <ymax>1192</ymax>
    </bndbox>
  </object>
  <object>
    <name>powerline</name>
    <pose>Unspecified</pose>
    <truncated>0</truncated>
    <difficult>0</difficult>
    <bndbox>
      <xmin>2914</xmin>
      <ymin>16</ymin>
      <xmax>3050</xmax>
      <ymax>1364</ymax>
    </bndbox>
  </object>
</annotation>
