<annotation>
  <folder>0101</folder>
  <filename>264</filename>
  <path>/home/power/workspace/qj_power_images/img01/0101/264.JPG</path>
  <source>
    <database>Unknown</database>
  </source>
  <size>
    <width>5184</width>
    <height>3888</height>
    <depth>3</depth>
  </size>
  <segmented>0</segmented>
  <object>
    <name>insulator</name>
    <pose>Unspecified</pose>
    <truncated>0</truncated>
    <difficult>0</difficult>
    <bndbox>
      <xmin>2507</xmin>
      <ymin>1647</ymin>
      <xmax>2569</xmax>
      <ymax>1736</ymax>
    </bndbox>
  </object>
  <object>
    <name>powerline</name>
    <pose>Unspecified</pose>
    <truncated>0</truncated>
    <difficult>0</difficult>
    <bndbox>
      <xmin>4278</xmin>
      <ymin>1103</ymin>
      <xmax>5178</xmax>
      <ymax>1365</ymax>
    </bndbox>
  </object>
  <object>
    <name>powerline</name>
    <pose>Unspecified</pose>
    <truncated>0</truncated>
    <difficult>0</difficult>
    <bndbox>
      <xmin>4291</xmin>
      <ymin>1830</ymin>
      <xmax>5184</xmax>
      <ymax>1987</ymax>
    </bndbox>
  </object>
</annotation>
