<annotation>
  <folder>0101</folder>
  <filename>265</filename>
  <path>/home/power/workspace/qj_power_images/img01/0101/265.JPG</path>
  <source>
    <database>Unknown</database>
  </source>
  <size>
    <width>5184</width>
    <height>3888</height>
    <depth>3</depth>
  </size>
  <segmented>0</segmented>
  <object>
    <name>insulator</name>
    <pose>Unspecified</pose>
    <truncated>0</truncated>
    <difficult>0</difficult>
    <bndbox>
      <xmin>3482</xmin>
      <ymin>1328</ymin>
      <xmax>3842</xmax>
      <ymax>1776</ymax>
    </bndbox>
  </object>
  <object>
    <name>hammer</name>
    <pose>Unspecified</pose>
    <truncated>0</truncated>
    <difficult>0</difficult>
    <bndbox>
      <xmin>702</xmin>
      <ymin>2940</ymin>
      <xmax>810</xmax>
      <ymax>3004</ymax>
    </bndbox>
  </object>
  <object>
    <name>insulator</name>
    <pose>Unspecified</pose>
    <truncated>0</truncated>
    <difficult>0</difficult>
    <bndbox>
      <xmin>822</xmin>
      <ymin>2748</ymin>
      <xmax>1174</xmax>
      <ymax>2948</ymax>
    </bndbox>
  </object>
  <object>
    <name>insulator</name>
    <pose>Unspecified</pose>
    <truncated>0</truncated>
    <difficult>0</difficult>
    <bndbox>
      <xmin>1498</xmin>
      <ymin>2640</ymin>
      <xmax>1862</xmax>
      <ymax>2812</ymax>
    </bndbox>
  </object>
  <object>
    <name>hammer</name>
    <pose>Unspecified</pose>
    <truncated>0</truncated>
    <difficult>0</difficult>
    <bndbox>
      <xmin>1882</xmin>
      <ymin>2748</ymin>
      <xmax>1974</xmax>
      <ymax>2804</ymax>
    </bndbox>
  </object>
  <object>
    <name>hammer</name>
    <pose>Unspecified</pose>
    <truncated>0</truncated>
    <difficult>0</difficult>
    <bndbox>
      <xmin>3210</xmin>
      <ymin>2896</ymin>
      <xmax>3302</xmax>
      <ymax>2948</ymax>
    </bndbox>
  </object>
  <object>
    <name>insulator</name>
    <pose>Unspecified</pose>
    <truncated>0</truncated>
    <difficult>0</difficult>
    <bndbox>
      <xmin>2742</xmin>
      <ymin>2108</ymin>
      <xmax>3110</xmax>
      <ymax>2264</ymax>
    </bndbox>
  </object>
  <object>
    <name>insulator</name>
    <pose>Unspecified</pose>
    <truncated>0</truncated>
    <difficult>0</difficult>
    <bndbox>
      <xmin>4078</xmin>
      <ymin>2604</ymin>
      <xmax>4438</xmax>
      <ymax>2772</ymax>
    </bndbox>
  </object>
  <object>
    <name>insulator</name>
    <pose>Unspecified</pose>
    <truncated>0</truncated>
    <difficult>0</difficult>
    <bndbox>
      <xmin>3350</xmin>
      <ymin>2712</ymin>
      <xmax>3698</xmax>
      <ymax>2876</ymax>
    </bndbox>
  </object>
  <object>
    <name>hammer</name>
    <pose>Unspecified</pose>
    <truncated>0</truncated>
    <difficult>0</difficult>
    <bndbox>
      <xmin>4510</xmin>
      <ymin>2716</ymin>
      <xmax>4610</xmax>
      <ymax>2776</ymax>
    </bndbox>
  </object>
  <object>
    <name>hammer</name>
    <pose>Unspecified</pose>
    <truncated>0</truncated>
    <difficult>0</difficult>
    <bndbox>
      <xmin>1542</xmin>
      <ymin>836</ymin>
      <xmax>1618</xmax>
      <ymax>896</ymax>
    </bndbox>
  </object>
  <object>
    <name>hammer</name>
    <pose>Unspecified</pose>
    <truncated>0</truncated>
    <difficult>0</difficult>
    <bndbox>
      <xmin>3522</xmin>
      <ymin>720</ymin>
      <xmax>3598</xmax>
      <ymax>772</ymax>
    </bndbox>
  </object>
  <object>
    <name>powerline</name>
    <pose>Unspecified</pose>
    <truncated>0</truncated>
    <difficult>0</difficult>
    <bndbox>
      <xmin>22</xmin>
      <ymin>892</ymin>
      <xmax>1470</xmax>
      <ymax>1440</ymax>
    </bndbox>
  </object>
  <object>
    <name>powerline</name>
    <pose>Unspecified</pose>
    <truncated>0</truncated>
    <difficult>0</difficult>
    <bndbox>
      <xmin>30</xmin>
      <ymin>1384</ymin>
      <xmax>1634</xmax>
      <ymax>1940</ymax>
    </bndbox>
  </object>
  <object>
    <name>powerline</name>
    <pose>Unspecified</pose>
    <truncated>0</truncated>
    <difficult>0</difficult>
    <bndbox>
      <xmin>362</xmin>
      <ymin>3332</ymin>
      <xmax>1998</xmax>
      <ymax>3888</ymax>
    </bndbox>
  </object>
  <object>
    <name>powerline</name>
    <pose>Unspecified</pose>
    <truncated>0</truncated>
    <difficult>0</difficult>
    <bndbox>
      <xmin>3734</xmin>
      <ymin>296</ymin>
      <xmax>5170</xmax>
      <ymax>716</ymax>
    </bndbox>
  </object>
  <object>
    <name>powerline</name>
    <pose>Unspecified</pose>
    <truncated>0</truncated>
    <difficult>0</difficult>
    <bndbox>
      <xmin>3778</xmin>
      <ymin>2252</ymin>
      <xmax>5184</xmax>
      <ymax>2399</ymax>
    </bndbox>
  </object>
  <object>
    <name>powerline</name>
    <pose>Unspecified</pose>
    <truncated>0</truncated>
    <difficult>0</difficult>
    <bndbox>
      <xmin>3808</xmin>
      <ymin>2924</ymin>
      <xmax>5184</xmax>
      <ymax>3028</ymax>
    </bndbox>
  </object>
</annotation>
