<annotation>
	<folder>0101</folder>
	<filename>266.JPG</filename>
	<path>/home/power/workspace/qj_power_images/img01/0101/266.JPG</path>
	<source>
		<database>Unknown</database>
	</source>
	<size>
		<width>5184</width>
		<height>3888</height>
		<depth>3</depth>
	</size>
	<segmented>0</segmented>
	<object>
		<name>powerline</name>
		<pose>Unspecified</pose>
		<truncated>0</truncated>
		<difficult>0</difficult>
		<bndbox>
			<xmin>234</xmin>
			<ymin>16</ymin>
			<xmax>980</xmax>
			<ymax>1448</ymax>
		</bndbox>
	</object>
	<object>
		<name>powerline</name>
		<pose>Unspecified</pose>
		<truncated>0</truncated>
		<difficult>0</difficult>
		<bndbox>
			<xmin>1139</xmin>
			<ymin>11</ymin>
			<xmax>1503</xmax>
			<ymax>1175</ymax>
		</bndbox>
	</object>
	<object>
		<name>powerline</name>
		<pose>Unspecified</pose>
		<truncated>1</truncated>
		<difficult>0</difficult>
		<bndbox>
			<xmin>1934</xmin>
			<ymin>1</ymin>
			<xmax>2116</xmax>
			<ymax>1345</ymax>
		</bndbox>
	</object>
</annotation>
