<annotation>
	<folder>0101</folder>
	<filename>267.JPG</filename>
	<path>/home/power/workspace/qj_power_images/img01/0101/267.JPG</path>
	<source>
		<database>Unknown</database>
	</source>
	<size>
		<width>5184</width>
		<height>3888</height>
		<depth>3</depth>
	</size>
	<segmented>0</segmented>
	<object>
		<name>powerline</name>
		<pose>Unspecified</pose>
		<truncated>1</truncated>
		<difficult>0</difficult>
		<bndbox>
			<xmin>2184</xmin>
			<ymin>1</ymin>
			<xmax>2334</xmax>
			<ymax>1032</ymax>
		</bndbox>
	</object>
	<object>
		<name>powerline</name>
		<pose>Unspecified</pose>
		<truncated>0</truncated>
		<difficult>0</difficult>
		<bndbox>
			<xmin>3230</xmin>
			<ymin>7</ymin>
			<xmax>3689</xmax>
			<ymax>1125</ymax>
		</bndbox>
	</object>
	<object>
		<name>powerline</name>
		<pose>Unspecified</pose>
		<truncated>1</truncated>
		<difficult>0</difficult>
		<bndbox>
			<xmin>2721</xmin>
			<ymin>1</ymin>
			<xmax>2925</xmax>
			<ymax>1132</ymax>
		</bndbox>
	</object>
</annotation>
