<annotation>
	<folder>0101</folder>
	<filename>271.JPG</filename>
	<path>/home/power/workspace/qj_power_images/img01/0101/271.JPG</path>
	<source>
		<database>Unknown</database>
	</source>
	<size>
		<width>5184</width>
		<height>3888</height>
		<depth>3</depth>
	</size>
	<segmented>0</segmented>
	<object>
		<name>powerline</name>
		<pose>Unspecified</pose>
		<truncated>0</truncated>
		<difficult>0</difficult>
		<bndbox>
			<xmin>2062</xmin>
			<ymin>11</ymin>
			<xmax>2307</xmax>
			<ymax>1166</ymax>
		</bndbox>
	</object>
	<object>
		<name>powerline</name>
		<pose>Unspecified</pose>
		<truncated>1</truncated>
		<difficult>0</difficult>
		<bndbox>
			<xmin>2706</xmin>
			<ymin>1</ymin>
			<xmax>2866</xmax>
			<ymax>1050</ymax>
		</bndbox>
	</object>
	<object>
		<name>powerline</name>
		<pose>Unspecified</pose>
		<truncated>1</truncated>
		<difficult>0</difficult>
		<bndbox>
			<xmin>3148</xmin>
			<ymin>1</ymin>
			<xmax>3630</xmax>
			<ymax>1216</ymax>
		</bndbox>
	</object>
</annotation>
