<annotation>
	<folder>0101</folder>
	<filename>272.JPG</filename>
	<path>/home/power/workspace/qj_power_images/img01/0101/272.JPG</path>
	<source>
		<database>Unknown</database>
	</source>
	<size>
		<width>5184</width>
		<height>3888</height>
		<depth>3</depth>
	</size>
	<segmented>0</segmented>
	<object>
		<name>powerline</name>
		<pose>Unspecified</pose>
		<truncated>0</truncated>
		<difficult>0</difficult>
		<bndbox>
			<xmin>1725</xmin>
			<ymin>20</ymin>
			<xmax>1998</xmax>
			<ymax>1184</ymax>
		</bndbox>
	</object>
	<object>
		<name>powerline</name>
		<pose>Unspecified</pose>
		<truncated>0</truncated>
		<difficult>0</difficult>
		<bndbox>
			<xmin>2339</xmin>
			<ymin>7</ymin>
			<xmax>2521</xmax>
			<ymax>1470</ymax>
		</bndbox>
	</object>
	<object>
		<name>powerline</name>
		<pose>Unspecified</pose>
		<truncated>0</truncated>
		<difficult>0</difficult>
		<bndbox>
			<xmin>2789</xmin>
			<ymin>7</ymin>
			<xmax>3266</xmax>
			<ymax>1207</ymax>
		</bndbox>
	</object>
</annotation>
