<annotation>
	<folder>0101</folder>
	<filename>274.JPG</filename>
	<path>/home/power/workspace/qj_power_images/img01/0101/274.JPG</path>
	<source>
		<database>Unknown</database>
	</source>
	<size>
		<width>5184</width>
		<height>3888</height>
		<depth>3</depth>
	</size>
	<segmented>0</segmented>
	<object>
		<name>powerline</name>
		<pose>Unspecified</pose>
		<truncated>0</truncated>
		<difficult>0</difficult>
		<bndbox>
			<xmin>3221</xmin>
			<ymin>11</ymin>
			<xmax>3871</xmax>
			<ymax>970</ymax>
		</bndbox>
	</object>
	<object>
		<name>powerline</name>
		<pose>Unspecified</pose>
		<truncated>0</truncated>
		<difficult>0</difficult>
		<bndbox>
			<xmin>3948</xmin>
			<ymin>7</ymin>
			<xmax>4721</xmax>
			<ymax>757</ymax>
		</bndbox>
	</object>
	<object>
		<name>powerline</name>
		<pose>Unspecified</pose>
		<truncated>0</truncated>
		<difficult>0</difficult>
		<bndbox>
			<xmin>4325</xmin>
			<ymin>252</ymin>
			<xmax>5153</xmax>
			<ymax>884</ymax>
		</bndbox>
	</object>
</annotation>
