<annotation>
	<folder>0101</folder>
	<filename>275.JPG</filename>
	<path>/home/power/workspace/qj_power_images/img01/0101/275.JPG</path>
	<source>
		<database>Unknown</database>
	</source>
	<size>
		<width>5184</width>
		<height>3888</height>
		<depth>3</depth>
	</size>
	<segmented>0</segmented>
	<object>
		<name>insulator</name>
		<pose>Unspecified</pose>
		<truncated>0</truncated>
		<difficult>0</difficult>
		<bndbox>
			<xmin>1011</xmin>
			<ymin>2311</ymin>
			<xmax>1111</xmax>
			<ymax>2597</ymax>
		</bndbox>
	</object>
	<object>
		<name>powerline</name>
		<pose>Unspecified</pose>
		<truncated>0</truncated>
		<difficult>0</difficult>
		<bndbox>
			<xmin>753</xmin>
			<ymin>2784</ymin>
			<xmax>1034</xmax>
			<ymax>3866</ymax>
		</bndbox>
	</object>
	<object>
		<name>powerline</name>
		<pose>Unspecified</pose>
		<truncated>0</truncated>
		<difficult>0</difficult>
		<bndbox>
			<xmin>1603</xmin>
			<ymin>20</ymin>
			<xmax>2353</xmax>
			<ymax>1157</ymax>
		</bndbox>
	</object>
	<object>
		<name>powerline</name>
		<pose>Unspecified</pose>
		<truncated>0</truncated>
		<difficult>0</difficult>
		<bndbox>
			<xmin>3025</xmin>
			<ymin>34</ymin>
			<xmax>3921</xmax>
			<ymax>1070</ymax>
		</bndbox>
	</object>
	<object>
		<name>powerline</name>
		<pose>Unspecified</pose>
		<truncated>0</truncated>
		<difficult>0</difficult>
		<bndbox>
			<xmin>3503</xmin>
			<ymin>20</ymin>
			<xmax>4489</xmax>
			<ymax>984</ymax>
		</bndbox>
	</object>
	<object>
		<name>insulator</name>
		<pose>Unspecified</pose>
		<truncated>0</truncated>
		<difficult>0</difficult>
		<bndbox>
			<xmin>2294</xmin>
			<ymin>2261</ymin>
			<xmax>2393</xmax>
			<ymax>2530</ymax>
		</bndbox>
	</object>
	<object>
		<name>insulator</name>
		<pose>Unspecified</pose>
		<truncated>0</truncated>
		<difficult>0</difficult>
		<bndbox>
			<xmin>3548</xmin>
			<ymin>2189</ymin>
			<xmax>3653</xmax>
			<ymax>2466</ymax>
		</bndbox>
	</object>
	<object>
		<name>powerline</name>
		<pose>Unspecified</pose>
		<truncated>0</truncated>
		<difficult>0</difficult>
		<bndbox>
			<xmin>3830</xmin>
			<ymin>1030</ymin>
			<xmax>5171</xmax>
			<ymax>1902</ymax>
		</bndbox>
	</object>
	<object>
		<name>powerline</name>
		<pose>Unspecified</pose>
		<truncated>1</truncated>
		<difficult>0</difficult>
		<bndbox>
			<xmin>3839</xmin>
			<ymin>1961</ymin>
			<xmax>5184</xmax>
			<ymax>2448</ymax>
		</bndbox>
	</object>
	<object>
		<name>powerline</name>
		<pose>Unspecified</pose>
		<truncated>0</truncated>
		<difficult>0</difficult>
		<bndbox>
			<xmin>2943</xmin>
			<ymin>2634</ymin>
			<xmax>3543</xmax>
			<ymax>3848</ymax>
		</bndbox>
	</object>
</annotation>
