<annotation>
	<folder>0101</folder>
	<filename>276.JPG</filename>
	<path>/home/power/workspace/qj_power_images/img01/0101/276.JPG</path>
	<source>
		<database>Unknown</database>
	</source>
	<size>
		<width>5184</width>
		<height>3888</height>
		<depth>3</depth>
	</size>
	<segmented>0</segmented>
	<object>
		<name>powerline</name>
		<pose>Unspecified</pose>
		<truncated>0</truncated>
		<difficult>0</difficult>
		<bndbox>
			<xmin>1180</xmin>
			<ymin>20</ymin>
			<xmax>1803</xmax>
			<ymax>993</ymax>
		</bndbox>
	</object>
	<object>
		<name>powerline</name>
		<pose>Unspecified</pose>
		<truncated>1</truncated>
		<difficult>0</difficult>
		<bndbox>
			<xmin>2235</xmin>
			<ymin>1</ymin>
			<xmax>2449</xmax>
			<ymax>1000</ymax>
		</bndbox>
	</object>
	<object>
		<name>powerline</name>
		<pose>Unspecified</pose>
		<truncated>0</truncated>
		<difficult>0</difficult>
		<bndbox>
			<xmin>2980</xmin>
			<ymin>11</ymin>
			<xmax>3248</xmax>
			<ymax>1107</ymax>
		</bndbox>
	</object>
</annotation>
