<annotation>
	<folder>0101</folder>
	<filename>277.JPG</filename>
	<path>/home/power/workspace/qj_power_images/img01/0101/277.JPG</path>
	<source>
		<database>Unknown</database>
	</source>
	<size>
		<width>5184</width>
		<height>3888</height>
		<depth>3</depth>
	</size>
	<segmented>0</segmented>
	<object>
		<name>powerline</name>
		<pose>Unspecified</pose>
		<truncated>0</truncated>
		<difficult>0</difficult>
		<bndbox>
			<xmin>2166</xmin>
			<ymin>7</ymin>
			<xmax>2493</xmax>
			<ymax>1184</ymax>
		</bndbox>
	</object>
	<object>
		<name>powerline</name>
		<pose>Unspecified</pose>
		<truncated>1</truncated>
		<difficult>0</difficult>
		<bndbox>
			<xmin>2893</xmin>
			<ymin>1</ymin>
			<xmax>3065</xmax>
			<ymax>1146</ymax>
		</bndbox>
	</object>
	<object>
		<name>powerline</name>
		<pose>Unspecified</pose>
		<truncated>0</truncated>
		<difficult>0</difficult>
		<bndbox>
			<xmin>3339</xmin>
			<ymin>2</ymin>
			<xmax>3880</xmax>
			<ymax>1084</ymax>
		</bndbox>
	</object>
</annotation>
