<annotation>
	<folder>0101</folder>
	<filename>28.JPG</filename>
	<path>/home/power/workspace/qj_power_images/img01/0101/28.JPG</path>
	<source>
		<database>Unknown</database>
	</source>
	<size>
		<width>4608</width>
		<height>3456</height>
		<depth>3</depth>
	</size>
	<segmented>0</segmented>
	<object>
		<name>powerline</name>
		<pose>Unspecified</pose>
		<truncated>0</truncated>
		<difficult>0</difficult>
		<bndbox>
			<xmin>1797</xmin>
			<ymin>2</ymin>
			<xmax>1926</xmax>
			<ymax>744</ymax>
		</bndbox>
	</object>
	<object>
		<name>powerline</name>
		<pose>Unspecified</pose>
		<truncated>0</truncated>
		<difficult>0</difficult>
		<bndbox>
			<xmin>2314</xmin>
			<ymin>7</ymin>
			<xmax>2526</xmax>
			<ymax>748</ymax>
		</bndbox>
	</object>
	<object>
		<name>powerline</name>
		<pose>Unspecified</pose>
		<truncated>1</truncated>
		<difficult>0</difficult>
		<bndbox>
			<xmin>2098</xmin>
			<ymin>1</ymin>
			<xmax>2160</xmax>
			<ymax>812</ymax>
		</bndbox>
	</object>
</annotation>
