<annotation>
	<folder>0101</folder>
	<filename>281.JPG</filename>
	<path>/home/power/workspace/qj_power_images/img01/0101/281.JPG</path>
	<source>
		<database>Unknown</database>
	</source>
	<size>
		<width>5184</width>
		<height>3888</height>
		<depth>3</depth>
	</size>
	<segmented>0</segmented>
	<object>
		<name>powerline</name>
		<pose>Unspecified</pose>
		<truncated>0</truncated>
		<difficult>0</difficult>
		<bndbox>
			<xmin>1489</xmin>
			<ymin>30</ymin>
			<xmax>1921</xmax>
			<ymax>1561</ymax>
		</bndbox>
	</object>
	<object>
		<name>powerline</name>
		<pose>Unspecified</pose>
		<truncated>1</truncated>
		<difficult>0</difficult>
		<bndbox>
			<xmin>2557</xmin>
			<ymin>1</ymin>
			<xmax>2821</xmax>
			<ymax>1764</ymax>
		</bndbox>
	</object>
	<object>
		<name>powerline</name>
		<pose>Unspecified</pose>
		<truncated>1</truncated>
		<difficult>0</difficult>
		<bndbox>
			<xmin>2129</xmin>
			<ymin>1</ymin>
			<xmax>2334</xmax>
			<ymax>1373</ymax>
		</bndbox>
	</object>
</annotation>
