<annotation>
	<folder>0101</folder>
	<filename>282.JPG</filename>
	<path>/home/power/workspace/qj_power_images/img01/0101/282.JPG</path>
	<source>
		<database>Unknown</database>
	</source>
	<size>
		<width>5184</width>
		<height>3888</height>
		<depth>3</depth>
	</size>
	<segmented>0</segmented>
	<object>
		<name>powerline</name>
		<pose>Unspecified</pose>
		<truncated>0</truncated>
		<difficult>0</difficult>
		<bndbox>
			<xmin>2548</xmin>
			<ymin>7</ymin>
			<xmax>2848</xmax>
			<ymax>1211</ymax>
		</bndbox>
	</object>
	<object>
		<name>powerline</name>
		<pose>Unspecified</pose>
		<truncated>0</truncated>
		<difficult>0</difficult>
		<bndbox>
			<xmin>2934</xmin>
			<ymin>7</ymin>
			<xmax>3343</xmax>
			<ymax>1034</ymax>
		</bndbox>
	</object>
	<object>
		<name>powerline</name>
		<pose>Unspecified</pose>
		<truncated>0</truncated>
		<difficult>0</difficult>
		<bndbox>
			<xmin>3412</xmin>
			<ymin>16</ymin>
			<xmax>3984</xmax>
			<ymax>925</ymax>
		</bndbox>
	</object>
</annotation>
