<annotation>
	<folder>0101</folder>
	<filename>285.JPG</filename>
	<path>/home/power/workspace/qj_power_images/img01/0101/285.JPG</path>
	<source>
		<database>Unknown</database>
	</source>
	<size>
		<width>5184</width>
		<height>3888</height>
		<depth>3</depth>
	</size>
	<segmented>0</segmented>
	<object>
		<name>insulator</name>
		<pose>Unspecified</pose>
		<truncated>0</truncated>
		<difficult>0</difficult>
		<bndbox>
			<xmin>843</xmin>
			<ymin>2816</ymin>
			<xmax>971</xmax>
			<ymax>3257</ymax>
		</bndbox>
	</object>
	<object>
		<name>insulator</name>
		<pose>Unspecified</pose>
		<truncated>0</truncated>
		<difficult>0</difficult>
		<bndbox>
			<xmin>2648</xmin>
			<ymin>2680</ymin>
			<xmax>2753</xmax>
			<ymax>3089</ymax>
		</bndbox>
	</object>
	<object>
		<name>insulator</name>
		<pose>Unspecified</pose>
		<truncated>0</truncated>
		<difficult>0</difficult>
		<bndbox>
			<xmin>4471</xmin>
			<ymin>2557</ymin>
			<xmax>4607</xmax>
			<ymax>2975</ymax>
		</bndbox>
	</object>
	<object>
		<name>hammer</name>
		<pose>Unspecified</pose>
		<truncated>0</truncated>
		<difficult>0</difficult>
		<bndbox>
			<xmin>669</xmin>
			<ymin>3197</ymin>
			<xmax>748</xmax>
			<ymax>3247</ymax>
		</bndbox>
	</object>
	<object>
		<name>hammer</name>
		<pose>Unspecified</pose>
		<truncated>0</truncated>
		<difficult>0</difficult>
		<bndbox>
			<xmin>1062</xmin>
			<ymin>3356</ymin>
			<xmax>1136</xmax>
			<ymax>3423</ymax>
		</bndbox>
	</object>
	<object>
		<name>hammer</name>
		<pose>Unspecified</pose>
		<truncated>0</truncated>
		<difficult>0</difficult>
		<bndbox>
			<xmin>2479</xmin>
			<ymin>3049</ymin>
			<xmax>2545</xmax>
			<ymax>3094</ymax>
		</bndbox>
	</object>
	<object>
		<name>hammer</name>
		<pose>Unspecified</pose>
		<truncated>0</truncated>
		<difficult>0</difficult>
		<bndbox>
			<xmin>2845</xmin>
			<ymin>3230</ymin>
			<xmax>2919</xmax>
			<ymax>3309</ymax>
		</bndbox>
	</object>
	<object>
		<name>hammer</name>
		<pose>Unspecified</pose>
		<truncated>0</truncated>
		<difficult>0</difficult>
		<bndbox>
			<xmin>4352</xmin>
			<ymin>2920</ymin>
			<xmax>4417</xmax>
			<ymax>2980</ymax>
		</bndbox>
	</object>
	<object>
		<name>hammer</name>
		<pose>Unspecified</pose>
		<truncated>0</truncated>
		<difficult>0</difficult>
		<bndbox>
			<xmin>4659</xmin>
			<ymin>3092</ymin>
			<xmax>4716</xmax>
			<ymax>3171</ymax>
		</bndbox>
	</object>
	<object>
		<name>hammer</name>
		<pose>Unspecified</pose>
		<truncated>0</truncated>
		<difficult>0</difficult>
		<bndbox>
			<xmin>3912</xmin>
			<ymin>1266</ymin>
			<xmax>4026</xmax>
			<ymax>1380</ymax>
		</bndbox>
	</object>
	<object>
		<name>hammer</name>
		<pose>Unspecified</pose>
		<truncated>0</truncated>
		<difficult>0</difficult>
		<bndbox>
			<xmin>1393</xmin>
			<ymin>1387</ymin>
			<xmax>1457</xmax>
			<ymax>1439</ymax>
		</bndbox>
	</object>
	<object>
		<name>hammer</name>
		<pose>Unspecified</pose>
		<truncated>0</truncated>
		<difficult>0</difficult>
		<bndbox>
			<xmin>1543</xmin>
			<ymin>1470</ymin>
			<xmax>1605</xmax>
			<ymax>1532</ymax>
		</bndbox>
	</object>
	<object>
		<name>powerline</name>
		<pose>Unspecified</pose>
		<truncated>0</truncated>
		<difficult>0</difficult>
		<bndbox>
			<xmin>1600</xmin>
			<ymin>4</ymin>
			<xmax>2686</xmax>
			<ymax>606</ymax>
		</bndbox>
	</object>
	<object>
		<name>powerline</name>
		<pose>Unspecified</pose>
		<truncated>0</truncated>
		<difficult>0</difficult>
		<bndbox>
			<xmin>17</xmin>
			<ymin>768</ymin>
			<xmax>1333</xmax>
			<ymax>1354</ymax>
		</bndbox>
	</object>
	<object>
		<name>powerline</name>
		<pose>Unspecified</pose>
		<truncated>0</truncated>
		<difficult>0</difficult>
		<bndbox>
			<xmin>10</xmin>
			<ymin>1637</ymin>
			<xmax>1567</xmax>
			<ymax>2156</ymax>
		</bndbox>
	</object>
	<object>
		<name>powerline</name>
		<pose>Unspecified</pose>
		<truncated>0</truncated>
		<difficult>0</difficult>
		<bndbox>
			<xmin>17</xmin>
			<ymin>2437</ymin>
			<xmax>879</xmax>
			<ymax>2656</ymax>
		</bndbox>
	</object>
	<object>
		<name>powerline</name>
		<pose>Unspecified</pose>
		<truncated>0</truncated>
		<difficult>0</difficult>
		<bndbox>
			<xmin>10</xmin>
			<ymin>3077</ymin>
			<xmax>638</xmax>
			<ymax>3194</ymax>
		</bndbox>
	</object>
	<object>
		<name>powerline</name>
		<pose>Unspecified</pose>
		<truncated>0</truncated>
		<difficult>0</difficult>
		<bndbox>
			<xmin>1205</xmin>
			<ymin>3447</ymin>
			<xmax>1798</xmax>
			<ymax>3873</ymax>
		</bndbox>
	</object>
	<object>
		<name>powerline</name>
		<pose>Unspecified</pose>
		<truncated>0</truncated>
		<difficult>0</difficult>
		<bndbox>
			<xmin>3705</xmin>
			<ymin>2961</ymin>
			<xmax>4331</xmax>
			<ymax>3382</ymax>
		</bndbox>
	</object>
	<object>
		<name>powerline</name>
		<pose>Unspecified</pose>
		<truncated>0</truncated>
		<difficult>0</difficult>
		<bndbox>
			<xmin>4357</xmin>
			<ymin>3389</ymin>
			<xmax>5112</xmax>
			<ymax>3882</ymax>
		</bndbox>
	</object>
	<object>
		<name>powerline</name>
		<pose>Unspecified</pose>
		<truncated>0</truncated>
		<difficult>0</difficult>
		<bndbox>
			<xmin>4074</xmin>
			<ymin>1409</ymin>
			<xmax>5169</xmax>
			<ymax>2339</ymax>
		</bndbox>
	</object>
	<object>
		<name>powerline</name>
		<pose>Unspecified</pose>
		<truncated>0</truncated>
		<difficult>0</difficult>
		<bndbox>
			<xmin>2721</xmin>
			<ymin>623</ymin>
			<xmax>3536</xmax>
			<ymax>1044</ymax>
		</bndbox>
	</object>
</annotation>
