<annotation>
	<folder>0101</folder>
	<filename>286.JPG</filename>
	<path>/home/power/workspace/qj_power_images/img01/0101/286.JPG</path>
	<source>
		<database>Unknown</database>
	</source>
	<size>
		<width>5184</width>
		<height>3888</height>
		<depth>3</depth>
	</size>
	<segmented>0</segmented>
	<object>
		<name>powerline</name>
		<pose>Unspecified</pose>
		<truncated>0</truncated>
		<difficult>0</difficult>
		<bndbox>
			<xmin>1757</xmin>
			<ymin>2</ymin>
			<xmax>2375</xmax>
			<ymax>1711</ymax>
		</bndbox>
	</object>
	<object>
		<name>powerline</name>
		<pose>Unspecified</pose>
		<truncated>1</truncated>
		<difficult>0</difficult>
		<bndbox>
			<xmin>2648</xmin>
			<ymin>1</ymin>
			<xmax>2762</xmax>
			<ymax>990</ymax>
		</bndbox>
	</object>
	<object>
		<name>powerline</name>
		<pose>Unspecified</pose>
		<truncated>0</truncated>
		<difficult>0</difficult>
		<bndbox>
			<xmin>3130</xmin>
			<ymin>11</ymin>
			<xmax>3603</xmax>
			<ymax>1302</ymax>
		</bndbox>
	</object>
</annotation>
