<annotation>
	<folder>0101</folder>
	<filename>289.JPG</filename>
	<path>/home/power/workspace/qj_power_images/img01/0101/289.JPG</path>
	<source>
		<database>Unknown</database>
	</source>
	<size>
		<width>5184</width>
		<height>3888</height>
		<depth>3</depth>
	</size>
	<segmented>0</segmented>
	<object>
		<name>powerline</name>
		<pose>Unspecified</pose>
		<truncated>0</truncated>
		<difficult>0</difficult>
		<bndbox>
			<xmin>4221</xmin>
			<ymin>30</ymin>
			<xmax>5175</xmax>
			<ymax>893</ymax>
		</bndbox>
	</object>
	<object>
		<name>powerline</name>
		<pose>Unspecified</pose>
		<truncated>0</truncated>
		<difficult>0</difficult>
		<bndbox>
			<xmin>4143</xmin>
			<ymin>561</ymin>
			<xmax>5166</xmax>
			<ymax>1311</ymax>
		</bndbox>
	</object>
</annotation>
