<annotation>
	<folder>0101</folder>
	<filename>29.JPG</filename>
	<path>/home/power/workspace/qj_power_images/img01/0101/29.JPG</path>
	<source>
		<database>Unknown</database>
	</source>
	<size>
		<width>4608</width>
		<height>3456</height>
		<depth>3</depth>
	</size>
	<segmented>0</segmented>
	<object>
		<name>powerline</name>
		<pose>Unspecified</pose>
		<truncated>0</truncated>
		<difficult>0</difficult>
		<bndbox>
			<xmin>1651</xmin>
			<ymin>40</ymin>
			<xmax>1984</xmax>
			<ymax>961</ymax>
		</bndbox>
	</object>
	<object>
		<name>powerline</name>
		<pose>Unspecified</pose>
		<truncated>0</truncated>
		<difficult>0</difficult>
		<bndbox>
			<xmin>2055</xmin>
			<ymin>23</ymin>
			<xmax>2268</xmax>
			<ymax>927</ymax>
		</bndbox>
	</object>
	<object>
		<name>powerline</name>
		<pose>Unspecified</pose>
		<truncated>1</truncated>
		<difficult>0</difficult>
		<bndbox>
			<xmin>2306</xmin>
			<ymin>1</ymin>
			<xmax>2481</xmax>
			<ymax>1163</ymax>
		</bndbox>
	</object>
</annotation>
