<annotation>
	<folder>0101</folder>
	<filename>291.JPG</filename>
	<path>/home/power/workspace/qj_power_images/img01/0101/291.JPG</path>
	<source>
		<database>Unknown</database>
	</source>
	<size>
		<width>5184</width>
		<height>3888</height>
		<depth>3</depth>
	</size>
	<segmented>0</segmented>
	<object>
		<name>powerline</name>
		<pose>Unspecified</pose>
		<truncated>0</truncated>
		<difficult>0</difficult>
		<bndbox>
			<xmin>1289</xmin>
			<ymin>7</ymin>
			<xmax>1912</xmax>
			<ymax>1216</ymax>
		</bndbox>
	</object>
	<object>
		<name>powerline</name>
		<pose>Unspecified</pose>
		<truncated>1</truncated>
		<difficult>0</difficult>
		<bndbox>
			<xmin>2198</xmin>
			<ymin>1</ymin>
			<xmax>2561</xmax>
			<ymax>1519</ymax>
		</bndbox>
	</object>
	<object>
		<name>powerline</name>
		<pose>Unspecified</pose>
		<truncated>0</truncated>
		<difficult>0</difficult>
		<bndbox>
			<xmin>1871</xmin>
			<ymin>7</ymin>
			<xmax>2134</xmax>
			<ymax>893</ymax>
		</bndbox>
	</object>
</annotation>
