<annotation>
	<folder>0101</folder>
	<filename>292.JPG</filename>
	<path>/home/power/workspace/qj_power_images/img01/0101/292.JPG</path>
	<source>
		<database>Unknown</database>
	</source>
	<size>
		<width>5184</width>
		<height>3888</height>
		<depth>3</depth>
	</size>
	<segmented>0</segmented>
	<object>
		<name>powerline</name>
		<pose>Unspecified</pose>
		<truncated>0</truncated>
		<difficult>0</difficult>
		<bndbox>
			<xmin>2084</xmin>
			<ymin>2</ymin>
			<xmax>2330</xmax>
			<ymax>1452</ymax>
		</bndbox>
	</object>
	<object>
		<name>powerline</name>
		<pose>Unspecified</pose>
		<truncated>0</truncated>
		<difficult>0</difficult>
		<bndbox>
			<xmin>2525</xmin>
			<ymin>2</ymin>
			<xmax>2762</xmax>
			<ymax>1520</ymax>
		</bndbox>
	</object>
	<object>
		<name>powerline</name>
		<pose>Unspecified</pose>
		<truncated>1</truncated>
		<difficult>0</difficult>
		<bndbox>
			<xmin>2894</xmin>
			<ymin>1</ymin>
			<xmax>3389</xmax>
			<ymax>1386</ymax>
		</bndbox>
	</object>
</annotation>
