<annotation>
  <folder>0101</folder>
  <filename>294.JPG</filename>
  <path> </path>
  <source>
    <database>Unknown</database>
  </source>
  <size>
    <width>4608</width>
    <height>3456</height>
    <depth>3</depth>
  </size>
  <segmented>0</segmented>
  <object>
    <name>insulator</name>
    <pose>Unspecified</pose>
    <truncated>0</truncated>
    <difficult>0</difficult>
    <bndbox>
      <xmin>1788</xmin>
      <ymin>960</ymin>
      <xmax>1841</xmax>
      <ymax>1099</ymax>
    </bndbox>
  </object>
  <object>
    <name>insulator</name>
    <pose>Unspecified</pose>
    <truncated>0</truncated>
    <difficult>0</difficult>
    <bndbox>
      <xmin>1863</xmin>
      <ymin>665</ymin>
      <xmax>1913</xmax>
      <ymax>790</ymax>
    </bndbox>
  </object>
  <object>
    <name>insulator</name>
    <pose>Unspecified</pose>
    <truncated>0</truncated>
    <difficult>0</difficult>
    <bndbox>
      <xmin>1866</xmin>
      <ymin>1355</ymin>
      <xmax>1917</xmax>
      <ymax>1505</ymax>
    </bndbox>
  </object>
  <object>
    <name>insulator</name>
    <pose>Unspecified</pose>
    <truncated>0</truncated>
    <difficult>0</difficult>
    <bndbox>
      <xmin>2350</xmin>
      <ymin>805</ymin>
      <xmax>2398</xmax>
      <ymax>922</ymax>
    </bndbox>
  </object>
  <object>
    <name>insulator</name>
    <pose>Unspecified</pose>
    <truncated>0</truncated>
    <difficult>0</difficult>
    <bndbox>
      <xmin>2472</xmin>
      <ymin>1132</ymin>
      <xmax>2522</xmax>
      <ymax>1269</ymax>
    </bndbox>
  </object>
  <object>
    <name>hammer</name>
    <pose>Unspecified</pose>
    <truncated>0</truncated>
    <difficult>0</difficult>
    <bndbox>
      <xmin>1747</xmin>
      <ymin>1204</ymin>
      <xmax>1777</xmax>
      <ymax>1254</ymax>
    </bndbox>
  </object>
  <object>
    <name>hammer</name>
    <pose>Unspecified</pose>
    <truncated>0</truncated>
    <difficult>0</difficult>
    <bndbox>
      <xmin>1697</xmin>
      <ymin>1315</ymin>
      <xmax>1720</xmax>
      <ymax>1363</ymax>
    </bndbox>
  </object>
  <object>
    <name>hammer</name>
    <pose>Unspecified</pose>
    <truncated>0</truncated>
    <difficult>0</difficult>
    <bndbox>
      <xmin>1836</xmin>
      <ymin>863</ymin>
      <xmax>1866</xmax>
      <ymax>910</ymax>
    </bndbox>
  </object>
  <object>
    <name>hammer</name>
    <pose>Unspecified</pose>
    <truncated>0</truncated>
    <difficult>0</difficult>
    <bndbox>
      <xmin>1861</xmin>
      <ymin>972</ymin>
      <xmax>1895</xmax>
      <ymax>1035</ymax>
    </bndbox>
  </object>
  <object>
    <name>hammer</name>
    <pose>Unspecified</pose>
    <truncated>0</truncated>
    <difficult>0</difficult>
    <bndbox>
      <xmin>1814</xmin>
      <ymin>1610</ymin>
      <xmax>1850</xmax>
      <ymax>1665</ymax>
    </bndbox>
  </object>
  <object>
    <name>hammer</name>
    <pose>Unspecified</pose>
    <truncated>0</truncated>
    <difficult>0</difficult>
    <bndbox>
      <xmin>1947</xmin>
      <ymin>1399</ymin>
      <xmax>1989</xmax>
      <ymax>1446</ymax>
    </bndbox>
  </object>
  <object>
    <name>hammer</name>
    <pose>Unspecified</pose>
    <truncated>0</truncated>
    <difficult>0</difficult>
    <bndbox>
      <xmin>1755</xmin>
      <ymin>1713</ymin>
      <xmax>1789</xmax>
      <ymax>1766</ymax>
    </bndbox>
  </object>
  <object>
    <name>hammer</name>
    <pose>Unspecified</pose>
    <truncated>0</truncated>
    <difficult>0</difficult>
    <bndbox>
      <xmin>2431</xmin>
      <ymin>816</ymin>
      <xmax>2470</xmax>
      <ymax>866</ymax>
    </bndbox>
  </object>
  <object>
    <name>hammer</name>
    <pose>Unspecified</pose>
    <truncated>0</truncated>
    <difficult>0</difficult>
    <bndbox>
      <xmin>2566</xmin>
      <ymin>1168</ymin>
      <xmax>2609</xmax>
      <ymax>1205</ymax>
    </bndbox>
  </object>
  <object>
    <name>hammer</name>
    <pose>Unspecified</pose>
    <truncated>0</truncated>
    <difficult>0</difficult>
    <bndbox>
      <xmin>2566</xmin>
      <ymin>1532</ymin>
      <xmax>2613</xmax>
      <ymax>1579</ymax>
    </bndbox>
  </object>
  <object>
    <name>hammer</name>
    <pose>Unspecified</pose>
    <truncated>0</truncated>
    <difficult>0</difficult>
    <bndbox>
      <xmin>2400</xmin>
      <ymin>1719</ymin>
      <xmax>2438</xmax>
      <ymax>1765</ymax>
    </bndbox>
  </object>
  <object>
    <name>powerline</name>
    <pose>Unspecified</pose>
    <truncated>0</truncated>
    <difficult>0</difficult>
    <bndbox>
      <xmin>2045</xmin>
      <ymin>1</ymin>
      <xmax>2325</xmax>
      <ymax>518</ymax>
    </bndbox>
  </object>
  <object>
    <name>powerline</name>
    <pose>Unspecified</pose>
    <truncated>0</truncated>
    <difficult>0</difficult>
    <bndbox>
      <xmin>2158</xmin>
      <ymin>4</ymin>
      <xmax>2447</xmax>
      <ymax>516</ymax>
    </bndbox>
  </object>
  <object>
    <name>powerline</name>
    <pose>Unspecified</pose>
    <truncated>0</truncated>
    <difficult>0</difficult>
    <bndbox>
      <xmin>1345</xmin>
      <ymin>1349</ymin>
      <xmax>1642</xmax>
      <ymax>1994</ymax>
    </bndbox>
  </object>
  <object>
    <name>powerline</name>
    <pose>Unspecified</pose>
    <truncated>0</truncated>
    <difficult>0</difficult>
    <bndbox>
      <xmin>1378</xmin>
      <ymin>1383</ymin>
      <xmax>1686</xmax>
      <ymax>2015</ymax>
    </bndbox>
  </object>
  <object>
    <name>powerline</name>
    <pose>Unspecified</pose>
    <truncated>0</truncated>
    <difficult>0</difficult>
    <bndbox>
      <xmin>1869</xmin>
      <ymin>1547</ymin>
      <xmax>2009</xmax>
      <ymax>1780</ymax>
    </bndbox>
  </object>
  <object>
    <name>powerline</name>
    <pose>Unspecified</pose>
    <truncated>0</truncated>
    <difficult>0</difficult>
    <bndbox>
      <xmin>1700</xmin>
      <ymin>1815</ymin>
      <xmax>1842</xmax>
      <ymax>2063</ymax>
    </bndbox>
  </object>
  <object>
    <name>powerline</name>
    <pose>Unspecified</pose>
    <truncated>0</truncated>
    <difficult>0</difficult>
    <bndbox>
      <xmin>1795</xmin>
      <ymin>1885</ymin>
      <xmax>2064</xmax>
      <ymax>2265</ymax>
    </bndbox>
  </object>
  <object>
    <name>powerline</name>
    <pose>Unspecified</pose>
    <truncated>0</truncated>
    <difficult>0</difficult>
    <bndbox>
      <xmin>2436</xmin>
      <ymin>8</ymin>
      <xmax>3083</xmax>
      <ymax>738</ymax>
    </bndbox>
  </object>
  <object>
    <name>powerline</name>
    <pose>Unspecified</pose>
    <truncated>0</truncated>
    <difficult>0</difficult>
    <bndbox>
      <xmin>2683</xmin>
      <ymin>5</ymin>
      <xmax>3647</xmax>
      <ymax>1076</ymax>
    </bndbox>
  </object>
  <object>
    <name>powerline</name>
    <pose>Unspecified</pose>
    <truncated>0</truncated>
    <difficult>0</difficult>
    <bndbox>
      <xmin>2686</xmin>
      <ymin>479</ymin>
      <xmax>3722</xmax>
      <ymax>1458</ymax>
    </bndbox>
  </object>
</annotation>
