<annotation>
	<folder>0101</folder>
	<filename>296.JPG</filename>
	<path>/home/power/workspace/qj_power_images/img01/0101/296.JPG</path>
	<source>
		<database>Unknown</database>
	</source>
	<size>
		<width>4608</width>
		<height>3456</height>
		<depth>3</depth>
	</size>
	<segmented>0</segmented>
	<object>
		<name>powerline</name>
		<pose>Unspecified</pose>
		<truncated>0</truncated>
		<difficult>0</difficult>
		<bndbox>
			<xmin>926</xmin>
			<ymin>7</ymin>
			<xmax>1864</xmax>
			<ymax>1573</ymax>
		</bndbox>
	</object>
	<object>
		<name>powerline</name>
		<pose>Unspecified</pose>
		<truncated>0</truncated>
		<difficult>0</difficult>
		<bndbox>
			<xmin>2043</xmin>
			<ymin>11</ymin>
			<xmax>2264</xmax>
			<ymax>1557</ymax>
		</bndbox>
	</object>
</annotation>
