<annotation>
	<folder>0101</folder>
	<filename>297.JPG</filename>
	<path>/home/power/workspace/qj_power_images/img01/0101/297.JPG</path>
	<source>
		<database>Unknown</database>
	</source>
	<size>
		<width>4608</width>
		<height>3456</height>
		<depth>3</depth>
	</size>
	<segmented>0</segmented>
	<object>
		<name>powerline</name>
		<pose>Unspecified</pose>
		<truncated>0</truncated>
		<difficult>0</difficult>
		<bndbox>
			<xmin>1447</xmin>
			<ymin>7</ymin>
			<xmax>1755</xmax>
			<ymax>1077</ymax>
		</bndbox>
	</object>
	<object>
		<name>powerline</name>
		<pose>Unspecified</pose>
		<truncated>0</truncated>
		<difficult>0</difficult>
		<bndbox>
			<xmin>2018</xmin>
			<ymin>7</ymin>
			<xmax>2547</xmax>
			<ymax>686</ymax>
		</bndbox>
	</object>
</annotation>
