<annotation>
	<folder>0101</folder>
	<filename>299.JPG</filename>
	<path>/home/power/workspace/qj_power_images/img01/0101/299.JPG</path>
	<source>
		<database>Unknown</database>
	</source>
	<size>
		<width>5184</width>
		<height>3888</height>
		<depth>3</depth>
	</size>
	<segmented>0</segmented>
	<object>
		<name>powerline</name>
		<pose>Unspecified</pose>
		<truncated>0</truncated>
		<difficult>0</difficult>
		<bndbox>
			<xmin>4257</xmin>
			<ymin>30</ymin>
			<xmax>5162</xmax>
			<ymax>739</ymax>
		</bndbox>
	</object>
	<object>
		<name>powerline</name>
		<pose>Unspecified</pose>
		<truncated>0</truncated>
		<difficult>0</difficult>
		<bndbox>
			<xmin>4257</xmin>
			<ymin>893</ymin>
			<xmax>5180</xmax>
			<ymax>1361</ymax>
		</bndbox>
	</object>
	<object>
		<name>powerline</name>
		<pose>Unspecified</pose>
		<truncated>0</truncated>
		<difficult>0</difficult>
		<bndbox>
			<xmin>3345</xmin>
			<ymin>988</ymin>
			<xmax>4097</xmax>
			<ymax>1567</ymax>
		</bndbox>
	</object>
	<object>
		<name>powerline</name>
		<pose>Unspecified</pose>
		<truncated>0</truncated>
		<difficult>0</difficult>
		<bndbox>
			<xmin>3119</xmin>
			<ymin>1583</ymin>
			<xmax>3866</xmax>
			<ymax>1949</ymax>
		</bndbox>
	</object>
	<object>
		<name>powerline</name>
		<pose>Unspecified</pose>
		<truncated>0</truncated>
		<difficult>0</difficult>
		<bndbox>
			<xmin>2895</xmin>
			<ymin>888</ymin>
			<xmax>3329</xmax>
			<ymax>1436</ymax>
		</bndbox>
	</object>
	<object>
		<name>insulator</name>
		<pose>Unspecified</pose>
		<truncated>0</truncated>
		<difficult>0</difficult>
		<bndbox>
			<xmin>2579</xmin>
			<ymin>1971</ymin>
			<xmax>2595</xmax>
			<ymax>2011</ymax>
		</bndbox>
	</object>
	<object>
		<name>insulator</name>
		<pose>Unspecified</pose>
		<truncated>0</truncated>
		<difficult>0</difficult>
		<bndbox>
			<xmin>2490</xmin>
			<ymin>2097</ymin>
			<xmax>2505</xmax>
			<ymax>2140</ymax>
		</bndbox>
	</object>
	<object>
		<name>insulator</name>
		<pose>Unspecified</pose>
		<truncated>0</truncated>
		<difficult>0</difficult>
		<bndbox>
			<xmin>2686</xmin>
			<ymin>2079</ymin>
			<xmax>2705</xmax>
			<ymax>2121</ymax>
		</bndbox>
	</object>
</annotation>
