<annotation>
  <folder>0101</folder>
  <filename>300.JPG</filename>
  <path> </path>
  <source>
    <database>Unknown</database>
  </source>
  <size>
    <width>5184</width>
    <height>3888</height>
    <depth>3</depth>
  </size>
  <segmented>0</segmented>
  <object>
    <name>powerline</name>
    <pose>Unspecified</pose>
    <truncated>0</truncated>
    <difficult>0</difficult>
    <bndbox>
      <xmin>1939</xmin>
      <ymin>20</ymin>
      <xmax>2707</xmax>
      <ymax>952</ymax>
    </bndbox>
  </object>
  <object>
    <name>powerline</name>
    <pose>Unspecified</pose>
    <truncated>0</truncated>
    <difficult>0</difficult>
    <bndbox>
      <xmin>1330</xmin>
      <ymin>1198</ymin>
      <xmax>1757</xmax>
      <ymax>2098</ymax>
    </bndbox>
  </object>
  <object>
    <name>powerline</name>
    <pose>Unspecified</pose>
    <truncated>0</truncated>
    <difficult>0</difficult>
    <bndbox>
      <xmin>394</xmin>
      <ymin>2384</ymin>
      <xmax>1157</xmax>
      <ymax>3888</ymax>
    </bndbox>
  </object>
  <object>
    <name>insulator</name>
    <pose>Unspecified</pose>
    <truncated>0</truncated>
    <difficult>0</difficult>
    <bndbox>
      <xmin>2512</xmin>
      <ymin>1438</ymin>
      <xmax>2639</xmax>
      <ymax>1770</ymax>
    </bndbox>
  </object>
  <object>
    <name>insulator</name>
    <pose>Unspecified</pose>
    <truncated>0</truncated>
    <difficult>0</difficult>
    <bndbox>
      <xmin>1668</xmin>
      <ymin>2665</ymin>
      <xmax>1780</xmax>
      <ymax>3033</ymax>
    </bndbox>
  </object>
  <object>
    <name>insulator</name>
    <pose>Unspecified</pose>
    <truncated>0</truncated>
    <difficult>0</difficult>
    <bndbox>
      <xmin>3585</xmin>
      <ymin>2520</ymin>
      <xmax>3713</xmax>
      <ymax>2894</ymax>
    </bndbox>
  </object>
  <object>
    <name>powerline</name>
    <pose>Unspecified</pose>
    <truncated>0</truncated>
    <difficult>0</difficult>
    <bndbox>
      <xmin>3403</xmin>
      <ymin>148</ymin>
      <xmax>5166</xmax>
      <ymax>1325</ymax>
    </bndbox>
  </object>
  <object>
    <name>powerline</name>
    <pose>Unspecified</pose>
    <truncated>0</truncated>
    <difficult>0</difficult>
    <bndbox>
      <xmin>3862</xmin>
      <ymin>2348</ymin>
      <xmax>5175</xmax>
      <ymax>2825</ymax>
    </bndbox>
  </object>
  <object>
    <name>powerline</name>
    <pose>Unspecified</pose>
    <truncated>0</truncated>
    <difficult>0</difficult>
    <bndbox>
      <xmin>3639</xmin>
      <ymin>952</ymin>
      <xmax>5171</xmax>
      <ymax>1948</ymax>
    </bndbox>
  </object>
  <object>
    <name>hammer</name>
    <pose>Unspecified</pose>
    <truncated>0</truncated>
    <difficult>0</difficult>
    <bndbox>
      <xmin>3567</xmin>
      <ymin>2992</ymin>
      <xmax>3620</xmax>
      <ymax>3052</ymax>
    </bndbox>
  </object>
  <object>
    <name>hammer</name>
    <pose>Unspecified</pose>
    <truncated>0</truncated>
    <difficult>0</difficult>
    <bndbox>
      <xmin>3735</xmin>
      <ymin>2865</ymin>
      <xmax>3787</xmax>
      <ymax>2915</ymax>
    </bndbox>
  </object>
  <object>
    <name>hammer</name>
    <pose>Unspecified</pose>
    <truncated>0</truncated>
    <difficult>0</difficult>
    <bndbox>
      <xmin>1774</xmin>
      <ymin>3017</ymin>
      <xmax>1823</xmax>
      <ymax>3059</ymax>
    </bndbox>
  </object>
  <object>
    <name>hammer</name>
    <pose>Unspecified</pose>
    <truncated>0</truncated>
    <difficult>0</difficult>
    <bndbox>
      <xmin>2516</xmin>
      <ymin>1920</ymin>
      <xmax>2565</xmax>
      <ymax>1976</ymax>
    </bndbox>
  </object>
  <object>
    <name>hammer</name>
    <pose>Unspecified</pose>
    <truncated>0</truncated>
    <difficult>0</difficult>
    <bndbox>
      <xmin>2642</xmin>
      <ymin>1767</ymin>
      <xmax>2699</xmax>
      <ymax>1814</ymax>
    </bndbox>
  </object>
  <object>
    <name>powerline</name>
    <pose>Unspecified</pose>
    <truncated>0</truncated>
    <difficult>0</difficult>
    <bndbox>
      <xmin>2307</xmin>
      <ymin>1998</ymin>
      <xmax>2616</xmax>
      <ymax>2471</ymax>
    </bndbox>
  </object>
</annotation>
