<annotation>
	<folder>0101</folder>
	<filename>301.JPG</filename>
	<path>/home/power/workspace/qj_power_images/img01/0101/301.JPG</path>
	<source>
		<database>Unknown</database>
	</source>
	<size>
		<width>5184</width>
		<height>3888</height>
		<depth>3</depth>
	</size>
	<segmented>0</segmented>
	<object>
		<name>powerline</name>
		<pose>Unspecified</pose>
		<truncated>0</truncated>
		<difficult>0</difficult>
		<bndbox>
			<xmin>1224</xmin>
			<ymin>7</ymin>
			<xmax>1724</xmax>
			<ymax>972</ymax>
		</bndbox>
	</object>
	<object>
		<name>powerline</name>
		<pose>Unspecified</pose>
		<truncated>0</truncated>
		<difficult>0</difficult>
		<bndbox>
			<xmin>1880</xmin>
			<ymin>3</ymin>
			<xmax>2101</xmax>
			<ymax>757</ymax>
		</bndbox>
	</object>
	<object>
		<name>powerline</name>
		<pose>Unspecified</pose>
		<truncated>1</truncated>
		<difficult>0</difficult>
		<bndbox>
			<xmin>2263</xmin>
			<ymin>1</ymin>
			<xmax>2387</xmax>
			<ymax>899</ymax>
		</bndbox>
	</object>
</annotation>
