<annotation>
	<folder>0101</folder>
	<filename>302.JPG</filename>
	<path>/home/power/workspace/qj_power_images/img01/0101/302.JPG</path>
	<source>
		<database>Unknown</database>
	</source>
	<size>
		<width>5184</width>
		<height>3888</height>
		<depth>3</depth>
	</size>
	<segmented>0</segmented>
	<object>
		<name>powerline</name>
		<pose>Unspecified</pose>
		<truncated>0</truncated>
		<difficult>0</difficult>
		<bndbox>
			<xmin>3248</xmin>
			<ymin>25</ymin>
			<xmax>4039</xmax>
			<ymax>1361</ymax>
		</bndbox>
	</object>
	<object>
		<name>powerline</name>
		<pose>Unspecified</pose>
		<truncated>1</truncated>
		<difficult>0</difficult>
		<bndbox>
			<xmin>2607</xmin>
			<ymin>1</ymin>
			<xmax>2880</xmax>
			<ymax>1259</ymax>
		</bndbox>
	</object>
	<object>
		<name>powerline</name>
		<pose>Unspecified</pose>
		<truncated>0</truncated>
		<difficult>0</difficult>
		<bndbox>
			<xmin>2925</xmin>
			<ymin>16</ymin>
			<xmax>3239</xmax>
			<ymax>1161</ymax>
		</bndbox>
	</object>
</annotation>
