<annotation>
	<folder>0101</folder>
	<filename>306.JPG</filename>
	<path>/home/power/workspace/qj_power_images/img01/0101/306.JPG</path>
	<source>
		<database>Unknown</database>
	</source>
	<size>
		<width>5184</width>
		<height>3888</height>
		<depth>3</depth>
	</size>
	<segmented>0</segmented>
	<object>
		<name>powerline</name>
		<pose>Unspecified</pose>
		<truncated>1</truncated>
		<difficult>0</difficult>
		<bndbox>
			<xmin>457</xmin>
			<ymin>1</ymin>
			<xmax>1335</xmax>
			<ymax>1069</ymax>
		</bndbox>
	</object>
	<object>
		<name>powerline</name>
		<pose>Unspecified</pose>
		<truncated>0</truncated>
		<difficult>0</difficult>
		<bndbox>
			<xmin>1430</xmin>
			<ymin>16</ymin>
			<xmax>1757</xmax>
			<ymax>752</ymax>
		</bndbox>
	</object>
	<object>
		<name>powerline</name>
		<pose>Unspecified</pose>
		<truncated>0</truncated>
		<difficult>0</difficult>
		<bndbox>
			<xmin>1703</xmin>
			<ymin>16</ymin>
			<xmax>2089</xmax>
			<ymax>1066</ymax>
		</bndbox>
	</object>
</annotation>
