<annotation>
	<folder>0101</folder>
	<filename>307.JPG</filename>
	<path>/home/power/workspace/qj_power_images/img01/0101/307.JPG</path>
	<source>
		<database>Unknown</database>
	</source>
	<size>
		<width>5184</width>
		<height>3888</height>
		<depth>3</depth>
	</size>
	<segmented>0</segmented>
	<object>
		<name>powerline</name>
		<pose>Unspecified</pose>
		<truncated>0</truncated>
		<difficult>0</difficult>
		<bndbox>
			<xmin>2853</xmin>
			<ymin>20</ymin>
			<xmax>3484</xmax>
			<ymax>1075</ymax>
		</bndbox>
	</object>
	<object>
		<name>powerline</name>
		<pose>Unspecified</pose>
		<truncated>0</truncated>
		<difficult>0</difficult>
		<bndbox>
			<xmin>3230</xmin>
			<ymin>2</ymin>
			<xmax>4712</xmax>
			<ymax>1375</ymax>
		</bndbox>
	</object>
</annotation>
