<annotation>
	<folder>0101</folder>
	<filename>310.JPG</filename>
	<path>/home/power/workspace/qj_power_images/img01/0101/310.JPG</path>
	<source>
		<database>Unknown</database>
	</source>
	<size>
		<width>5184</width>
		<height>3888</height>
		<depth>3</depth>
	</size>
	<segmented>0</segmented>
	<object>
		<name>powerline</name>
		<pose>Unspecified</pose>
		<truncated>0</truncated>
		<difficult>0</difficult>
		<bndbox>
			<xmin>25</xmin>
			<ymin>1884</ymin>
			<xmax>1707</xmax>
			<ymax>2898</ymax>
		</bndbox>
	</object>
	<object>
		<name>insulator</name>
		<pose>Unspecified</pose>
		<truncated>0</truncated>
		<difficult>0</difficult>
		<bndbox>
			<xmin>1889</xmin>
			<ymin>2661</ymin>
			<xmax>1989</xmax>
			<ymax>3039</ymax>
		</bndbox>
	</object>
	<object>
		<name>insulator</name>
		<pose>Unspecified</pose>
		<truncated>0</truncated>
		<difficult>0</difficult>
		<bndbox>
			<xmin>3753</xmin>
			<ymin>2480</ymin>
			<xmax>3871</xmax>
			<ymax>2893</ymax>
		</bndbox>
	</object>
	<object>
		<name>insulator</name>
		<pose>Unspecified</pose>
		<truncated>0</truncated>
		<difficult>0</difficult>
		<bndbox>
			<xmin>2762</xmin>
			<ymin>1452</ymin>
			<xmax>2893</xmax>
			<ymax>1820</ymax>
		</bndbox>
	</object>
	<object>
		<name>powerline</name>
		<pose>Unspecified</pose>
		<truncated>0</truncated>
		<difficult>0</difficult>
		<bndbox>
			<xmin>621</xmin>
			<ymin>7</ymin>
			<xmax>2066</xmax>
			<ymax>1375</ymax>
		</bndbox>
	</object>
	<object>
		<name>powerline</name>
		<pose>Unspecified</pose>
		<truncated>0</truncated>
		<difficult>0</difficult>
		<bndbox>
			<xmin>2734</xmin>
			<ymin>20</ymin>
			<xmax>3407</xmax>
			<ymax>893</ymax>
		</bndbox>
	</object>
	<object>
		<name>powerline</name>
		<pose>Unspecified</pose>
		<truncated>0</truncated>
		<difficult>0</difficult>
		<bndbox>
			<xmin>3643</xmin>
			<ymin>1202</ymin>
			<xmax>4343</xmax>
			<ymax>2330</ymax>
		</bndbox>
	</object>
	<object>
		<name>powerline</name>
		<pose>Unspecified</pose>
		<truncated>0</truncated>
		<difficult>0</difficult>
		<bndbox>
			<xmin>4375</xmin>
			<ymin>2384</ymin>
			<xmax>5157</xmax>
			<ymax>3602</ymax>
		</bndbox>
	</object>
	<object>
		<name>powerline</name>
		<pose>Unspecified</pose>
		<truncated>1</truncated>
		<difficult>0</difficult>
		<bndbox>
			<xmin>3998</xmin>
			<ymin>3120</ymin>
			<xmax>4565</xmax>
			<ymax>3888</ymax>
		</bndbox>
	</object>
	<object>
		<name>hammer</name>
		<pose>Unspecified</pose>
		<truncated>0</truncated>
		<difficult>0</difficult>
		<bndbox>
			<xmin>3678</xmin>
			<ymin>2761</ymin>
			<xmax>3728</xmax>
			<ymax>2824</ymax>
		</bndbox>
	</object>
	<object>
		<name>hammer</name>
		<pose>Unspecified</pose>
		<truncated>0</truncated>
		<difficult>0</difficult>
		<bndbox>
			<xmin>3909</xmin>
			<ymin>3018</ymin>
			<xmax>3959</xmax>
			<ymax>3080</ymax>
		</bndbox>
	</object>
	<object>
		<name>hammer</name>
		<pose>Unspecified</pose>
		<truncated>0</truncated>
		<difficult>0</difficult>
		<bndbox>
			<xmin>2932</xmin>
			<ymin>1972</ymin>
			<xmax>2980</xmax>
			<ymax>2036</ymax>
		</bndbox>
	</object>
	<object>
		<name>hammer</name>
		<pose>Unspecified</pose>
		<truncated>0</truncated>
		<difficult>0</difficult>
		<bndbox>
			<xmin>2668</xmin>
			<ymin>1684</ymin>
			<xmax>2728</xmax>
			<ymax>1745</ymax>
		</bndbox>
	</object>
	<object>
		<name>hammer</name>
		<pose>Unspecified</pose>
		<truncated>0</truncated>
		<difficult>0</difficult>
		<bndbox>
			<xmin>1737</xmin>
			<ymin>2918</ymin>
			<xmax>1795</xmax>
			<ymax>2984</ymax>
		</bndbox>
	</object>
	<object>
		<name>hammer</name>
		<pose>Unspecified</pose>
		<truncated>0</truncated>
		<difficult>0</difficult>
		<bndbox>
			<xmin>2055</xmin>
			<ymin>3168</ymin>
			<xmax>2112</xmax>
			<ymax>3230</ymax>
		</bndbox>
	</object>
</annotation>
