<annotation>
	<folder>0101</folder>
	<filename>311.JPG</filename>
	<path>/home/power/workspace/qj_power_images/img01/0101/311.JPG</path>
	<source>
		<database>Unknown</database>
	</source>
	<size>
		<width>5184</width>
		<height>3888</height>
		<depth>3</depth>
	</size>
	<segmented>0</segmented>
	<object>
		<name>powerline</name>
		<pose>Unspecified</pose>
		<truncated>0</truncated>
		<difficult>0</difficult>
		<bndbox>
			<xmin>2343</xmin>
			<ymin>2</ymin>
			<xmax>2548</xmax>
			<ymax>1661</ymax>
		</bndbox>
	</object>
	<object>
		<name>powerline</name>
		<pose>Unspecified</pose>
		<truncated>0</truncated>
		<difficult>0</difficult>
		<bndbox>
			<xmin>3066</xmin>
			<ymin>11</ymin>
			<xmax>3721</xmax>
			<ymax>1566</ymax>
		</bndbox>
	</object>
</annotation>
