<annotation>
	<folder>0101</folder>
	<filename>312.JPG</filename>
	<path>/home/power/workspace/qj_power_images/img01/0101/312.JPG</path>
	<source>
		<database>Unknown</database>
	</source>
	<size>
		<width>5184</width>
		<height>3888</height>
		<depth>3</depth>
	</size>
	<segmented>0</segmented>
	<object>
		<name>powerline</name>
		<pose>Unspecified</pose>
		<truncated>0</truncated>
		<difficult>0</difficult>
		<bndbox>
			<xmin>2193</xmin>
			<ymin>16</ymin>
			<xmax>2434</xmax>
			<ymax>1552</ymax>
		</bndbox>
	</object>
	<object>
		<name>powerline</name>
		<pose>Unspecified</pose>
		<truncated>0</truncated>
		<difficult>0</difficult>
		<bndbox>
			<xmin>2821</xmin>
			<ymin>20</ymin>
			<xmax>3457</xmax>
			<ymax>1552</ymax>
		</bndbox>
	</object>
	<object>
		<name>powerline</name>
		<pose>Unspecified</pose>
		<truncated>0</truncated>
		<difficult>0</difficult>
		<bndbox>
			<xmin>2575</xmin>
			<ymin>20</ymin>
			<xmax>2775</xmax>
			<ymax>1089</ymax>
		</bndbox>
	</object>
</annotation>
