<annotation>
	<folder>0101</folder>
	<filename>316.JPG</filename>
	<path>/home/power/workspace/qj_power_images/img01/0101/316.JPG</path>
	<source>
		<database>Unknown</database>
	</source>
	<size>
		<width>5184</width>
		<height>3888</height>
		<depth>3</depth>
	</size>
	<segmented>0</segmented>
	<object>
		<name>powerline</name>
		<pose>Unspecified</pose>
		<truncated>0</truncated>
		<difficult>0</difficult>
		<bndbox>
			<xmin>1025</xmin>
			<ymin>16</ymin>
			<xmax>1593</xmax>
			<ymax>789</ymax>
		</bndbox>
	</object>
	<object>
		<name>powerline</name>
		<pose>Unspecified</pose>
		<truncated>0</truncated>
		<difficult>0</difficult>
		<bndbox>
			<xmin>2257</xmin>
			<ymin>7</ymin>
			<xmax>2489</xmax>
			<ymax>989</ymax>
		</bndbox>
	</object>
	<object>
		<name>powerline</name>
		<pose>Unspecified</pose>
		<truncated>0</truncated>
		<difficult>0</difficult>
		<bndbox>
			<xmin>2839</xmin>
			<ymin>20</ymin>
			<xmax>3166</xmax>
			<ymax>1207</ymax>
		</bndbox>
	</object>
</annotation>
