<annotation>
	<folder>0101</folder>
	<filename>317.JPG</filename>
	<path>/home/power/workspace/qj_power_images/img01/0101/317.JPG</path>
	<source>
		<database>Unknown</database>
	</source>
	<size>
		<width>5184</width>
		<height>3888</height>
		<depth>3</depth>
	</size>
	<segmented>0</segmented>
	<object>
		<name>powerline</name>
		<pose>Unspecified</pose>
		<truncated>0</truncated>
		<difficult>0</difficult>
		<bndbox>
			<xmin>1607</xmin>
			<ymin>9</ymin>
			<xmax>1984</xmax>
			<ymax>1173</ymax>
		</bndbox>
	</object>
	<object>
		<name>powerline</name>
		<pose>Unspecified</pose>
		<truncated>1</truncated>
		<difficult>0</difficult>
		<bndbox>
			<xmin>2216</xmin>
			<ymin>1</ymin>
			<xmax>2484</xmax>
			<ymax>1384</ymax>
		</bndbox>
	</object>
	<object>
		<name>powerline</name>
		<pose>Unspecified</pose>
		<truncated>0</truncated>
		<difficult>0</difficult>
		<bndbox>
			<xmin>2712</xmin>
			<ymin>7</ymin>
			<xmax>2966</xmax>
			<ymax>934</ymax>
		</bndbox>
	</object>
</annotation>
