<annotation>
	<folder>0101</folder>
	<filename>321.JPG</filename>
	<path>/home/power/workspace/qj_power_images/img01/0101/321.JPG</path>
	<source>
		<database>Unknown</database>
	</source>
	<size>
		<width>5184</width>
		<height>3888</height>
		<depth>3</depth>
	</size>
	<segmented>0</segmented>
	<object>
		<name>powerline</name>
		<pose>Unspecified</pose>
		<truncated>0</truncated>
		<difficult>0</difficult>
		<bndbox>
			<xmin>953</xmin>
			<ymin>20</ymin>
			<xmax>1884</xmax>
			<ymax>1280</ymax>
		</bndbox>
	</object>
	<object>
		<name>powerline</name>
		<pose>Unspecified</pose>
		<truncated>0</truncated>
		<difficult>0</difficult>
		<bndbox>
			<xmin>2821</xmin>
			<ymin>20</ymin>
			<xmax>3053</xmax>
			<ymax>1120</ymax>
		</bndbox>
	</object>
	<object>
		<name>powerline</name>
		<pose>Unspecified</pose>
		<truncated>0</truncated>
		<difficult>0</difficult>
		<bndbox>
			<xmin>2312</xmin>
			<ymin>11</ymin>
			<xmax>2507</xmax>
			<ymax>1075</ymax>
		</bndbox>
	</object>
</annotation>
