<annotation>
	<folder>0101</folder>
	<filename>322.JPG</filename>
	<path>/home/power/workspace/qj_power_images/img01/0101/322.JPG</path>
	<source>
		<database>Unknown</database>
	</source>
	<size>
		<width>5184</width>
		<height>3888</height>
		<depth>3</depth>
	</size>
	<segmented>0</segmented>
	<object>
		<name>powerline</name>
		<pose>Unspecified</pose>
		<truncated>0</truncated>
		<difficult>0</difficult>
		<bndbox>
			<xmin>1062</xmin>
			<ymin>20</ymin>
			<xmax>1807</xmax>
			<ymax>1148</ymax>
		</bndbox>
	</object>
	<object>
		<name>powerline</name>
		<pose>Unspecified</pose>
		<truncated>0</truncated>
		<difficult>0</difficult>
		<bndbox>
			<xmin>2184</xmin>
			<ymin>16</ymin>
			<xmax>2475</xmax>
			<ymax>1152</ymax>
		</bndbox>
	</object>
</annotation>
