<annotation>
	<folder>0101</folder>
	<filename>326.JPG</filename>
	<path>/home/power/workspace/qj_power_images/img01/0101/326.JPG</path>
	<source>
		<database>Unknown</database>
	</source>
	<size>
		<width>5184</width>
		<height>3888</height>
		<depth>3</depth>
	</size>
	<segmented>0</segmented>
	<object>
		<name>powerline</name>
		<pose>Unspecified</pose>
		<truncated>0</truncated>
		<difficult>0</difficult>
		<bndbox>
			<xmin>825</xmin>
			<ymin>16</ymin>
			<xmax>1825</xmax>
			<ymax>1152</ymax>
		</bndbox>
	</object>
	<object>
		<name>powerline</name>
		<pose>Unspecified</pose>
		<truncated>0</truncated>
		<difficult>0</difficult>
		<bndbox>
			<xmin>2921</xmin>
			<ymin>16</ymin>
			<xmax>3280</xmax>
			<ymax>1207</ymax>
		</bndbox>
	</object>
</annotation>
