<annotation>
	<folder>0101</folder>
	<filename>327.JPG</filename>
	<path>/home/power/workspace/qj_power_images/img01/0101/327.JPG</path>
	<source>
		<database>Unknown</database>
	</source>
	<size>
		<width>5184</width>
		<height>3888</height>
		<depth>3</depth>
	</size>
	<segmented>0</segmented>
	<object>
		<name>powerline</name>
		<pose>Unspecified</pose>
		<truncated>0</truncated>
		<difficult>0</difficult>
		<bndbox>
			<xmin>1839</xmin>
			<ymin>20</ymin>
			<xmax>2293</xmax>
			<ymax>1230</ymax>
		</bndbox>
	</object>
	<object>
		<name>powerline</name>
		<pose>Unspecified</pose>
		<truncated>0</truncated>
		<difficult>0</difficult>
		<bndbox>
			<xmin>3189</xmin>
			<ymin>11</ymin>
			<xmax>3921</xmax>
			<ymax>1220</ymax>
		</bndbox>
	</object>
</annotation>
