<annotation>
	<folder>0101</folder>
	<filename>33.JPG</filename>
	<path>/home/power/workspace/qj_power_images/img01/0101/33.JPG</path>
	<source>
		<database>Unknown</database>
	</source>
	<size>
		<width>720</width>
		<height>960</height>
		<depth>3</depth>
	</size>
	<segmented>0</segmented>
	<object>
		<name>insulator</name>
		<pose>Unspecified</pose>
		<truncated>0</truncated>
		<difficult>0</difficult>
		<bndbox>
			<xmin>109</xmin>
			<ymin>315</ymin>
			<xmax>174</xmax>
			<ymax>380</ymax>
		</bndbox>
	</object>
	<object>
		<name>insulator</name>
		<pose>Unspecified</pose>
		<truncated>0</truncated>
		<difficult>0</difficult>
		<bndbox>
			<xmin>82</xmin>
			<ymin>458</ymin>
			<xmax>151</xmax>
			<ymax>523</ymax>
		</bndbox>
	</object>
	<object>
		<name>insulator</name>
		<pose>Unspecified</pose>
		<truncated>0</truncated>
		<difficult>0</difficult>
		<bndbox>
			<xmin>97</xmin>
			<ymin>619</ymin>
			<xmax>176</xmax>
			<ymax>685</ymax>
		</bndbox>
	</object>
	<object>
		<name>insulator</name>
		<pose>Unspecified</pose>
		<truncated>0</truncated>
		<difficult>0</difficult>
		<bndbox>
			<xmin>181</xmin>
			<ymin>632</ymin>
			<xmax>228</xmax>
			<ymax>705</ymax>
		</bndbox>
	</object>
	<object>
		<name>insulator</name>
		<pose>Unspecified</pose>
		<truncated>0</truncated>
		<difficult>0</difficult>
		<bndbox>
			<xmin>158</xmin>
			<ymin>475</ymin>
			<xmax>201</xmax>
			<ymax>543</ymax>
		</bndbox>
	</object>
	<object>
		<name>insulator</name>
		<pose>Unspecified</pose>
		<truncated>0</truncated>
		<difficult>0</difficult>
		<bndbox>
			<xmin>192</xmin>
			<ymin>198</ymin>
			<xmax>244</xmax>
			<ymax>247</ymax>
		</bndbox>
	</object>
</annotation>
