<annotation>
	<folder>0101</folder>
	<filename>331.JPG</filename>
	<path>/home/power/workspace/qj_power_images/img01/0101/331.JPG</path>
	<source>
		<database>Unknown</database>
	</source>
	<size>
		<width>5184</width>
		<height>3888</height>
		<depth>3</depth>
	</size>
	<segmented>0</segmented>
	<object>
		<name>powerline</name>
		<pose>Unspecified</pose>
		<truncated>0</truncated>
		<difficult>0</difficult>
		<bndbox>
			<xmin>1384</xmin>
			<ymin>20</ymin>
			<xmax>2084</xmax>
			<ymax>1520</ymax>
		</bndbox>
	</object>
	<object>
		<name>powerline</name>
		<pose>Unspecified</pose>
		<truncated>0</truncated>
		<difficult>0</difficult>
		<bndbox>
			<xmin>2803</xmin>
			<ymin>25</ymin>
			<xmax>3207</xmax>
			<ymax>1766</ymax>
		</bndbox>
	</object>
	<object>
		<name>powerline</name>
		<pose>Unspecified</pose>
		<truncated>0</truncated>
		<difficult>0</difficult>
		<bndbox>
			<xmin>2343</xmin>
			<ymin>16</ymin>
			<xmax>2557</xmax>
			<ymax>1525</ymax>
		</bndbox>
	</object>
</annotation>
