<annotation>
	<folder>0101</folder>
	<filename>332.JPG</filename>
	<path>/home/power/workspace/qj_power_images/img01/0101/332.JPG</path>
	<source>
		<database>Unknown</database>
	</source>
	<size>
		<width>5184</width>
		<height>3888</height>
		<depth>3</depth>
	</size>
	<segmented>0</segmented>
	<object>
		<name>powerline</name>
		<pose>Unspecified</pose>
		<truncated>0</truncated>
		<difficult>0</difficult>
		<bndbox>
			<xmin>2225</xmin>
			<ymin>34</ymin>
			<xmax>2484</xmax>
			<ymax>1370</ymax>
		</bndbox>
	</object>
	<object>
		<name>powerline</name>
		<pose>Unspecified</pose>
		<truncated>0</truncated>
		<difficult>0</difficult>
		<bndbox>
			<xmin>2807</xmin>
			<ymin>30</ymin>
			<xmax>2984</xmax>
			<ymax>1193</ymax>
		</bndbox>
	</object>
	<object>
		<name>powerline</name>
		<pose>Unspecified</pose>
		<truncated>0</truncated>
		<difficult>0</difficult>
		<bndbox>
			<xmin>3407</xmin>
			<ymin>7</ymin>
			<xmax>3834</xmax>
			<ymax>993</ymax>
		</bndbox>
	</object>
</annotation>
