<annotation>
	<folder>0101</folder>
	<filename>335.JPG</filename>
	<path>/home/power/workspace/qj_power_images/img01/0101/335.JPG</path>
	<source>
		<database>Unknown</database>
	</source>
	<size>
		<width>5184</width>
		<height>3888</height>
		<depth>3</depth>
	</size>
	<segmented>0</segmented>
	<object>
		<name>powerline</name>
		<pose>Unspecified</pose>
		<truncated>1</truncated>
		<difficult>0</difficult>
		<bndbox>
			<xmin>1</xmin>
			<ymin>1498</ymin>
			<xmax>1857</xmax>
			<ymax>1920</ymax>
		</bndbox>
	</object>
	<object>
		<name>powerline</name>
		<pose>Unspecified</pose>
		<truncated>0</truncated>
		<difficult>0</difficult>
		<bndbox>
			<xmin>25</xmin>
			<ymin>2607</ymin>
			<xmax>1648</xmax>
			<ymax>2848</ymax>
		</bndbox>
	</object>
	<object>
		<name>powerline</name>
		<pose>Unspecified</pose>
		<truncated>0</truncated>
		<difficult>0</difficult>
		<bndbox>
			<xmin>7</xmin>
			<ymin>2975</ymin>
			<xmax>1316</xmax>
			<ymax>3125</ymax>
		</bndbox>
	</object>
	<object>
		<name>powerline</name>
		<pose>Unspecified</pose>
		<truncated>0</truncated>
		<difficult>0</difficult>
		<bndbox>
			<xmin>25</xmin>
			<ymin>148</ymin>
			<xmax>3084</xmax>
			<ymax>1120</ymax>
		</bndbox>
	</object>
	<object>
		<name>powerline</name>
		<pose>Unspecified</pose>
		<truncated>0</truncated>
		<difficult>0</difficult>
		<bndbox>
			<xmin>3580</xmin>
			<ymin>1307</ymin>
			<xmax>5171</xmax>
			<ymax>1998</ymax>
		</bndbox>
	</object>
	<object>
		<name>powerline</name>
		<pose>Unspecified</pose>
		<truncated>0</truncated>
		<difficult>0</difficult>
		<bndbox>
			<xmin>3616</xmin>
			<ymin>1934</ymin>
			<xmax>5039</xmax>
			<ymax>2439</ymax>
		</bndbox>
	</object>
	<object>
		<name>powerline</name>
		<pose>Unspecified</pose>
		<truncated>1</truncated>
		<difficult>0</difficult>
		<bndbox>
			<xmin>3898</xmin>
			<ymin>2552</ymin>
			<xmax>5184</xmax>
			<ymax>3139</ymax>
		</bndbox>
	</object>
	<object>
		<name>powerline</name>
		<pose>Unspecified</pose>
		<truncated>0</truncated>
		<difficult>0</difficult>
		<bndbox>
			<xmin>4084</xmin>
			<ymin>3207</ymin>
			<xmax>5153</xmax>
			<ymax>3689</ymax>
		</bndbox>
	</object>
	<object>
		<name>hammer</name>
		<pose>Unspecified</pose>
		<truncated>0</truncated>
		<difficult>0</difficult>
		<bndbox>
			<xmin>3254</xmin>
			<ymin>2966</ymin>
			<xmax>3333</xmax>
			<ymax>3011</ymax>
		</bndbox>
	</object>
	<object>
		<name>hammer</name>
		<pose>Unspecified</pose>
		<truncated>0</truncated>
		<difficult>0</difficult>
		<bndbox>
			<xmin>3404</xmin>
			<ymin>2980</ymin>
			<xmax>3478</xmax>
			<ymax>3030</ymax>
		</bndbox>
	</object>
	<object>
		<name>insulator</name>
		<pose>Unspecified</pose>
		<truncated>0</truncated>
		<difficult>0</difficult>
		<bndbox>
			<xmin>2604</xmin>
			<ymin>1654</ymin>
			<xmax>2735</xmax>
			<ymax>2008</ymax>
		</bndbox>
	</object>
	<object>
		<name>insulator</name>
		<pose>Unspecified</pose>
		<truncated>0</truncated>
		<difficult>0</difficult>
		<bndbox>
			<xmin>1717</xmin>
			<ymin>2796</ymin>
			<xmax>1845</xmax>
			<ymax>3142</ymax>
		</bndbox>
	</object>
	<object>
		<name>insulator</name>
		<pose>Unspecified</pose>
		<truncated>0</truncated>
		<difficult>0</difficult>
		<bndbox>
			<xmin>3552</xmin>
			<ymin>2659</ymin>
			<xmax>3690</xmax>
			<ymax>3035</ymax>
		</bndbox>
	</object>
	<object>
		<name>hammer</name>
		<pose>Unspecified</pose>
		<truncated>0</truncated>
		<difficult>0</difficult>
		<bndbox>
			<xmin>1955</xmin>
			<ymin>3199</ymin>
			<xmax>2021</xmax>
			<ymax>3247</ymax>
		</bndbox>
	</object>
	<object>
		<name>hammer</name>
		<pose>Unspecified</pose>
		<truncated>0</truncated>
		<difficult>0</difficult>
		<bndbox>
			<xmin>2098</xmin>
			<ymin>3254</ymin>
			<xmax>2171</xmax>
			<ymax>3304</ymax>
		</bndbox>
	</object>
	<object>
		<name>hammer</name>
		<pose>Unspecified</pose>
		<truncated>0</truncated>
		<difficult>0</difficult>
		<bndbox>
			<xmin>3769</xmin>
			<ymin>3075</ymin>
			<xmax>3843</xmax>
			<ymax>3130</ymax>
		</bndbox>
	</object>
	<object>
		<name>hammer</name>
		<pose>Unspecified</pose>
		<truncated>0</truncated>
		<difficult>0</difficult>
		<bndbox>
			<xmin>3926</xmin>
			<ymin>3142</ymin>
			<xmax>4000</xmax>
			<ymax>3206</ymax>
		</bndbox>
	</object>
	<object>
		<name>hammer</name>
		<pose>Unspecified</pose>
		<truncated>0</truncated>
		<difficult>0</difficult>
		<bndbox>
			<xmin>2979</xmin>
			<ymin>2130</ymin>
			<xmax>3048</xmax>
			<ymax>2180</ymax>
		</bndbox>
	</object>
	<object>
		<name>hammer</name>
		<pose>Unspecified</pose>
		<truncated>0</truncated>
		<difficult>0</difficult>
		<bndbox>
			<xmin>2831</xmin>
			<ymin>2063</ymin>
			<xmax>2905</xmax>
			<ymax>2109</ymax>
		</bndbox>
	</object>
	<object>
		<name>hammer</name>
		<pose>Unspecified</pose>
		<truncated>0</truncated>
		<difficult>0</difficult>
		<bndbox>
			<xmin>2445</xmin>
			<ymin>1942</ymin>
			<xmax>2514</xmax>
			<ymax>1989</ymax>
		</bndbox>
	</object>
	<object>
		<name>hammer</name>
		<pose>Unspecified</pose>
		<truncated>0</truncated>
		<difficult>0</difficult>
		<bndbox>
			<xmin>2300</xmin>
			<ymin>1928</ymin>
			<xmax>2367</xmax>
			<ymax>1975</ymax>
		</bndbox>
	</object>
	<object>
		<name>powerline</name>
		<pose>Unspecified</pose>
		<truncated>0</truncated>
		<difficult>0</difficult>
		<bndbox>
			<xmin>3116</xmin>
			<ymin>3620</ymin>
			<xmax>3766</xmax>
			<ymax>3880</ymax>
		</bndbox>
	</object>
</annotation>
