<annotation>
	<folder>0101</folder>
	<filename>336.JPG</filename>
	<path>/home/power/workspace/qj_power_images/img01/0101/336.JPG</path>
	<source>
		<database>Unknown</database>
	</source>
	<size>
		<width>5184</width>
		<height>3888</height>
		<depth>3</depth>
	</size>
	<segmented>0</segmented>
	<object>
		<name>powerline</name>
		<pose>Unspecified</pose>
		<truncated>0</truncated>
		<difficult>0</difficult>
		<bndbox>
			<xmin>1280</xmin>
			<ymin>20</ymin>
			<xmax>2053</xmax>
			<ymax>1589</ymax>
		</bndbox>
	</object>
	<object>
		<name>powerline</name>
		<pose>Unspecified</pose>
		<truncated>1</truncated>
		<difficult>0</difficult>
		<bndbox>
			<xmin>2338</xmin>
			<ymin>1</ymin>
			<xmax>2603</xmax>
			<ymax>1684</ymax>
		</bndbox>
	</object>
</annotation>
