<annotation>
	<folder>0101</folder>
	<filename>337.JPG</filename>
	<path>/home/power/workspace/qj_power_images/img01/0101/337.JPG</path>
	<source>
		<database>Unknown</database>
	</source>
	<size>
		<width>5184</width>
		<height>3888</height>
		<depth>3</depth>
	</size>
	<segmented>0</segmented>
	<object>
		<name>powerline</name>
		<pose>Unspecified</pose>
		<truncated>0</truncated>
		<difficult>0</difficult>
		<bndbox>
			<xmin>2898</xmin>
			<ymin>25</ymin>
			<xmax>3634</xmax>
			<ymax>1507</ymax>
		</bndbox>
	</object>
	<object>
		<name>powerline</name>
		<pose>Unspecified</pose>
		<truncated>1</truncated>
		<difficult>0</difficult>
		<bndbox>
			<xmin>2139</xmin>
			<ymin>1</ymin>
			<xmax>2458</xmax>
			<ymax>1373</ymax>
		</bndbox>
	</object>
	<object>
		<name>powerline</name>
		<pose>Unspecified</pose>
		<truncated>0</truncated>
		<difficult>0</difficult>
		<bndbox>
			<xmin>2530</xmin>
			<ymin>20</ymin>
			<xmax>2843</xmax>
			<ymax>1384</ymax>
		</bndbox>
	</object>
</annotation>
