<annotation>
	<folder>0101</folder>
	<filename>340.JPG</filename>
	<path>/home/power/workspace/qj_power_images/img01/0101/340.JPG</path>
	<source>
		<database>Unknown</database>
	</source>
	<size>
		<width>5184</width>
		<height>3888</height>
		<depth>3</depth>
	</size>
	<segmented>0</segmented>
	<object>
		<name>powerline</name>
		<pose>Unspecified</pose>
		<truncated>0</truncated>
		<difficult>0</difficult>
		<bndbox>
			<xmin>2071</xmin>
			<ymin>25</ymin>
			<xmax>2421</xmax>
			<ymax>1252</ymax>
		</bndbox>
	</object>
	<object>
		<name>powerline</name>
		<pose>Unspecified</pose>
		<truncated>0</truncated>
		<difficult>0</difficult>
		<bndbox>
			<xmin>2853</xmin>
			<ymin>25</ymin>
			<xmax>3103</xmax>
			<ymax>1330</ymax>
		</bndbox>
	</object>
	<object>
		<name>powerline</name>
		<pose>Unspecified</pose>
		<truncated>0</truncated>
		<difficult>0</difficult>
		<bndbox>
			<xmin>2557</xmin>
			<ymin>11</ymin>
			<xmax>2712</xmax>
			<ymax>1148</ymax>
		</bndbox>
	</object>
</annotation>
