<annotation>
	<folder>0101</folder>
	<filename>341.JPG</filename>
	<path>/home/power/workspace/qj_power_images/img01/0101/341.JPG</path>
	<source>
		<database>Unknown</database>
	</source>
	<size>
		<width>5184</width>
		<height>3888</height>
		<depth>3</depth>
	</size>
	<segmented>0</segmented>
	<object>
		<name>powerline</name>
		<pose>Unspecified</pose>
		<truncated>0</truncated>
		<difficult>0</difficult>
		<bndbox>
			<xmin>2253</xmin>
			<ymin>7</ymin>
			<xmax>2589</xmax>
			<ymax>1302</ymax>
		</bndbox>
	</object>
	<object>
		<name>powerline</name>
		<pose>Unspecified</pose>
		<truncated>0</truncated>
		<difficult>0</difficult>
		<bndbox>
			<xmin>2948</xmin>
			<ymin>20</ymin>
			<xmax>3284</xmax>
			<ymax>1139</ymax>
		</bndbox>
	</object>
	<object>
		<name>powerline</name>
		<pose>Unspecified</pose>
		<truncated>0</truncated>
		<difficult>0</difficult>
		<bndbox>
			<xmin>2693</xmin>
			<ymin>7</ymin>
			<xmax>2816</xmax>
			<ymax>1175</ymax>
		</bndbox>
	</object>
</annotation>
