<annotation>
	<folder>0101</folder>
	<filename>343.JPG</filename>
	<path>/home/power/workspace/qj_power_images/img01/0101/343.JPG</path>
	<source>
		<database>Unknown</database>
	</source>
	<size>
		<width>5184</width>
		<height>3888</height>
		<depth>3</depth>
	</size>
	<segmented>0</segmented>
	<object>
		<name>powerline</name>
		<pose>Unspecified</pose>
		<truncated>0</truncated>
		<difficult>0</difficult>
		<bndbox>
			<xmin>1853</xmin>
			<ymin>11</ymin>
			<xmax>2448</xmax>
			<ymax>1270</ymax>
		</bndbox>
	</object>
	<object>
		<name>powerline</name>
		<pose>Unspecified</pose>
		<truncated>0</truncated>
		<difficult>0</difficult>
		<bndbox>
			<xmin>2716</xmin>
			<ymin>2</ymin>
			<xmax>2957</xmax>
			<ymax>725</ymax>
		</bndbox>
	</object>
	<object>
		<name>powerline</name>
		<pose>Unspecified</pose>
		<truncated>0</truncated>
		<difficult>0</difficult>
		<bndbox>
			<xmin>3362</xmin>
			<ymin>7</ymin>
			<xmax>3466</xmax>
			<ymax>1139</ymax>
		</bndbox>
	</object>
	<object>
		<name>powerline</name>
		<pose>Unspecified</pose>
		<truncated>0</truncated>
		<difficult>0</difficult>
		<bndbox>
			<xmin>2598</xmin>
			<ymin>1630</ymin>
			<xmax>2830</xmax>
			<ymax>2293</ymax>
		</bndbox>
	</object>
	<object>
		<name>powerline</name>
		<pose>Unspecified</pose>
		<truncated>0</truncated>
		<difficult>0</difficult>
		<bndbox>
			<xmin>3312</xmin>
			<ymin>1625</ymin>
			<xmax>3503</xmax>
			<ymax>2375</ymax>
		</bndbox>
	</object>
	<object>
		<name>insulator</name>
		<pose>Unspecified</pose>
		<truncated>0</truncated>
		<difficult>0</difficult>
		<bndbox>
			<xmin>2576</xmin>
			<ymin>1413</ymin>
			<xmax>2626</xmax>
			<ymax>1568</ymax>
		</bndbox>
	</object>
	<object>
		<name>insulator</name>
		<pose>Unspecified</pose>
		<truncated>0</truncated>
		<difficult>0</difficult>
		<bndbox>
			<xmin>2971</xmin>
			<ymin>928</ymin>
			<xmax>3019</xmax>
			<ymax>1085</ymax>
		</bndbox>
	</object>
	<object>
		<name>insulator</name>
		<pose>Unspecified</pose>
		<truncated>0</truncated>
		<difficult>0</difficult>
		<bndbox>
			<xmin>3379</xmin>
			<ymin>1397</ymin>
			<xmax>3433</xmax>
			<ymax>1568</ymax>
		</bndbox>
	</object>
</annotation>
