<annotation>
  <folder>0101</folder>
  <filename>344.JPG</filename>
  <path> </path>
  <source>
    <database>Unknown</database>
  </source>
  <size>
    <width>5184</width>
    <height>3888</height>
    <depth>3</depth>
  </size>
  <segmented>0</segmented>
  <object>
    <name>powerline</name>
    <pose>Unspecified</pose>
    <truncated>0</truncated>
    <difficult>0</difficult>
    <bndbox>
      <xmin>307</xmin>
      <ymin>34</ymin>
      <xmax>1662</xmax>
      <ymax>2761</ymax>
    </bndbox>
  </object>
  <object>
    <name>powerline</name>
    <pose>Unspecified</pose>
    <truncated>0</truncated>
    <difficult>0</difficult>
    <bndbox>
      <xmin>2394</xmin>
      <ymin>1</ymin>
      <xmax>2658</xmax>
      <ymax>991</ymax>
    </bndbox>
  </object>
  <object>
    <name>powerline</name>
    <pose>Unspecified</pose>
    <truncated>0</truncated>
    <difficult>0</difficult>
    <bndbox>
      <xmin>1743</xmin>
      <ymin>16</ymin>
      <xmax>1989</xmax>
      <ymax>743</ymax>
    </bndbox>
  </object>
  <object>
    <name>powerline</name>
    <pose>Unspecified</pose>
    <truncated>0</truncated>
    <difficult>0</difficult>
    <bndbox>
      <xmin>1766</xmin>
      <ymin>3093</ymin>
      <xmax>2027</xmax>
      <ymax>3888</ymax>
    </bndbox>
  </object>
  <object>
    <name>insulator</name>
    <pose>Unspecified</pose>
    <truncated>0</truncated>
    <difficult>0</difficult>
    <bndbox>
      <xmin>1698</xmin>
      <ymin>2548</ymin>
      <xmax>1834</xmax>
      <ymax>2957</ymax>
    </bndbox>
  </object>
  <object>
    <name>insulator</name>
    <pose>Unspecified</pose>
    <truncated>0</truncated>
    <difficult>0</difficult>
    <bndbox>
      <xmin>2699</xmin>
      <ymin>1312</ymin>
      <xmax>2844</xmax>
      <ymax>1702</ymax>
    </bndbox>
  </object>
  <object>
    <name>powerline</name>
    <pose>Unspecified</pose>
    <truncated>0</truncated>
    <difficult>0</difficult>
    <bndbox>
      <xmin>3780</xmin>
      <ymin>1</ymin>
      <xmax>3893</xmax>
      <ymax>2043</ymax>
    </bndbox>
  </object>
  <object>
    <name>powerline</name>
    <pose>Unspecified</pose>
    <truncated>0</truncated>
    <difficult>0</difficult>
    <bndbox>
      <xmin>3549</xmin>
      <ymin>2521</ymin>
      <xmax>3667</xmax>
      <ymax>3884</ymax>
    </bndbox>
  </object>
  <object>
    <name>powerline</name>
    <pose>Unspecified</pose>
    <truncated>0</truncated>
    <difficult>0</difficult>
    <bndbox>
      <xmin>3761</xmin>
      <ymin>3080</ymin>
      <xmax>3843</xmax>
      <ymax>3888</ymax>
    </bndbox>
  </object>
</annotation>
