<annotation>
	<folder>0101</folder>
	<filename>345.JPG</filename>
	<path>/home/power/workspace/qj_power_images/img01/0101/345.JPG</path>
	<source>
		<database>Unknown</database>
	</source>
	<size>
		<width>5184</width>
		<height>3888</height>
		<depth>3</depth>
	</size>
	<segmented>0</segmented>
	<object>
		<name>powerline</name>
		<pose>Unspecified</pose>
		<truncated>0</truncated>
		<difficult>0</difficult>
		<bndbox>
			<xmin>1634</xmin>
			<ymin>11</ymin>
			<xmax>2116</xmax>
			<ymax>1166</ymax>
		</bndbox>
	</object>
	<object>
		<name>powerline</name>
		<pose>Unspecified</pose>
		<truncated>0</truncated>
		<difficult>0</difficult>
		<bndbox>
			<xmin>2230</xmin>
			<ymin>20</ymin>
			<xmax>2484</xmax>
			<ymax>1216</ymax>
		</bndbox>
	</object>
	<object>
		<name>powerline</name>
		<pose>Unspecified</pose>
		<truncated>1</truncated>
		<difficult>0</difficult>
		<bndbox>
			<xmin>2634</xmin>
			<ymin>1</ymin>
			<xmax>2775</xmax>
			<ymax>1360</ymax>
		</bndbox>
	</object>
</annotation>
