<annotation>
	<folder>0101</folder>
	<filename>346.JPG</filename>
	<path>/home/power/workspace/qj_power_images/img01/0101/346.JPG</path>
	<source>
		<database>Unknown</database>
	</source>
	<size>
		<width>5184</width>
		<height>3888</height>
		<depth>3</depth>
	</size>
	<segmented>0</segmented>
	<object>
		<name>powerline</name>
		<pose>Unspecified</pose>
		<truncated>0</truncated>
		<difficult>0</difficult>
		<bndbox>
			<xmin>2171</xmin>
			<ymin>7</ymin>
			<xmax>2362</xmax>
			<ymax>1539</ymax>
		</bndbox>
	</object>
	<object>
		<name>powerline</name>
		<pose>Unspecified</pose>
		<truncated>0</truncated>
		<difficult>0</difficult>
		<bndbox>
			<xmin>2480</xmin>
			<ymin>7</ymin>
			<xmax>2657</xmax>
			<ymax>1130</ymax>
		</bndbox>
	</object>
	<object>
		<name>powerline</name>
		<pose>Unspecified</pose>
		<truncated>0</truncated>
		<difficult>0</difficult>
		<bndbox>
			<xmin>2784</xmin>
			<ymin>16</ymin>
			<xmax>3280</xmax>
			<ymax>1211</ymax>
		</bndbox>
	</object>
</annotation>
