<annotation>
	<folder>images</folder>
	<filename>349.JPG</filename>
	<path>E:\stu_four\能讯实习\备份\images\349.JPG</path>
	<source>
		<database>Unknown</database>
	</source>
	<size>
		<width>4608</width>
		<height>3456</height>
		<depth>3</depth>
	</size>
	<segmented>0</segmented>
	<object>
		<name>insulator</name>
		<pose>Unspecified</pose>
		<truncated>0</truncated>
		<difficult>0</difficult>
		<bndbox>
			<xmin>1849</xmin>
			<ymin>1708</ymin>
			<xmax>1999</xmax>
			<ymax>1781</ymax>
		</bndbox>
	</object>
	<object>
		<name>insulator</name>
		<pose>Unspecified</pose>
		<truncated>0</truncated>
		<difficult>0</difficult>
		<bndbox>
			<xmin>1733</xmin>
			<ymin>2024</ymin>
			<xmax>1899</xmax>
			<ymax>2094</ymax>
		</bndbox>
	</object>
	<object>
		<name>insulator</name>
		<pose>Unspecified</pose>
		<truncated>0</truncated>
		<difficult>0</difficult>
		<bndbox>
			<xmin>1694</xmin>
			<ymin>2433</ymin>
			<xmax>1849</xmax>
			<ymax>2499</ymax>
		</bndbox>
	</object>
	<object>
		<name>insulator</name>
		<pose>Unspecified</pose>
		<truncated>0</truncated>
		<difficult>0</difficult>
		<bndbox>
			<xmin>2410</xmin>
			<ymin>1924</ymin>
			<xmax>2574</xmax>
			<ymax>1969</ymax>
		</bndbox>
	</object>
	<object>
		<name>insulator</name>
		<pose>Unspecified</pose>
		<truncated>0</truncated>
		<difficult>0</difficult>
		<bndbox>
			<xmin>2449</xmin>
			<ymin>2290</ymin>
			<xmax>2604</xmax>
			<ymax>2344</ymax>
		</bndbox>
	</object>
	<object>
		<name>insulator</name>
		<pose>Unspecified</pose>
		<truncated>0</truncated>
		<difficult>0</difficult>
		<bndbox>
			<xmin>2422</xmin>
			<ymin>2626</ymin>
			<xmax>2599</xmax>
			<ymax>2688</ymax>
		</bndbox>
	</object>
	<object>
		<name>insulator</name>
		<pose>Unspecified</pose>
		<truncated>0</truncated>
		<difficult>0</difficult>
		<bndbox>
			<xmin>1956</xmin>
			<ymin>2656</ymin>
			<xmax>2126</xmax>
			<ymax>2747</ymax>
		</bndbox>
	</object>
	<object>
		<name>hammer</name>
		<pose>Unspecified</pose>
		<truncated>0</truncated>
		<difficult>0</difficult>
		<bndbox>
			<xmin>1547</xmin>
			<ymin>2135</ymin>
			<xmax>1604</xmax>
			<ymax>2165</ymax>
		</bndbox>
	</object>
	<object>
		<name>hammer</name>
		<pose>Unspecified</pose>
		<truncated>0</truncated>
		<difficult>0</difficult>
		<bndbox>
			<xmin>1656</xmin>
			<ymin>1819</ymin>
			<xmax>1710</xmax>
			<ymax>1854</ymax>
		</bndbox>
	</object>
	<object>
		<name>hammer</name>
		<pose>Unspecified</pose>
		<truncated>0</truncated>
		<difficult>0</difficult>
		<bndbox>
			<xmin>1485</xmin>
			<ymin>2533</ymin>
			<xmax>1551</xmax>
			<ymax>2567</ymax>
		</bndbox>
	</object>
	<object>
		<name>hammer</name>
		<pose>Unspecified</pose>
		<truncated>0</truncated>
		<difficult>0</difficult>
		<bndbox>
			<xmin>1776</xmin>
			<ymin>2756</ymin>
			<xmax>1832</xmax>
			<ymax>2783</ymax>
		</bndbox>
	</object>
	<object>
		<name>hammer</name>
		<pose>Unspecified</pose>
		<truncated>0</truncated>
		<difficult>0</difficult>
		<bndbox>
			<xmin>2490</xmin>
			<ymin>1677</ymin>
			<xmax>2561</xmax>
			<ymax>1704</ymax>
		</bndbox>
	</object>
	<object>
		<name>hammer</name>
		<pose>Unspecified</pose>
		<truncated>0</truncated>
		<difficult>0</difficult>
		<bndbox>
			<xmin>2624</xmin>
			<ymin>1672</ymin>
			<xmax>2694</xmax>
			<ymax>1701</ymax>
		</bndbox>
	</object>
	<object>
		<name>hammer</name>
		<pose>Unspecified</pose>
		<truncated>0</truncated>
		<difficult>0</difficult>
		<bndbox>
			<xmin>2713</xmin>
			<ymin>1947</ymin>
			<xmax>2783</xmax>
			<ymax>1972</ymax>
		</bndbox>
	</object>
	<object>
		<name>hammer</name>
		<pose>Unspecified</pose>
		<truncated>0</truncated>
		<difficult>0</difficult>
		<bndbox>
			<xmin>2815</xmin>
			<ymin>1949</ymin>
			<xmax>2883</xmax>
			<ymax>1976</ymax>
		</bndbox>
	</object>
	<object>
		<name>hammer</name>
		<pose>Unspecified</pose>
		<truncated>0</truncated>
		<difficult>0</difficult>
		<bndbox>
			<xmin>2463</xmin>
			<ymin>2004</ymin>
			<xmax>2529</xmax>
			<ymax>2031</ymax>
		</bndbox>
	</object>
	<object>
		<name>hammer</name>
		<pose>Unspecified</pose>
		<truncated>0</truncated>
		<difficult>0</difficult>
		<bndbox>
			<xmin>2617</xmin>
			<ymin>2004</ymin>
			<xmax>2692</xmax>
			<ymax>2029</ymax>
		</bndbox>
	</object>
	<object>
		<name>hammer</name>
		<pose>Unspecified</pose>
		<truncated>0</truncated>
		<difficult>0</difficult>
		<bndbox>
			<xmin>2754</xmin>
			<ymin>2322</ymin>
			<xmax>2817</xmax>
			<ymax>2351</ymax>
		</bndbox>
	</object>
	<object>
		<name>hammer</name>
		<pose>Unspecified</pose>
		<truncated>0</truncated>
		<difficult>0</difficult>
		<bndbox>
			<xmin>2863</xmin>
			<ymin>2324</ymin>
			<xmax>2935</xmax>
			<ymax>2349</ymax>
		</bndbox>
	</object>
	<object>
		<name>hammer</name>
		<pose>Unspecified</pose>
		<truncated>0</truncated>
		<difficult>0</difficult>
		<bndbox>
			<xmin>2492</xmin>
			<ymin>2424</ymin>
			<xmax>2563</xmax>
			<ymax>2449</ymax>
		</bndbox>
	</object>
	<object>
		<name>hammer</name>
		<pose>Unspecified</pose>
		<truncated>0</truncated>
		<difficult>0</difficult>
		<bndbox>
			<xmin>2656</xmin>
			<ymin>2426</ymin>
			<xmax>2729</xmax>
			<ymax>2456</ymax>
		</bndbox>
	</object>
	<object>
		<name>hammer</name>
		<pose>Unspecified</pose>
		<truncated>0</truncated>
		<difficult>0</difficult>
		<bndbox>
			<xmin>2756</xmin>
			<ymin>2672</ymin>
			<xmax>2819</xmax>
			<ymax>2694</ymax>
		</bndbox>
	</object>
	<object>
		<name>hammer</name>
		<pose>Unspecified</pose>
		<truncated>0</truncated>
		<difficult>0</difficult>
		<bndbox>
			<xmin>2858</xmin>
			<ymin>2676</ymin>
			<xmax>2929</xmax>
			<ymax>2704</ymax>
		</bndbox>
	</object>
	<object>
		<name>powerline</name>
		<pose>Unspecified</pose>
		<truncated>0</truncated>
		<difficult>0</difficult>
		<bndbox>
			<xmin>749</xmin>
			<ymin>1861</ymin>
			<xmax>1587</xmax>
			<ymax>2154</ymax>
		</bndbox>
	</object>
	<object>
		<name>powerline</name>
		<pose>Unspecified</pose>
		<truncated>0</truncated>
		<difficult>0</difficult>
		<bndbox>
			<xmin>715</xmin>
			<ymin>2176</ymin>
			<xmax>1454</xmax>
			<ymax>2447</ymax>
		</bndbox>
	</object>
	<object>
		<name>powerline</name>
		<pose>Unspecified</pose>
		<truncated>0</truncated>
		<difficult>0</difficult>
		<bndbox>
			<xmin>765</xmin>
			<ymin>2540</ymin>
			<xmax>1456</xmax>
			<ymax>2763</ymax>
		</bndbox>
	</object>
	<object>
		<name>powerline</name>
		<pose>Unspecified</pose>
		<truncated>0</truncated>
		<difficult>0</difficult>
		<bndbox>
			<xmin>740</xmin>
			<ymin>2779</ymin>
			<xmax>1713</xmax>
			<ymax>3026</ymax>
		</bndbox>
	</object>
	<object>
		<name>powerline</name>
		<pose>Unspecified</pose>
		<truncated>0</truncated>
		<difficult>0</difficult>
		<bndbox>
			<xmin>2283</xmin>
			<ymin>1342</ymin>
			<xmax>3247</xmax>
			<ymax>1431</ymax>
		</bndbox>
	</object>
	<object>
		<name>powerline</name>
		<pose>Unspecified</pose>
		<truncated>0</truncated>
		<difficult>0</difficult>
		<bndbox>
			<xmin>2735</xmin>
			<ymin>1656</ymin>
			<xmax>3299</xmax>
			<ymax>1722</ymax>
		</bndbox>
	</object>
	<object>
		<name>powerline</name>
		<pose>Unspecified</pose>
		<truncated>0</truncated>
		<difficult>0</difficult>
		<bndbox>
			<xmin>2929</xmin>
			<ymin>1985</ymin>
			<xmax>3326</xmax>
			<ymax>2022</ymax>
		</bndbox>
	</object>
	<object>
		<name>powerline</name>
		<pose>Unspecified</pose>
		<truncated>0</truncated>
		<difficult>0</difficult>
		<bndbox>
			<xmin>2776</xmin>
			<ymin>2413</ymin>
			<xmax>3338</xmax>
			<ymax>2467</ymax>
		</bndbox>
	</object>
	<object>
		<name>hammer</name>
		<pose>Unspecified</pose>
		<truncated>0</truncated>
		<difficult>0</difficult>
		<bndbox>
			<xmin>2379</xmin>
			<ymin>1559</ymin>
			<xmax>2431</xmax>
			<ymax>1585</ymax>
		</bndbox>
	</object>
	<object>
		<name>hammer</name>
		<pose>Unspecified</pose>
		<truncated>0</truncated>
		<difficult>0</difficult>
		<bndbox>
			<xmin>2444</xmin>
			<ymin>1556</ymin>
			<xmax>2488</xmax>
			<ymax>1583</ymax>
		</bndbox>
	</object>
</annotation>
