<annotation>
	<folder>0101</folder>
	<filename>35.JPG</filename>
	<path>/home/power/workspace/qj_power_images/img01/0101/35.JPG</path>
	<source>
		<database>Unknown</database>
	</source>
	<size>
		<width>720</width>
		<height>960</height>
		<depth>3</depth>
	</size>
	<segmented>0</segmented>
	<object>
		<name>powerline</name>
		<pose>Unspecified</pose>
		<truncated>1</truncated>
		<difficult>0</difficult>
		<bndbox>
			<xmin>315</xmin>
			<ymin>1</ymin>
			<xmax>393</xmax>
			<ymax>201</ymax>
		</bndbox>
	</object>
	<object>
		<name>powerline</name>
		<pose>Unspecified</pose>
		<truncated>1</truncated>
		<difficult>0</difficult>
		<bndbox>
			<xmin>399</xmin>
			<ymin>1</ymin>
			<xmax>491</xmax>
			<ymax>200</ymax>
		</bndbox>
	</object>
</annotation>
