<annotation>
  <folder>images</folder>
  <filename>354.JPG</filename>
  <path> </path>
  <source>
    <database>Unknown</database>
  </source>
  <size>
    <width>5184</width>
    <height>3888</height>
    <depth>3</depth>
  </size>
  <segmented>0</segmented>
  <object>
    <name>insulator</name>
    <pose>Unspecified</pose>
    <truncated>0</truncated>
    <difficult>0</difficult>
    <bndbox>
      <xmin>2745</xmin>
      <ymin>1359</ymin>
      <xmax>2964</xmax>
      <ymax>2015</ymax>
    </bndbox>
  </object>
  <object>
    <name>insulator</name>
    <pose>Unspecified</pose>
    <truncated>0</truncated>
    <difficult>0</difficult>
    <bndbox>
      <xmin>4276</xmin>
      <ymin>2847</ymin>
      <xmax>4495</xmax>
      <ymax>3597</ymax>
    </bndbox>
  </object>
  <object>
    <name>insulator</name>
    <pose>Unspecified</pose>
    <truncated>0</truncated>
    <difficult>0</difficult>
    <bndbox>
      <xmin>1314</xmin>
      <ymin>2897</ymin>
      <xmax>1482</xmax>
      <ymax>3647</ymax>
    </bndbox>
  </object>
  <object>
    <name>hammer</name>
    <pose>Unspecified</pose>
    <truncated>0</truncated>
    <difficult>0</difficult>
    <bndbox>
      <xmin>1256</xmin>
      <ymin>3177</ymin>
      <xmax>1317</xmax>
      <ymax>3333</ymax>
    </bndbox>
  </object>
  <object>
    <name>hammer</name>
    <pose>Unspecified</pose>
    <truncated>0</truncated>
    <difficult>0</difficult>
    <bndbox>
      <xmin>1765</xmin>
      <ymin>795</ymin>
      <xmax>1828</xmax>
      <ymax>898</ymax>
    </bndbox>
  </object>
  <object>
    <name>hammer</name>
    <pose>Unspecified</pose>
    <truncated>0</truncated>
    <difficult>0</difficult>
    <bndbox>
      <xmin>1795</xmin>
      <ymin>967</ymin>
      <xmax>1849</xmax>
      <ymax>1094</ymax>
    </bndbox>
  </object>
  <object>
    <name>hammer</name>
    <pose>Unspecified</pose>
    <truncated>0</truncated>
    <difficult>0</difficult>
    <bndbox>
      <xmin>1750</xmin>
      <ymin>596</ymin>
      <xmax>1788</xmax>
      <ymax>650</ymax>
    </bndbox>
  </object>
  <object>
    <name>hammer</name>
    <pose>Unspecified</pose>
    <truncated>0</truncated>
    <difficult>0</difficult>
    <bndbox>
      <xmin>2842</xmin>
      <ymin>2265</ymin>
      <xmax>2902</xmax>
      <ymax>2397</ymax>
    </bndbox>
  </object>
  <object>
    <name>hammer</name>
    <pose>Unspecified</pose>
    <truncated>0</truncated>
    <difficult>0</difficult>
    <bndbox>
      <xmin>3852</xmin>
      <ymin>995</ymin>
      <xmax>3907</xmax>
      <ymax>1119</ymax>
    </bndbox>
  </object>
  <object>
    <name>powerline</name>
    <pose>Unspecified</pose>
    <truncated>0</truncated>
    <difficult>0</difficult>
    <bndbox>
      <xmin>269</xmin>
      <ymin>2</ymin>
      <xmax>1179</xmax>
      <ymax>2230</ymax>
    </bndbox>
  </object>
  <object>
    <name>powerline</name>
    <pose>Unspecified</pose>
    <truncated>0</truncated>
    <difficult>0</difficult>
    <bndbox>
      <xmin>2669</xmin>
      <ymin>3</ymin>
      <xmax>2932</xmax>
      <ymax>957</ymax>
    </bndbox>
  </object>
  <object>
    <name>powerline</name>
    <pose>Unspecified</pose>
    <truncated>0</truncated>
    <difficult>0</difficult>
    <bndbox>
      <xmin>3850</xmin>
      <ymin>12</ymin>
      <xmax>4014</xmax>
      <ymax>639</ymax>
    </bndbox>
  </object>
  <object>
    <name>powerline</name>
    <pose>Unspecified</pose>
    <truncated>0</truncated>
    <difficult>0</difficult>
    <bndbox>
      <xmin>4478</xmin>
      <ymin>21</ymin>
      <xmax>5114</xmax>
      <ymax>2639</ymax>
    </bndbox>
  </object>
  <object>
    <name>powerline</name>
    <pose>Unspecified</pose>
    <truncated>0</truncated>
    <difficult>0</difficult>
    <bndbox>
      <xmin>1869</xmin>
      <ymin>1766</ymin>
      <xmax>2032</xmax>
      <ymax>2430</ymax>
    </bndbox>
  </object>
  <object>
    <name>powerline</name>
    <pose>Unspecified</pose>
    <truncated>0</truncated>
    <difficult>0</difficult>
    <bndbox>
      <xmin>3781</xmin>
      <ymin>1700</ymin>
      <xmax>3897</xmax>
      <ymax>2326</ymax>
    </bndbox>
  </object>
  <object>
    <name>powerline</name>
    <pose>Unspecified</pose>
    <truncated>0</truncated>
    <difficult>0</difficult>
    <bndbox>
      <xmin>3671</xmin>
      <ymin>3023</ymin>
      <xmax>3819</xmax>
      <ymax>3710</ymax>
    </bndbox>
  </object>
</annotation>
