<annotation>
	<folder>images</folder>
	<filename>355.JPG</filename>
	<path>E:\stu_four\能讯实习\备份\images\355.JPG</path>
	<source>
		<database>Unknown</database>
	</source>
	<size>
		<width>5184</width>
		<height>3888</height>
		<depth>3</depth>
	</size>
	<segmented>0</segmented>
	<object>
		<name>powerline</name>
		<pose>Unspecified</pose>
		<truncated>0</truncated>
		<difficult>0</difficult>
		<bndbox>
			<xmin>1605</xmin>
			<ymin>11</ymin>
			<xmax>1972</xmax>
			<ymax>758</ymax>
		</bndbox>
	</object>
	<object>
		<name>powerline</name>
		<pose>Unspecified</pose>
		<truncated>1</truncated>
		<difficult>0</difficult>
		<bndbox>
			<xmin>2186</xmin>
			<ymin>1</ymin>
			<xmax>2514</xmax>
			<ymax>753</ymax>
		</bndbox>
	</object>
	<object>
		<name>powerline</name>
		<pose>Unspecified</pose>
		<truncated>1</truncated>
		<difficult>0</difficult>
		<bndbox>
			<xmin>2647</xmin>
			<ymin>1</ymin>
			<xmax>2799</xmax>
			<ymax>787</ymax>
		</bndbox>
	</object>
	<object>
		<name>powerline</name>
		<pose>Unspecified</pose>
		<truncated>0</truncated>
		<difficult>0</difficult>
		<bndbox>
			<xmin>2476</xmin>
			<ymin>1003</ymin>
			<xmax>2582</xmax>
			<ymax>1422</ymax>
		</bndbox>
	</object>
	<object>
		<name>powerline</name>
		<pose>Unspecified</pose>
		<truncated>0</truncated>
		<difficult>0</difficult>
		<bndbox>
			<xmin>2726</xmin>
			<ymin>972</ymin>
			<xmax>2814</xmax>
			<ymax>1534</ymax>
		</bndbox>
	</object>
	<object>
		<name>powerline</name>
		<pose>Unspecified</pose>
		<truncated>0</truncated>
		<difficult>0</difficult>
		<bndbox>
			<xmin>2051</xmin>
			<ymin>959</ymin>
			<xmax>2357</xmax>
			<ymax>1590</ymax>
		</bndbox>
	</object>
</annotation>
