<annotation verified="yes">
	<folder>images</folder>
	<filename>361.JPG</filename>
	<path>E:\stu_four\能讯实习\备份\images\361.JPG</path>
	<source>
		<database>Unknown</database>
	</source>
	<size>
		<width>5184</width>
		<height>3888</height>
		<depth>3</depth>
	</size>
	<segmented>0</segmented>
	<object>
		<name>powerline</name>
		<pose>Unspecified</pose>
		<truncated>0</truncated>
		<difficult>0</difficult>
		<bndbox>
			<xmin>2514</xmin>
			<ymin>3</ymin>
			<xmax>2645</xmax>
			<ymax>822</ymax>
		</bndbox>
	</object>
	<object>
		<name>powerline</name>
		<pose>Unspecified</pose>
		<truncated>0</truncated>
		<difficult>0</difficult>
		<bndbox>
			<xmin>2789</xmin>
			<ymin>15</ymin>
			<xmax>2901</xmax>
			<ymax>884</ymax>
		</bndbox>
	</object>
	<object>
		<name>powerline</name>
		<pose>Unspecified</pose>
		<truncated>0</truncated>
		<difficult>0</difficult>
		<bndbox>
			<xmin>3051</xmin>
			<ymin>9</ymin>
			<xmax>3232</xmax>
			<ymax>665</ymax>
		</bndbox>
	</object>
	<object>
		<name>powerline</name>
		<pose>Unspecified</pose>
		<truncated>0</truncated>
		<difficult>0</difficult>
		<bndbox>
			<xmin>2982</xmin>
			<ymin>3</ymin>
			<xmax>3570</xmax>
			<ymax>697</ymax>
		</bndbox>
	</object>
</annotation>
