<annotation>
  <folder>images</folder>
  <filename>363.JPG</filename>
  <path> </path>
  <source>
    <database>Unknown</database>
  </source>
  <size>
    <width>5184</width>
    <height>3888</height>
    <depth>3</depth>
  </size>
  <segmented>0</segmented>
  <object>
    <name>hammer</name>
    <pose>Unspecified</pose>
    <truncated>0</truncated>
    <difficult>0</difficult>
    <bndbox>
      <xmin>2687</xmin>
      <ymin>760</ymin>
      <xmax>2715</xmax>
      <ymax>813</ymax>
    </bndbox>
  </object>
  <object>
    <name>insulator</name>
    <pose>Unspecified</pose>
    <truncated>0</truncated>
    <difficult>0</difficult>
    <bndbox>
      <xmin>2721</xmin>
      <ymin>723</ymin>
      <xmax>2761</xmax>
      <ymax>865</ymax>
    </bndbox>
  </object>
  <object>
    <name>hammer</name>
    <pose>Unspecified</pose>
    <truncated>0</truncated>
    <difficult>0</difficult>
    <bndbox>
      <xmin>2763</xmin>
      <ymin>924</ymin>
      <xmax>2792</xmax>
      <ymax>981</ymax>
    </bndbox>
  </object>
  <object>
    <name>hammer</name>
    <pose>Unspecified</pose>
    <truncated>0</truncated>
    <difficult>0</difficult>
    <bndbox>
      <xmin>2324</xmin>
      <ymin>1211</ymin>
      <xmax>2344</xmax>
      <ymax>1239</ymax>
    </bndbox>
  </object>
  <object>
    <name>hammer</name>
    <pose>Unspecified</pose>
    <truncated>0</truncated>
    <difficult>0</difficult>
    <bndbox>
      <xmin>2425</xmin>
      <ymin>1344</ymin>
      <xmax>2449</xmax>
      <ymax>1369</ymax>
    </bndbox>
  </object>
  <object>
    <name>hammer</name>
    <pose>Unspecified</pose>
    <truncated>0</truncated>
    <difficult>0</difficult>
    <bndbox>
      <xmin>3042</xmin>
      <ymin>1161</ymin>
      <xmax>3059</xmax>
      <ymax>1192</ymax>
    </bndbox>
  </object>
  <object>
    <name>hammer</name>
    <pose>Unspecified</pose>
    <truncated>0</truncated>
    <difficult>0</difficult>
    <bndbox>
      <xmin>3104</xmin>
      <ymin>1307</ymin>
      <xmax>3119</xmax>
      <ymax>1338</ymax>
    </bndbox>
  </object>
  <object>
    <name>insulator</name>
    <pose>Unspecified</pose>
    <truncated>0</truncated>
    <difficult>0</difficult>
    <bndbox>
      <xmin>3063</xmin>
      <ymin>1103</ymin>
      <xmax>3101</xmax>
      <ymax>1241</ymax>
    </bndbox>
  </object>
  <object>
    <name>powerline</name>
    <pose>Unspecified</pose>
    <truncated>0</truncated>
    <difficult>0</difficult>
    <bndbox>
      <xmin>1904</xmin>
      <ymin>739</ymin>
      <xmax>2213</xmax>
      <ymax>1081</ymax>
    </bndbox>
  </object>
  <object>
    <name>powerline</name>
    <pose>Unspecified</pose>
    <truncated>0</truncated>
    <difficult>0</difficult>
    <bndbox>
      <xmin>2145</xmin>
      <ymin>3</ymin>
      <xmax>2314</xmax>
      <ymax>359</ymax>
    </bndbox>
  </object>
  <object>
    <name>powerline</name>
    <pose>Unspecified</pose>
    <truncated>0</truncated>
    <difficult>0</difficult>
    <bndbox>
      <xmin>2301</xmin>
      <ymin>9</ymin>
      <xmax>2439</xmax>
      <ymax>372</ymax>
    </bndbox>
  </object>
  <object>
    <name>powerline</name>
    <pose>Unspecified</pose>
    <truncated>0</truncated>
    <difficult>0</difficult>
    <bndbox>
      <xmin>2399</xmin>
      <ymin>9</ymin>
      <xmax>2766</xmax>
      <ymax>471</ymax>
    </bndbox>
  </object>
  <object>
    <name>powerline</name>
    <pose>Unspecified</pose>
    <truncated>0</truncated>
    <difficult>0</difficult>
    <bndbox>
      <xmin>2807</xmin>
      <ymin>79</ymin>
      <xmax>2905</xmax>
      <ymax>318</ymax>
    </bndbox>
  </object>
  <object>
    <name>powerline</name>
    <pose>Unspecified</pose>
    <truncated>0</truncated>
    <difficult>0</difficult>
    <bndbox>
      <xmin>2582</xmin>
      <ymin>797</ymin>
      <xmax>2707</xmax>
      <ymax>1084</ymax>
    </bndbox>
  </object>
  <object>
    <name>powerline</name>
    <pose>Unspecified</pose>
    <truncated>0</truncated>
    <difficult>0</difficult>
    <bndbox>
      <xmin>3055</xmin>
      <ymin>740</ymin>
      <xmax>3174</xmax>
      <ymax>1103</ymax>
    </bndbox>
  </object>
  <object>
    <name>powerline</name>
    <pose>Unspecified</pose>
    <truncated>0</truncated>
    <difficult>0</difficult>
    <bndbox>
      <xmin>2845</xmin>
      <ymin>733</ymin>
      <xmax>2892</xmax>
      <ymax>943</ymax>
    </bndbox>
  </object>
  <object>
    <name>powerline</name>
    <pose>Unspecified</pose>
    <truncated>0</truncated>
    <difficult>0</difficult>
    <bndbox>
      <xmin>2893</xmin>
      <ymin>1211</ymin>
      <xmax>2955</xmax>
      <ymax>1371</ymax>
    </bndbox>
  </object>
  <object>
    <name>powerline</name>
    <pose>Unspecified</pose>
    <truncated>0</truncated>
    <difficult>0</difficult>
    <bndbox>
      <xmin>2970</xmin>
      <ymin>1438</ymin>
      <xmax>3242</xmax>
      <ymax>1833</ymax>
    </bndbox>
  </object>
</annotation>
