<annotation>
  <folder>images</folder>
  <filename>364.JPG</filename>
  <path> </path>
  <source>
    <database>Unknown</database>
  </source>
  <size>
    <width>5184</width>
    <height>3888</height>
    <depth>3</depth>
  </size>
  <segmented>0</segmented>
  <object>
    <name>hammer</name>
    <pose>Unspecified</pose>
    <truncated>0</truncated>
    <difficult>0</difficult>
    <bndbox>
      <xmin>1704</xmin>
      <ymin>2657</ymin>
      <xmax>1759</xmax>
      <ymax>2732</ymax>
    </bndbox>
  </object>
  <object>
    <name>insulator</name>
    <pose>Unspecified</pose>
    <truncated>0</truncated>
    <difficult>0</difficult>
    <bndbox>
      <xmin>1854</xmin>
      <ymin>2462</ymin>
      <xmax>1955</xmax>
      <ymax>2827</ymax>
    </bndbox>
  </object>
  <object>
    <name>hammer</name>
    <pose>Unspecified</pose>
    <truncated>0</truncated>
    <difficult>0</difficult>
    <bndbox>
      <xmin>2018</xmin>
      <ymin>3039</ymin>
      <xmax>2071</xmax>
      <ymax>3110</ymax>
    </bndbox>
  </object>
  <object>
    <name>hammer</name>
    <pose>Unspecified</pose>
    <truncated>0</truncated>
    <difficult>0</difficult>
    <bndbox>
      <xmin>2968</xmin>
      <ymin>1820</ymin>
      <xmax>3010</xmax>
      <ymax>1904</ymax>
    </bndbox>
  </object>
  <object>
    <name>hammer</name>
    <pose>Unspecified</pose>
    <truncated>0</truncated>
    <difficult>0</difficult>
    <bndbox>
      <xmin>2707</xmin>
      <ymin>1355</ymin>
      <xmax>2757</xmax>
      <ymax>1436</ymax>
    </bndbox>
  </object>
  <object>
    <name>insulator</name>
    <pose>Unspecified</pose>
    <truncated>0</truncated>
    <difficult>0</difficult>
    <bndbox>
      <xmin>2799</xmin>
      <ymin>1243</ymin>
      <xmax>2907</xmax>
      <ymax>1569</ymax>
    </bndbox>
  </object>
  <object>
    <name>hammer</name>
    <pose>Unspecified</pose>
    <truncated>0</truncated>
    <difficult>0</difficult>
    <bndbox>
      <xmin>3585</xmin>
      <ymin>888</ymin>
      <xmax>3633</xmax>
      <ymax>961</ymax>
    </bndbox>
  </object>
  <object>
    <name>hammer</name>
    <pose>Unspecified</pose>
    <truncated>0</truncated>
    <difficult>0</difficult>
    <bndbox>
      <xmin>3628</xmin>
      <ymin>997</ymin>
      <xmax>3664</xmax>
      <ymax>1055</ymax>
    </bndbox>
  </object>
  <object>
    <name>insulator</name>
    <pose>Unspecified</pose>
    <truncated>0</truncated>
    <difficult>0</difficult>
    <bndbox>
      <xmin>3838</xmin>
      <ymin>2253</ymin>
      <xmax>3967</xmax>
      <ymax>2624</ymax>
    </bndbox>
  </object>
  <object>
    <name>powerline</name>
    <pose>Unspecified</pose>
    <truncated>0</truncated>
    <difficult>0</difficult>
    <bndbox>
      <xmin>3042</xmin>
      <ymin>1952</ymin>
      <xmax>3139</xmax>
      <ymax>2155</ymax>
    </bndbox>
  </object>
  <object>
    <name>powerline</name>
    <pose>Unspecified</pose>
    <truncated>0</truncated>
    <difficult>0</difficult>
    <bndbox>
      <xmin>3355</xmin>
      <ymin>2577</ymin>
      <xmax>3477</xmax>
      <ymax>2842</ymax>
    </bndbox>
  </object>
  <object>
    <name>powerline</name>
    <pose>Unspecified</pose>
    <truncated>0</truncated>
    <difficult>0</difficult>
    <bndbox>
      <xmin>3332</xmin>
      <ymin>3052</ymin>
      <xmax>3726</xmax>
      <ymax>3319</ymax>
    </bndbox>
  </object>
  <object>
    <name>powerline</name>
    <pose>Unspecified</pose>
    <truncated>0</truncated>
    <difficult>0</difficult>
    <bndbox>
      <xmin>4074</xmin>
      <ymin>2984</ymin>
      <xmax>4203</xmax>
      <ymax>3332</ymax>
    </bndbox>
  </object>
  <object>
    <name>powerline</name>
    <pose>Unspecified</pose>
    <truncated>0</truncated>
    <difficult>0</difficult>
    <bndbox>
      <xmin>3755</xmin>
      <ymin>1229</ymin>
      <xmax>3906</xmax>
      <ymax>1661</ymax>
    </bndbox>
  </object>
  <object>
    <name>powerline</name>
    <pose>Unspecified</pose>
    <truncated>0</truncated>
    <difficult>0</difficult>
    <bndbox>
      <xmin>1496</xmin>
      <ymin>12</ymin>
      <xmax>1869</xmax>
      <ymax>603</ymax>
    </bndbox>
  </object>
  <object>
    <name>powerline</name>
    <pose>Unspecified</pose>
    <truncated>0</truncated>
    <difficult>0</difficult>
    <bndbox>
      <xmin>2487</xmin>
      <ymin>12</ymin>
      <xmax>2778</xmax>
      <ymax>593</ymax>
    </bndbox>
  </object>
  <object>
    <name>powerline</name>
    <pose>Unspecified</pose>
    <truncated>0</truncated>
    <difficult>0</difficult>
    <bndbox>
      <xmin>3223</xmin>
      <ymin>12</ymin>
      <xmax>3441</xmax>
      <ymax>530</ymax>
    </bndbox>
  </object>
  <object>
    <name>powerline</name>
    <pose>Unspecified</pose>
    <truncated>0</truncated>
    <difficult>0</difficult>
    <bndbox>
      <xmin>1896</xmin>
      <ymin>12</ymin>
      <xmax>2105</xmax>
      <ymax>639</ymax>
    </bndbox>
  </object>
  <object>
    <name>powerline</name>
    <pose>Unspecified</pose>
    <truncated>0</truncated>
    <difficult>0</difficult>
    <bndbox>
      <xmin>14</xmin>
      <ymin>903</ymin>
      <xmax>323</xmax>
      <ymax>1266</ymax>
    </bndbox>
  </object>
  <object>
    <name>powerline</name>
    <pose>Unspecified</pose>
    <truncated>0</truncated>
    <difficult>0</difficult>
    <bndbox>
      <xmin>869</xmin>
      <ymin>1766</ymin>
      <xmax>1514</xmax>
      <ymax>2439</ymax>
    </bndbox>
  </object>
  <object>
    <name>powerline</name>
    <pose>Unspecified</pose>
    <truncated>0</truncated>
    <difficult>0</difficult>
    <bndbox>
      <xmin>4096</xmin>
      <ymin>2084</ymin>
      <xmax>4369</xmax>
      <ymax>2739</ymax>
    </bndbox>
  </object>
</annotation>
