<annotation>
	<folder>images</folder>
	<filename>365.JPG</filename>
	<path>E:\stu_four\能讯实习\备份\images\365.JPG</path>
	<source>
		<database>Unknown</database>
	</source>
	<size>
		<width>5184</width>
		<height>3888</height>
		<depth>3</depth>
	</size>
	<segmented>0</segmented>
	<object>
		<name>powerline</name>
		<pose>Unspecified</pose>
		<truncated>0</truncated>
		<difficult>0</difficult>
		<bndbox>
			<xmin>1582</xmin>
			<ymin>3</ymin>
			<xmax>1845</xmax>
			<ymax>540</ymax>
		</bndbox>
	</object>
	<object>
		<name>powerline</name>
		<pose>Unspecified</pose>
		<truncated>0</truncated>
		<difficult>0</difficult>
		<bndbox>
			<xmin>2251</xmin>
			<ymin>9</ymin>
			<xmax>2382</xmax>
			<ymax>659</ymax>
		</bndbox>
	</object>
	<object>
		<name>powerline</name>
		<pose>Unspecified</pose>
		<truncated>1</truncated>
		<difficult>0</difficult>
		<bndbox>
			<xmin>2545</xmin>
			<ymin>1</ymin>
			<xmax>2701</xmax>
			<ymax>609</ymax>
		</bndbox>
	</object>
</annotation>
