<annotation>
	<folder>images</folder>
	<filename>366.JPG</filename>
	<path>E:\stu_four\能讯实习\备份\images\366.JPG</path>
	<source>
		<database>Unknown</database>
	</source>
	<size>
		<width>5184</width>
		<height>3888</height>
		<depth>3</depth>
	</size>
	<segmented>0</segmented>
	<object>
		<name>powerline</name>
		<pose>Unspecified</pose>
		<truncated>0</truncated>
		<difficult>0</difficult>
		<bndbox>
			<xmin>3001</xmin>
			<ymin>3</ymin>
			<xmax>3314</xmax>
			<ymax>809</ymax>
		</bndbox>
	</object>
	<object>
		<name>powerline</name>
		<pose>Unspecified</pose>
		<truncated>0</truncated>
		<difficult>0</difficult>
		<bndbox>
			<xmin>3332</xmin>
			<ymin>9</ymin>
			<xmax>3532</xmax>
			<ymax>659</ymax>
		</bndbox>
	</object>
	<object>
		<name>powerline</name>
		<pose>Unspecified</pose>
		<truncated>0</truncated>
		<difficult>0</difficult>
		<bndbox>
			<xmin>3714</xmin>
			<ymin>9</ymin>
			<xmax>4070</xmax>
			<ymax>640</ymax>
		</bndbox>
	</object>
	<object>
		<name>powerline</name>
		<pose>Unspecified</pose>
		<truncated>0</truncated>
		<difficult>0</difficult>
		<bndbox>
			<xmin>2931</xmin>
			<ymin>2</ymin>
			<xmax>3039</xmax>
			<ymax>563</ymax>
		</bndbox>
	</object>
</annotation>
