<annotation>
  <folder>images</folder>
  <filename>369.JPG</filename>
  <path> </path>
  <source>
    <database>Unknown</database>
  </source>
  <size>
    <width>5184</width>
    <height>3888</height>
    <depth>3</depth>
  </size>
  <segmented>0</segmented>
  <object>
    <name>powerline</name>
    <pose>Unspecified</pose>
    <truncated>0</truncated>
    <difficult>0</difficult>
    <bndbox>
      <xmin>14</xmin>
      <ymin>2059</ymin>
      <xmax>451</xmax>
      <ymax>2334</ymax>
    </bndbox>
  </object>
  <object>
    <name>powerline</name>
    <pose>Unspecified</pose>
    <truncated>0</truncated>
    <difficult>0</difficult>
    <bndbox>
      <xmin>1276</xmin>
      <ymin>3</ymin>
      <xmax>1732</xmax>
      <ymax>709</ymax>
    </bndbox>
  </object>
  <object>
    <name>powerline</name>
    <pose>Unspecified</pose>
    <truncated>0</truncated>
    <difficult>0</difficult>
    <bndbox>
      <xmin>1926</xmin>
      <ymin>9</ymin>
      <xmax>2239</xmax>
      <ymax>678</ymax>
    </bndbox>
  </object>
  <object>
    <name>powerline</name>
    <pose>Unspecified</pose>
    <truncated>0</truncated>
    <difficult>0</difficult>
    <bndbox>
      <xmin>3139</xmin>
      <ymin>16</ymin>
      <xmax>3370</xmax>
      <ymax>679</ymax>
    </bndbox>
  </object>
  <object>
    <name>hammer</name>
    <pose>Unspecified</pose>
    <truncated>0</truncated>
    <difficult>0</difficult>
    <bndbox>
      <xmin>2800</xmin>
      <ymin>1955</ymin>
      <xmax>2832</xmax>
      <ymax>2005</ymax>
    </bndbox>
  </object>
  <object>
    <name>hammer</name>
    <pose>Unspecified</pose>
    <truncated>0</truncated>
    <difficult>0</difficult>
    <bndbox>
      <xmin>1730</xmin>
      <ymin>2942</ymin>
      <xmax>1788</xmax>
      <ymax>2974</ymax>
    </bndbox>
  </object>
  <object>
    <name>hammer</name>
    <pose>Unspecified</pose>
    <truncated>0</truncated>
    <difficult>0</difficult>
    <bndbox>
      <xmin>1822</xmin>
      <ymin>3033</ymin>
      <xmax>1850</xmax>
      <ymax>3070</ymax>
    </bndbox>
  </object>
  <object>
    <name>insulator</name>
    <pose>Unspecified</pose>
    <truncated>0</truncated>
    <difficult>0</difficult>
    <bndbox>
      <xmin>3745</xmin>
      <ymin>2599</ymin>
      <xmax>3833</xmax>
      <ymax>2927</ymax>
    </bndbox>
  </object>
  <object>
    <name>hammer</name>
    <pose>Unspecified</pose>
    <truncated>0</truncated>
    <difficult>0</difficult>
    <bndbox>
      <xmin>3789</xmin>
      <ymin>3014</ymin>
      <xmax>3818</xmax>
      <ymax>3053</ymax>
    </bndbox>
  </object>
  <object>
    <name>powerline</name>
    <pose>Unspecified</pose>
    <truncated>0</truncated>
    <difficult>0</difficult>
    <bndbox>
      <xmin>2899</xmin>
      <ymin>1814</ymin>
      <xmax>3223</xmax>
      <ymax>2314</ymax>
    </bndbox>
  </object>
  <object>
    <name>powerline</name>
    <pose>Unspecified</pose>
    <truncated>0</truncated>
    <difficult>0</difficult>
    <bndbox>
      <xmin>2404</xmin>
      <ymin>1500</ymin>
      <xmax>2689</xmax>
      <ymax>1781</ymax>
    </bndbox>
  </object>
  <object>
    <name>insulator</name>
    <pose>Unspecified</pose>
    <truncated>0</truncated>
    <difficult>0</difficult>
    <bndbox>
      <xmin>2744</xmin>
      <ymin>1534</ymin>
      <xmax>2838</xmax>
      <ymax>1856</ymax>
    </bndbox>
  </object>
  <object>
    <name>hammer</name>
    <pose>Unspecified</pose>
    <truncated>0</truncated>
    <difficult>0</difficult>
    <bndbox>
      <xmin>3486</xmin>
      <ymin>1102</ymin>
      <xmax>3517</xmax>
      <ymax>1151</ymax>
    </bndbox>
  </object>
  <object>
    <name>hammer</name>
    <pose>Unspecified</pose>
    <truncated>0</truncated>
    <difficult>0</difficult>
    <bndbox>
      <xmin>3504</xmin>
      <ymin>1169</ymin>
      <xmax>3536</xmax>
      <ymax>1234</ymax>
    </bndbox>
  </object>
  <object>
    <name>powerline</name>
    <pose>Unspecified</pose>
    <truncated>0</truncated>
    <difficult>0</difficult>
    <bndbox>
      <xmin>3536</xmin>
      <ymin>1289</ymin>
      <xmax>3573</xmax>
      <ymax>1449</ymax>
    </bndbox>
  </object>
  <object>
    <name>powerline</name>
    <pose>Unspecified</pose>
    <truncated>0</truncated>
    <difficult>0</difficult>
    <bndbox>
      <xmin>3823</xmin>
      <ymin>3159</ymin>
      <xmax>4048</xmax>
      <ymax>3640</ymax>
    </bndbox>
  </object>
  <object>
    <name>powerline</name>
    <pose>Unspecified</pose>
    <truncated>0</truncated>
    <difficult>0</difficult>
    <bndbox>
      <xmin>2324</xmin>
      <ymin>1810</ymin>
      <xmax>2517</xmax>
      <ymax>2315</ymax>
    </bndbox>
  </object>
  <object>
    <name>powerline</name>
    <pose>Unspecified</pose>
    <truncated>0</truncated>
    <difficult>0</difficult>
    <bndbox>
      <xmin>3167</xmin>
      <ymin>3197</ymin>
      <xmax>3373</xmax>
      <ymax>3872</ymax>
    </bndbox>
  </object>
  <object>
    <name>powerline</name>
    <pose>Unspecified</pose>
    <truncated>0</truncated>
    <difficult>0</difficult>
    <bndbox>
      <xmin>1904</xmin>
      <ymin>3165</ymin>
      <xmax>2179</xmax>
      <ymax>3790</ymax>
    </bndbox>
  </object>
</annotation>
