<annotation>
	<folder>images</folder>
	<filename>37.JPG</filename>
	<path>E:\stu_four\能讯实习\备份\images\37.JPG</path>
	<source>
		<database>Unknown</database>
	</source>
	<size>
		<width>720</width>
		<height>960</height>
		<depth>3</depth>
	</size>
	<segmented>0</segmented>
	<object>
		<name>powerline</name>
		<pose>Unspecified</pose>
		<truncated>0</truncated>
		<difficult>0</difficult>
		<bndbox>
			<xmin>161</xmin>
			<ymin>621</ymin>
			<xmax>224</xmax>
			<ymax>715</ymax>
		</bndbox>
	</object>
	<object>
		<name>powerline</name>
		<pose>Unspecified</pose>
		<truncated>0</truncated>
		<difficult>0</difficult>
		<bndbox>
			<xmin>380</xmin>
			<ymin>302</ymin>
			<xmax>418</xmax>
			<ymax>377</ymax>
		</bndbox>
	</object>
</annotation>
