<annotation verified="yes">
	<folder>images</folder>
	<filename>370.JPG</filename>
	<path>E:\stu_four\能讯实习\备份\images\370.JPG</path>
	<source>
		<database>Unknown</database>
	</source>
	<size>
		<width>5184</width>
		<height>3888</height>
		<depth>3</depth>
	</size>
	<segmented>0</segmented>
	<object>
		<name>powerline</name>
		<pose>Unspecified</pose>
		<truncated>1</truncated>
		<difficult>0</difficult>
		<bndbox>
			<xmin>3710</xmin>
			<ymin>1</ymin>
			<xmax>3808</xmax>
			<ymax>220</ymax>
		</bndbox>
	</object>
	<object>
		<name>powerline</name>
		<pose>Unspecified</pose>
		<truncated>0</truncated>
		<difficult>0</difficult>
		<bndbox>
			<xmin>4153</xmin>
			<ymin>4</ymin>
			<xmax>4362</xmax>
			<ymax>474</ymax>
		</bndbox>
	</object>
	<object>
		<name>powerline</name>
		<pose>Unspecified</pose>
		<truncated>1</truncated>
		<difficult>0</difficult>
		<bndbox>
			<xmin>4345</xmin>
			<ymin>1</ymin>
			<xmax>4662</xmax>
			<ymax>476</ymax>
		</bndbox>
	</object>
	<object>
		<name>powerline</name>
		<pose>Unspecified</pose>
		<truncated>0</truncated>
		<difficult>0</difficult>
		<bndbox>
			<xmin>4603</xmin>
			<ymin>911</ymin>
			<xmax>5179</xmax>
			<ymax>1580</ymax>
		</bndbox>
	</object>
	<object>
		<name>powerline</name>
		<pose>Unspecified</pose>
		<truncated>0</truncated>
		<difficult>0</difficult>
		<bndbox>
			<xmin>3685</xmin>
			<ymin>771</ymin>
			<xmax>4232</xmax>
			<ymax>1476</ymax>
		</bndbox>
	</object>
</annotation>
