<annotation verified="yes">
	<folder>images</folder>
	<filename>372.JPG</filename>
	<path>E:\stu_four\能讯实习\备份\images\372.JPG</path>
	<source>
		<database>Unknown</database>
	</source>
	<size>
		<width>4608</width>
		<height>3456</height>
		<depth>3</depth>
	</size>
	<segmented>0</segmented>
	<object>
		<name>powerline</name>
		<pose>Unspecified</pose>
		<truncated>0</truncated>
		<difficult>0</difficult>
		<bndbox>
			<xmin>797</xmin>
			<ymin>1051</ymin>
			<xmax>1098</xmax>
			<ymax>1798</ymax>
		</bndbox>
	</object>
</annotation>
