<annotation>
  <folder>images</folder>
  <filename>373.JPG</filename>
  <path> </path>
  <source>
    <database>Unknown</database>
  </source>
  <size>
    <width>5184</width>
    <height>3888</height>
    <depth>3</depth>
  </size>
  <segmented>0</segmented>
  <object>
    <name>hammer</name>
    <pose>Unspecified</pose>
    <truncated>0</truncated>
    <difficult>0</difficult>
    <bndbox>
      <xmin>2470</xmin>
      <ymin>1115</ymin>
      <xmax>2495</xmax>
      <ymax>1142</ymax>
    </bndbox>
  </object>
  <object>
    <name>insulator</name>
    <pose>Unspecified</pose>
    <truncated>0</truncated>
    <difficult>0</difficult>
    <bndbox>
      <xmin>2519</xmin>
      <ymin>1012</ymin>
      <xmax>2582</xmax>
      <ymax>1179</ymax>
    </bndbox>
  </object>
  <object>
    <name>hammer</name>
    <pose>Unspecified</pose>
    <truncated>0</truncated>
    <difficult>0</difficult>
    <bndbox>
      <xmin>2599</xmin>
      <ymin>1243</ymin>
      <xmax>2623</xmax>
      <ymax>1277</ymax>
    </bndbox>
  </object>
  <object>
    <name>hammer</name>
    <pose>Unspecified</pose>
    <truncated>0</truncated>
    <difficult>0</difficult>
    <bndbox>
      <xmin>2646</xmin>
      <ymin>1306</ymin>
      <xmax>2668</xmax>
      <ymax>1334</ymax>
    </bndbox>
  </object>
  <object>
    <name>insulator</name>
    <pose>Unspecified</pose>
    <truncated>0</truncated>
    <difficult>0</difficult>
    <bndbox>
      <xmin>2914</xmin>
      <ymin>514</ymin>
      <xmax>2969</xmax>
      <ymax>682</ymax>
    </bndbox>
  </object>
  <object>
    <name>hammer</name>
    <pose>Unspecified</pose>
    <truncated>0</truncated>
    <difficult>0</difficult>
    <bndbox>
      <xmin>2985</xmin>
      <ymin>762</ymin>
      <xmax>3005</xmax>
      <ymax>796</ymax>
    </bndbox>
  </object>
  <object>
    <name>hammer</name>
    <pose>Unspecified</pose>
    <truncated>0</truncated>
    <difficult>0</difficult>
    <bndbox>
      <xmin>3023</xmin>
      <ymin>836</ymin>
      <xmax>3040</xmax>
      <ymax>868</ymax>
    </bndbox>
  </object>
  <object>
    <name>hammer</name>
    <pose>Unspecified</pose>
    <truncated>0</truncated>
    <difficult>0</difficult>
    <bndbox>
      <xmin>3382</xmin>
      <ymin>1177</ymin>
      <xmax>3400</xmax>
      <ymax>1213</ymax>
    </bndbox>
  </object>
  <object>
    <name>hammer</name>
    <pose>Unspecified</pose>
    <truncated>0</truncated>
    <difficult>0</difficult>
    <bndbox>
      <xmin>3298</xmin>
      <ymin>1033</ymin>
      <xmax>3316</xmax>
      <ymax>1060</ymax>
    </bndbox>
  </object>
  <object>
    <name>insulator</name>
    <pose>Unspecified</pose>
    <truncated>0</truncated>
    <difficult>0</difficult>
    <bndbox>
      <xmin>3321</xmin>
      <ymin>938</ymin>
      <xmax>3377</xmax>
      <ymax>1105</ymax>
    </bndbox>
  </object>
  <object>
    <name>hammer</name>
    <pose>Unspecified</pose>
    <truncated>0</truncated>
    <difficult>0</difficult>
    <bndbox>
      <xmin>3412</xmin>
      <ymin>1245</ymin>
      <xmax>3431</xmax>
      <ymax>1277</ymax>
    </bndbox>
  </object>
  <object>
    <name>hammer</name>
    <pose>Unspecified</pose>
    <truncated>0</truncated>
    <difficult>0</difficult>
    <bndbox>
      <xmin>3243</xmin>
      <ymin>342</ymin>
      <xmax>3261</xmax>
      <ymax>374</ymax>
    </bndbox>
  </object>
  <object>
    <name>hammer</name>
    <pose>Unspecified</pose>
    <truncated>0</truncated>
    <difficult>0</difficult>
    <bndbox>
      <xmin>3266</xmin>
      <ymin>398</ymin>
      <xmax>3281</xmax>
      <ymax>425</ymax>
    </bndbox>
  </object>
  <object>
    <name>powerline</name>
    <pose>Unspecified</pose>
    <truncated>0</truncated>
    <difficult>0</difficult>
    <bndbox>
      <xmin>1133</xmin>
      <ymin>5</ymin>
      <xmax>1487</xmax>
      <ymax>300</ymax>
    </bndbox>
  </object>
  <object>
    <name>powerline</name>
    <pose>Unspecified</pose>
    <truncated>0</truncated>
    <difficult>0</difficult>
    <bndbox>
      <xmin>2368</xmin>
      <ymin>2</ymin>
      <xmax>2549</xmax>
      <ymax>246</ymax>
    </bndbox>
  </object>
  <object>
    <name>powerline</name>
    <pose>Unspecified</pose>
    <truncated>0</truncated>
    <difficult>0</difficult>
    <bndbox>
      <xmin>2595</xmin>
      <ymin>5</ymin>
      <xmax>2754</xmax>
      <ymax>300</ymax>
    </bndbox>
  </object>
  <object>
    <name>powerline</name>
    <pose>Unspecified</pose>
    <truncated>0</truncated>
    <difficult>0</difficult>
    <bndbox>
      <xmin>3083</xmin>
      <ymin>5</ymin>
      <xmax>3200</xmax>
      <ymax>234</ymax>
    </bndbox>
  </object>
  <object>
    <name>powerline</name>
    <pose>Unspecified</pose>
    <truncated>0</truncated>
    <difficult>0</difficult>
    <bndbox>
      <xmin>2756</xmin>
      <ymin>561</ymin>
      <xmax>2863</xmax>
      <ymax>732</ymax>
    </bndbox>
  </object>
  <object>
    <name>powerline</name>
    <pose>Unspecified</pose>
    <truncated>0</truncated>
    <difficult>0</difficult>
    <bndbox>
      <xmin>2972</xmin>
      <ymin>558</ymin>
      <xmax>3067</xmax>
      <ymax>694</ymax>
    </bndbox>
  </object>
  <object>
    <name>powerline</name>
    <pose>Unspecified</pose>
    <truncated>0</truncated>
    <difficult>0</difficult>
    <bndbox>
      <xmin>3142</xmin>
      <ymin>1061</ymin>
      <xmax>3249</xmax>
      <ymax>1364</ymax>
    </bndbox>
  </object>
  <object>
    <name>hammer</name>
    <pose>Unspecified</pose>
    <truncated>0</truncated>
    <difficult>0</difficult>
    <bndbox>
      <xmin>2611</xmin>
      <ymin>339</ymin>
      <xmax>2629</xmax>
      <ymax>362</ymax>
    </bndbox>
  </object>
  <object>
    <name>powerline</name>
    <pose>Unspecified</pose>
    <truncated>0</truncated>
    <difficult>0</difficult>
    <bndbox>
      <xmin>1847</xmin>
      <ymin>600</ymin>
      <xmax>2347</xmax>
      <ymax>1024</ymax>
    </bndbox>
  </object>
  <object>
    <name>powerline</name>
    <pose>Unspecified</pose>
    <truncated>0</truncated>
    <difficult>0</difficult>
    <bndbox>
      <xmin>3528</xmin>
      <ymin>1481</ymin>
      <xmax>3799</xmax>
      <ymax>2124</ymax>
    </bndbox>
  </object>
  <object>
    <name>powerline</name>
    <pose>Unspecified</pose>
    <truncated>0</truncated>
    <difficult>0</difficult>
    <bndbox>
      <xmin>3356</xmin>
      <ymin>1452</ymin>
      <xmax>3532</xmax>
      <ymax>1890</ymax>
    </bndbox>
  </object>
  <object>
    <name>powerline</name>
    <pose>Unspecified</pose>
    <truncated>0</truncated>
    <difficult>0</difficult>
    <bndbox>
      <xmin>3361</xmin>
      <ymin>595</ymin>
      <xmax>3475</xmax>
      <ymax>895</ymax>
    </bndbox>
  </object>
  <object>
    <name>powerline</name>
    <pose>Unspecified</pose>
    <truncated>0</truncated>
    <difficult>0</difficult>
    <bndbox>
      <xmin>2865</xmin>
      <ymin>1580</ymin>
      <xmax>2911</xmax>
      <ymax>1637</ymax>
    </bndbox>
  </object>
</annotation>
