<annotation verified="yes">
	<folder>images</folder>
	<filename>380.JPG</filename>
	<path>E:\stu_four\能讯实习\备份\images\380.JPG</path>
	<source>
		<database>Unknown</database>
	</source>
	<size>
		<width>5184</width>
		<height>3888</height>
		<depth>3</depth>
	</size>
	<segmented>0</segmented>
	<object>
		<name>powerline</name>
		<pose>Unspecified</pose>
		<truncated>0</truncated>
		<difficult>0</difficult>
		<bndbox>
			<xmin>1704</xmin>
			<ymin>15</ymin>
			<xmax>1948</xmax>
			<ymax>678</ymax>
		</bndbox>
	</object>
	<object>
		<name>powerline</name>
		<pose>Unspecified</pose>
		<truncated>0</truncated>
		<difficult>0</difficult>
		<bndbox>
			<xmin>2129</xmin>
			<ymin>3</ymin>
			<xmax>2598</xmax>
			<ymax>1353</ymax>
		</bndbox>
	</object>
	<object>
		<name>powerline</name>
		<pose>Unspecified</pose>
		<truncated>0</truncated>
		<difficult>0</difficult>
		<bndbox>
			<xmin>2379</xmin>
			<ymin>9</ymin>
			<xmax>2536</xmax>
			<ymax>1103</ymax>
		</bndbox>
	</object>
	<object>
		<name>powerline</name>
		<pose>Unspecified</pose>
		<truncated>0</truncated>
		<difficult>0</difficult>
		<bndbox>
			<xmin>2698</xmin>
			<ymin>3</ymin>
			<xmax>2992</xmax>
			<ymax>1253</ymax>
		</bndbox>
	</object>
</annotation>
