<annotation>
	<folder>images</folder>
	<filename>381.JPG</filename>
	<path>E:\stu_four\能讯实习\备份\images\381.JPG</path>
	<source>
		<database>Unknown</database>
	</source>
	<size>
		<width>5184</width>
		<height>3888</height>
		<depth>3</depth>
	</size>
	<segmented>0</segmented>
	<object>
		<name>powerline</name>
		<pose>Unspecified</pose>
		<truncated>1</truncated>
		<difficult>0</difficult>
		<bndbox>
			<xmin>2404</xmin>
			<ymin>1</ymin>
			<xmax>2660</xmax>
			<ymax>1288</ymax>
		</bndbox>
	</object>
	<object>
		<name>powerline</name>
		<pose>Unspecified</pose>
		<truncated>0</truncated>
		<difficult>0</difficult>
		<bndbox>
			<xmin>2598</xmin>
			<ymin>22</ymin>
			<xmax>2954</xmax>
			<ymax>1215</ymax>
		</bndbox>
	</object>
	<object>
		<name>powerline</name>
		<pose>Unspecified</pose>
		<truncated>0</truncated>
		<difficult>0</difficult>
		<bndbox>
			<xmin>2854</xmin>
			<ymin>22</ymin>
			<xmax>3579</xmax>
			<ymax>1153</ymax>
		</bndbox>
	</object>
</annotation>
