<annotation>
  <folder>images</folder>
  <filename>383.JPG</filename>
  <path> </path>
  <source>
    <database>Unknown</database>
  </source>
  <size>
    <width>5184</width>
    <height>3888</height>
    <depth>3</depth>
  </size>
  <segmented>0</segmented>
  <object>
    <name>powerline</name>
    <pose>Unspecified</pose>
    <truncated>0</truncated>
    <difficult>0</difficult>
    <bndbox>
      <xmin>1523</xmin>
      <ymin>3</ymin>
      <xmax>2123</xmax>
      <ymax>890</ymax>
    </bndbox>
  </object>
  <object>
    <name>powerline</name>
    <pose>Unspecified</pose>
    <truncated>0</truncated>
    <difficult>0</difficult>
    <bndbox>
      <xmin>2373</xmin>
      <ymin>3</ymin>
      <xmax>2592</xmax>
      <ymax>672</ymax>
    </bndbox>
  </object>
  <object>
    <name>powerline</name>
    <pose>Unspecified</pose>
    <truncated>0</truncated>
    <difficult>0</difficult>
    <bndbox>
      <xmin>2723</xmin>
      <ymin>3</ymin>
      <xmax>2923</xmax>
      <ymax>609</ymax>
    </bndbox>
  </object>
  <object>
    <name>powerline</name>
    <pose>Unspecified</pose>
    <truncated>0</truncated>
    <difficult>0</difficult>
    <bndbox>
      <xmin>2442</xmin>
      <ymin>1372</ymin>
      <xmax>2548</xmax>
      <ymax>1634</ymax>
    </bndbox>
  </object>
  <object>
    <name>powerline</name>
    <pose>Unspecified</pose>
    <truncated>0</truncated>
    <difficult>0</difficult>
    <bndbox>
      <xmin>2967</xmin>
      <ymin>1397</ymin>
      <xmax>3186</xmax>
      <ymax>1909</ymax>
    </bndbox>
  </object>
  <object>
    <name>insulator</name>
    <pose>Unspecified</pose>
    <truncated>0</truncated>
    <difficult>0</difficult>
    <bndbox>
      <xmin>2386</xmin>
      <ymin>1208</ymin>
      <xmax>2423</xmax>
      <ymax>1326</ymax>
    </bndbox>
  </object>
  <object>
    <name>insulator</name>
    <pose>Unspecified</pose>
    <truncated>0</truncated>
    <difficult>0</difficult>
    <bndbox>
      <xmin>2687</xmin>
      <ymin>840</ymin>
      <xmax>2723</xmax>
      <ymax>949</ymax>
    </bndbox>
  </object>
  <object>
    <name>insulator</name>
    <pose>Unspecified</pose>
    <truncated>0</truncated>
    <difficult>0</difficult>
    <bndbox>
      <xmin>3013</xmin>
      <ymin>1140</ymin>
      <xmax>3051</xmax>
      <ymax>1251</ymax>
    </bndbox>
  </object>
</annotation>
