<annotation>
	<folder>images</folder>
	<filename>385.JPG</filename>
	<path>E:\stu_four\能讯实习\备份\images\385.JPG</path>
	<source>
		<database>Unknown</database>
	</source>
	<size>
		<width>5184</width>
		<height>3888</height>
		<depth>3</depth>
	</size>
	<segmented>0</segmented>
	<object>
		<name>powerline</name>
		<pose>Unspecified</pose>
		<truncated>0</truncated>
		<difficult>0</difficult>
		<bndbox>
			<xmin>1992</xmin>
			<ymin>22</ymin>
			<xmax>2317</xmax>
			<ymax>978</ymax>
		</bndbox>
	</object>
	<object>
		<name>powerline</name>
		<pose>Unspecified</pose>
		<truncated>0</truncated>
		<difficult>0</difficult>
		<bndbox>
			<xmin>2454</xmin>
			<ymin>3</ymin>
			<xmax>2636</xmax>
			<ymax>1015</ymax>
		</bndbox>
	</object>
	<object>
		<name>powerline</name>
		<pose>Unspecified</pose>
		<truncated>0</truncated>
		<difficult>0</difficult>
		<bndbox>
			<xmin>2773</xmin>
			<ymin>15</ymin>
			<xmax>2886</xmax>
			<ymax>1065</ymax>
		</bndbox>
	</object>
</annotation>
