<annotation>
	<folder>images</folder>
	<filename>386.JPG</filename>
	<path>E:\stu_four\能讯实习\备份\images\386.JPG</path>
	<source>
		<database>Unknown</database>
	</source>
	<size>
		<width>5184</width>
		<height>3888</height>
		<depth>3</depth>
	</size>
	<segmented>0</segmented>
	<object>
		<name>powerline</name>
		<pose>Unspecified</pose>
		<truncated>0</truncated>
		<difficult>0</difficult>
		<bndbox>
			<xmin>2404</xmin>
			<ymin>22</ymin>
			<xmax>2611</xmax>
			<ymax>1165</ymax>
		</bndbox>
	</object>
	<object>
		<name>powerline</name>
		<pose>Unspecified</pose>
		<truncated>1</truncated>
		<difficult>0</difficult>
		<bndbox>
			<xmin>2686</xmin>
			<ymin>1</ymin>
			<xmax>2861</xmax>
			<ymax>1188</ymax>
		</bndbox>
	</object>
	<object>
		<name>powerline</name>
		<pose>Unspecified</pose>
		<truncated>0</truncated>
		<difficult>0</difficult>
		<bndbox>
			<xmin>3048</xmin>
			<ymin>22</ymin>
			<xmax>3311</xmax>
			<ymax>1084</ymax>
		</bndbox>
	</object>
</annotation>
