<annotation>
	<folder>images</folder>
	<filename>390.JPG</filename>
	<path>E:\stu_four\能讯实习\备份\images\390.JPG</path>
	<source>
		<database>Unknown</database>
	</source>
	<size>
		<width>4608</width>
		<height>3456</height>
		<depth>3</depth>
	</size>
	<segmented>0</segmented>
	<object>
		<name>powerline</name>
		<pose>Unspecified</pose>
		<truncated>0</truncated>
		<difficult>0</difficult>
		<bndbox>
			<xmin>1889</xmin>
			<ymin>447</ymin>
			<xmax>2061</xmax>
			<ymax>1113</ymax>
		</bndbox>
	</object>
	<object>
		<name>powerline</name>
		<pose>Unspecified</pose>
		<truncated>0</truncated>
		<difficult>0</difficult>
		<bndbox>
			<xmin>2256</xmin>
			<ymin>642</ymin>
			<xmax>2313</xmax>
			<ymax>1437</ymax>
		</bndbox>
	</object>
	<object>
		<name>powerline</name>
		<pose>Unspecified</pose>
		<truncated>0</truncated>
		<difficult>0</difficult>
		<bndbox>
			<xmin>2528</xmin>
			<ymin>409</ymin>
			<xmax>2599</xmax>
			<ymax>875</ymax>
		</bndbox>
	</object>
</annotation>
