<annotation>
	<folder>images</folder>
	<filename>392.JPG</filename>
	<path>E:\stu_four\能讯实习\备份\images\392.JPG</path>
	<source>
		<database>Unknown</database>
	</source>
	<size>
		<width>3264</width>
		<height>2448</height>
		<depth>3</depth>
	</size>
	<segmented>0</segmented>
	<object>
		<name>powerline</name>
		<pose>Unspecified</pose>
		<truncated>0</truncated>
		<difficult>0</difficult>
		<bndbox>
			<xmin>178</xmin>
			<ymin>483</ymin>
			<xmax>278</xmax>
			<ymax>956</ymax>
		</bndbox>
	</object>
	<object>
		<name>powerline</name>
		<pose>Unspecified</pose>
		<truncated>0</truncated>
		<difficult>0</difficult>
		<bndbox>
			<xmin>2243</xmin>
			<ymin>548</ymin>
			<xmax>2316</xmax>
			<ymax>948</ymax>
		</bndbox>
	</object>
</annotation>
