<annotation>
	<folder>images</folder>
	<filename>393.JPG</filename>
	<path>E:\stu_four\能讯实习\备份\images\393.JPG</path>
	<source>
		<database>Unknown</database>
	</source>
	<size>
		<width>4608</width>
		<height>3456</height>
		<depth>3</depth>
	</size>
	<segmented>0</segmented>
	<object>
		<name>insulator</name>
		<pose>Unspecified</pose>
		<truncated>0</truncated>
		<difficult>0</difficult>
		<bndbox>
			<xmin>2536</xmin>
			<ymin>2235</ymin>
			<xmax>2763</xmax>
			<ymax>2314</ymax>
		</bndbox>
	</object>
	<object>
		<name>insulator</name>
		<pose>Unspecified</pose>
		<truncated>0</truncated>
		<difficult>0</difficult>
		<bndbox>
			<xmin>2796</xmin>
			<ymin>2084</ymin>
			<xmax>2900</xmax>
			<ymax>2221</ymax>
		</bndbox>
	</object>
	<object>
		<name>insulator</name>
		<pose>Unspecified</pose>
		<truncated>0</truncated>
		<difficult>0</difficult>
		<bndbox>
			<xmin>2233</xmin>
			<ymin>1576</ymin>
			<xmax>2352</xmax>
			<ymax>1663</ymax>
		</bndbox>
	</object>
	<object>
		<name>insulator</name>
		<pose>Unspecified</pose>
		<truncated>0</truncated>
		<difficult>0</difficult>
		<bndbox>
			<xmin>2440</xmin>
			<ymin>1353</ymin>
			<xmax>2529</xmax>
			<ymax>1516</ymax>
		</bndbox>
	</object>
	<object>
		<name>insulator</name>
		<pose>Unspecified</pose>
		<truncated>0</truncated>
		<difficult>0</difficult>
		<bndbox>
			<xmin>2884</xmin>
			<ymin>1530</ymin>
			<xmax>2983</xmax>
			<ymax>1662</ymax>
		</bndbox>
	</object>
	<object>
		<name>insulator</name>
		<pose>Unspecified</pose>
		<truncated>0</truncated>
		<difficult>0</difficult>
		<bndbox>
			<xmin>2793</xmin>
			<ymin>1384</ymin>
			<xmax>2924</xmax>
			<ymax>1455</ymax>
		</bndbox>
	</object>
	<object>
		<name>hammer</name>
		<pose>Unspecified</pose>
		<truncated>0</truncated>
		<difficult>0</difficult>
		<bndbox>
			<xmin>2533</xmin>
			<ymin>1239</ymin>
			<xmax>2561</xmax>
			<ymax>1281</ymax>
		</bndbox>
	</object>
	<object>
		<name>powerline</name>
		<pose>Unspecified</pose>
		<truncated>0</truncated>
		<difficult>0</difficult>
		<bndbox>
			<xmin>2699</xmin>
			<ymin>13</ymin>
			<xmax>3113</xmax>
			<ymax>932</ymax>
		</bndbox>
	</object>
	<object>
		<name>powerline</name>
		<pose>Unspecified</pose>
		<truncated>0</truncated>
		<difficult>0</difficult>
		<bndbox>
			<xmin>3066</xmin>
			<ymin>909</ymin>
			<xmax>3399</xmax>
			<ymax>1289</ymax>
		</bndbox>
	</object>
	<object>
		<name>powerline</name>
		<pose>Unspecified</pose>
		<truncated>0</truncated>
		<difficult>0</difficult>
		<bndbox>
			<xmin>3409</xmin>
			<ymin>1137</ymin>
			<xmax>3651</xmax>
			<ymax>1732</ymax>
		</bndbox>
	</object>
	<object>
		<name>powerline</name>
		<pose>Unspecified</pose>
		<truncated>0</truncated>
		<difficult>0</difficult>
		<bndbox>
			<xmin>3785</xmin>
			<ymin>9</ymin>
			<xmax>4494</xmax>
			<ymax>1180</ymax>
		</bndbox>
	</object>
	<object>
		<name>hammer</name>
		<pose>Unspecified</pose>
		<truncated>0</truncated>
		<difficult>0</difficult>
		<bndbox>
			<xmin>2922</xmin>
			<ymin>2005</ymin>
			<xmax>2961</xmax>
			<ymax>2049</ymax>
		</bndbox>
	</object>
	<object>
		<name>powerline</name>
		<pose>Unspecified</pose>
		<truncated>0</truncated>
		<difficult>0</difficult>
		<bndbox>
			<xmin>2620</xmin>
			<ymin>1011</ymin>
			<xmax>2678</xmax>
			<ymax>1142</ymax>
		</bndbox>
	</object>
</annotation>
