<annotation>
	<folder>images</folder>
	<filename>396.JPG</filename>
	<path>E:\stu_four\能讯实习\备份\images\396.JPG</path>
	<source>
		<database>Unknown</database>
	</source>
	<size>
		<width>4608</width>
		<height>3456</height>
		<depth>3</depth>
	</size>
	<segmented>0</segmented>
	<object>
		<name>powerline</name>
		<pose>Unspecified</pose>
		<truncated>0</truncated>
		<difficult>0</difficult>
		<bndbox>
			<xmin>1435</xmin>
			<ymin>9</ymin>
			<xmax>1787</xmax>
			<ymax>1135</ymax>
		</bndbox>
	</object>
	<object>
		<name>powerline</name>
		<pose>Unspecified</pose>
		<truncated>0</truncated>
		<difficult>0</difficult>
		<bndbox>
			<xmin>2035</xmin>
			<ymin>35</ymin>
			<xmax>2172</xmax>
			<ymax>1119</ymax>
		</bndbox>
	</object>
	<object>
		<name>powerline</name>
		<pose>Unspecified</pose>
		<truncated>0</truncated>
		<difficult>0</difficult>
		<bndbox>
			<xmin>2329</xmin>
			<ymin>40</ymin>
			<xmax>2535</xmax>
			<ymax>1188</ymax>
		</bndbox>
	</object>
	<object>
		<name>powerline</name>
		<pose>Unspecified</pose>
		<truncated>0</truncated>
		<difficult>0</difficult>
		<bndbox>
			<xmin>2756</xmin>
			<ymin>25</ymin>
			<xmax>3145</xmax>
			<ymax>856</ymax>
		</bndbox>
	</object>
	<object>
		<name>powerline</name>
		<pose>Unspecified</pose>
		<truncated>0</truncated>
		<difficult>0</difficult>
		<bndbox>
			<xmin>3708</xmin>
			<ymin>61</ymin>
			<xmax>4582</xmax>
			<ymax>919</ymax>
		</bndbox>
	</object>
</annotation>
