<annotation>
	<folder>images</folder>
	<filename>4.JPG</filename>
	<path>E:\stu_four\能讯实习\备份\images\4.JPG</path>
	<source>
		<database>Unknown</database>
	</source>
	<size>
		<width>5184</width>
		<height>3888</height>
		<depth>3</depth>
	</size>
	<segmented>0</segmented>
	<object>
		<name>powerline</name>
		<pose>Unspecified</pose>
		<truncated>0</truncated>
		<difficult>0</difficult>
		<bndbox>
			<xmin>2204</xmin>
			<ymin>22</ymin>
			<xmax>2504</xmax>
			<ymax>965</ymax>
		</bndbox>
	</object>
	<object>
		<name>powerline</name>
		<pose>Unspecified</pose>
		<truncated>0</truncated>
		<difficult>0</difficult>
		<bndbox>
			<xmin>2286</xmin>
			<ymin>47</ymin>
			<xmax>2754</xmax>
			<ymax>1090</ymax>
		</bndbox>
	</object>
	<object>
		<name>powerline</name>
		<pose>Unspecified</pose>
		<truncated>1</truncated>
		<difficult>0</difficult>
		<bndbox>
			<xmin>2829</xmin>
			<ymin>1</ymin>
			<xmax>3117</xmax>
			<ymax>1325</ymax>
		</bndbox>
	</object>
</annotation>
