<annotation>
	<folder>images</folder>
	<filename>400.JPG</filename>
	<path>E:\stu_four\能讯实习\备份\images\400.JPG</path>
	<source>
		<database>Unknown</database>
	</source>
	<size>
		<width>4608</width>
		<height>3456</height>
		<depth>3</depth>
	</size>
	<segmented>0</segmented>
	<object>
		<name>powerline</name>
		<pose>Unspecified</pose>
		<truncated>1</truncated>
		<difficult>0</difficult>
		<bndbox>
			<xmin>2555</xmin>
			<ymin>1</ymin>
			<xmax>2803</xmax>
			<ymax>926</ymax>
		</bndbox>
	</object>
	<object>
		<name>powerline</name>
		<pose>Unspecified</pose>
		<truncated>0</truncated>
		<difficult>0</difficult>
		<bndbox>
			<xmin>2266</xmin>
			<ymin>9</ymin>
			<xmax>2477</xmax>
			<ymax>993</ymax>
		</bndbox>
	</object>
	<object>
		<name>powerline</name>
		<pose>Unspecified</pose>
		<truncated>0</truncated>
		<difficult>0</difficult>
		<bndbox>
			<xmin>1998</xmin>
			<ymin>814</ymin>
			<xmax>2266</xmax>
			<ymax>1356</ymax>
		</bndbox>
	</object>
</annotation>
