<annotation>
	<folder>images</folder>
	<filename>405.JPG</filename>
	<path>E:\stu_four\能讯实习\备份\images\405.JPG</path>
	<source>
		<database>Unknown</database>
	</source>
	<size>
		<width>4608</width>
		<height>3456</height>
		<depth>3</depth>
	</size>
	<segmented>0</segmented>
	<object>
		<name>powerline</name>
		<pose>Unspecified</pose>
		<truncated>0</truncated>
		<difficult>0</difficult>
		<bndbox>
			<xmin>745</xmin>
			<ymin>9</ymin>
			<xmax>1008</xmax>
			<ymax>882</ymax>
		</bndbox>
	</object>
	<object>
		<name>powerline</name>
		<pose>Unspecified</pose>
		<truncated>0</truncated>
		<difficult>0</difficult>
		<bndbox>
			<xmin>829</xmin>
			<ymin>9</ymin>
			<xmax>1150</xmax>
			<ymax>977</ymax>
		</bndbox>
	</object>
	<object>
		<name>powerline</name>
		<pose>Unspecified</pose>
		<truncated>0</truncated>
		<difficult>0</difficult>
		<bndbox>
			<xmin>1477</xmin>
			<ymin>19</ymin>
			<xmax>1650</xmax>
			<ymax>1056</ymax>
		</bndbox>
	</object>
</annotation>
