<annotation>
	<folder>images</folder>
	<filename>406.JPG</filename>
	<path>E:\stu_four\能讯实习\备份\images\406.JPG</path>
	<source>
		<database>Unknown</database>
	</source>
	<size>
		<width>4608</width>
		<height>3456</height>
		<depth>3</depth>
	</size>
	<segmented>0</segmented>
	<object>
		<name>powerline</name>
		<pose>Unspecified</pose>
		<truncated>0</truncated>
		<difficult>0</difficult>
		<bndbox>
			<xmin>2219</xmin>
			<ymin>9</ymin>
			<xmax>2477</xmax>
			<ymax>898</ymax>
		</bndbox>
	</object>
	<object>
		<name>powerline</name>
		<pose>Unspecified</pose>
		<truncated>0</truncated>
		<difficult>0</difficult>
		<bndbox>
			<xmin>2277</xmin>
			<ymin>19</ymin>
			<xmax>2361</xmax>
			<ymax>667</ymax>
		</bndbox>
	</object>
	<object>
		<name>powerline</name>
		<pose>Unspecified</pose>
		<truncated>1</truncated>
		<difficult>0</difficult>
		<bndbox>
			<xmin>2787</xmin>
			<ymin>1</ymin>
			<xmax>2934</xmax>
			<ymax>977</ymax>
		</bndbox>
	</object>
	<object>
		<name>powerline</name>
		<pose>Unspecified</pose>
		<truncated>0</truncated>
		<difficult>0</difficult>
		<bndbox>
			<xmin>2845</xmin>
			<ymin>14</ymin>
			<xmax>3124</xmax>
			<ymax>825</ymax>
		</bndbox>
	</object>
</annotation>
