<annotation>
	<folder>images</folder>
	<filename>411.JPG</filename>
	<path>E:\stu_four\能讯实习\备份\images\411.JPG</path>
	<source>
		<database>Unknown</database>
	</source>
	<size>
		<width>4608</width>
		<height>3456</height>
		<depth>3</depth>
	</size>
	<segmented>0</segmented>
	<object>
		<name>powerline</name>
		<pose>Unspecified</pose>
		<truncated>0</truncated>
		<difficult>0</difficult>
		<bndbox>
			<xmin>1866</xmin>
			<ymin>14</ymin>
			<xmax>2177</xmax>
			<ymax>1119</ymax>
		</bndbox>
	</object>
	<object>
		<name>powerline</name>
		<pose>Unspecified</pose>
		<truncated>0</truncated>
		<difficult>0</difficult>
		<bndbox>
			<xmin>2340</xmin>
			<ymin>4</ymin>
			<xmax>2461</xmax>
			<ymax>1061</ymax>
		</bndbox>
	</object>
	<object>
		<name>powerline</name>
		<pose>Unspecified</pose>
		<truncated>0</truncated>
		<difficult>0</difficult>
		<bndbox>
			<xmin>2682</xmin>
			<ymin>25</ymin>
			<xmax>2940</xmax>
			<ymax>1040</ymax>
		</bndbox>
	</object>
	<object>
		<name>powerline</name>
		<pose>Unspecified</pose>
		<truncated>0</truncated>
		<difficult>0</difficult>
		<bndbox>
			<xmin>2361</xmin>
			<ymin>35</ymin>
			<xmax>2640</xmax>
			<ymax>856</ymax>
		</bndbox>
	</object>
</annotation>
