<annotation>
	<folder>images</folder>
	<filename>415.JPG</filename>
	<path>E:\stu_four\能讯实习\备份\images\415.JPG</path>
	<source>
		<database>Unknown</database>
	</source>
	<size>
		<width>4608</width>
		<height>3456</height>
		<depth>3</depth>
	</size>
	<segmented>0</segmented>
	<object>
		<name>powerline</name>
		<pose>Unspecified</pose>
		<truncated>0</truncated>
		<difficult>0</difficult>
		<bndbox>
			<xmin>2119</xmin>
			<ymin>9</ymin>
			<xmax>2198</xmax>
			<ymax>925</ymax>
		</bndbox>
	</object>
	<object>
		<name>powerline</name>
		<pose>Unspecified</pose>
		<truncated>0</truncated>
		<difficult>0</difficult>
		<bndbox>
			<xmin>2503</xmin>
			<ymin>14</ymin>
			<xmax>2698</xmax>
			<ymax>898</ymax>
		</bndbox>
	</object>
	<object>
		<name>powerline</name>
		<pose>Unspecified</pose>
		<truncated>0</truncated>
		<difficult>0</difficult>
		<bndbox>
			<xmin>2850</xmin>
			<ymin>14</ymin>
			<xmax>3293</xmax>
			<ymax>1014</ymax>
		</bndbox>
	</object>
	<object>
		<name>powerline</name>
		<pose>Unspecified</pose>
		<truncated>0</truncated>
		<difficult>0</difficult>
		<bndbox>
			<xmin>3914</xmin>
			<ymin>435</ymin>
			<xmax>4482</xmax>
			<ymax>1567</ymax>
		</bndbox>
	</object>
	<object>
		<name>powerline</name>
		<pose>Unspecified</pose>
		<truncated>0</truncated>
		<difficult>0</difficult>
		<bndbox>
			<xmin>2293</xmin>
			<ymin>9</ymin>
			<xmax>2408</xmax>
			<ymax>951</ymax>
		</bndbox>
	</object>
</annotation>
