<annotation>
	<folder>images</folder>
	<filename>424.JPG</filename>
	<path>E:\stu_four\能讯实习\备份\images\424.JPG</path>
	<source>
		<database>Unknown</database>
	</source>
	<size>
		<width>4608</width>
		<height>3456</height>
		<depth>3</depth>
	</size>
	<segmented>0</segmented>
	<object>
		<name>powerline</name>
		<pose>Unspecified</pose>
		<truncated>0</truncated>
		<difficult>0</difficult>
		<bndbox>
			<xmin>1810</xmin>
			<ymin>14</ymin>
			<xmax>1982</xmax>
			<ymax>948</ymax>
		</bndbox>
	</object>
	<object>
		<name>powerline</name>
		<pose>Unspecified</pose>
		<truncated>0</truncated>
		<difficult>0</difficult>
		<bndbox>
			<xmin>2226</xmin>
			<ymin>7</ymin>
			<xmax>2495</xmax>
			<ymax>966</ymax>
		</bndbox>
	</object>
	<object>
		<name>powerline</name>
		<pose>Unspecified</pose>
		<truncated>0</truncated>
		<difficult>0</difficult>
		<bndbox>
			<xmin>2405</xmin>
			<ymin>14</ymin>
			<xmax>2556</xmax>
			<ymax>1076</ymax>
		</bndbox>
	</object>
</annotation>
