<annotation>
	<folder>images</folder>
	<filename>425.JPG</filename>
	<path>E:\stu_four\能讯实习\备份\images\425.JPG</path>
	<source>
		<database>Unknown</database>
	</source>
	<size>
		<width>4608</width>
		<height>3456</height>
		<depth>3</depth>
	</size>
	<segmented>0</segmented>
	<object>
		<name>powerline</name>
		<pose>Unspecified</pose>
		<truncated>0</truncated>
		<difficult>0</difficult>
		<bndbox>
			<xmin>1887</xmin>
			<ymin>14</ymin>
			<xmax>2245</xmax>
			<ymax>1225</ymax>
		</bndbox>
	</object>
	<object>
		<name>powerline</name>
		<pose>Unspecified</pose>
		<truncated>0</truncated>
		<difficult>0</difficult>
		<bndbox>
			<xmin>2435</xmin>
			<ymin>9</ymin>
			<xmax>2708</xmax>
			<ymax>1067</ymax>
		</bndbox>
	</object>
	<object>
		<name>powerline</name>
		<pose>Unspecified</pose>
		<truncated>0</truncated>
		<difficult>0</difficult>
		<bndbox>
			<xmin>3019</xmin>
			<ymin>14</ymin>
			<xmax>3556</xmax>
			<ymax>935</ymax>
		</bndbox>
	</object>
	<object>
		<name>powerline</name>
		<pose>Unspecified</pose>
		<truncated>0</truncated>
		<difficult>0</difficult>
		<bndbox>
			<xmin>2635</xmin>
			<ymin>30</ymin>
			<xmax>3003</xmax>
			<ymax>1356</ymax>
		</bndbox>
	</object>
</annotation>
