<annotation>
	<folder>images</folder>
	<filename>43.JPG</filename>
	<path>E:\stu_four\能讯实习\备份\images\43.JPG</path>
	<source>
		<database>Unknown</database>
	</source>
	<size>
		<width>4608</width>
		<height>3456</height>
		<depth>3</depth>
	</size>
	<segmented>0</segmented>
	<object>
		<name>powerline</name>
		<pose>Unspecified</pose>
		<truncated>0</truncated>
		<difficult>0</difficult>
		<bndbox>
			<xmin>2219</xmin>
			<ymin>4</ymin>
			<xmax>2361</xmax>
			<ymax>1098</ymax>
		</bndbox>
	</object>
	<object>
		<name>powerline</name>
		<pose>Unspecified</pose>
		<truncated>0</truncated>
		<difficult>0</difficult>
		<bndbox>
			<xmin>2445</xmin>
			<ymin>25</ymin>
			<xmax>2772</xmax>
			<ymax>1240</ymax>
		</bndbox>
	</object>
	<object>
		<name>powerline</name>
		<pose>Unspecified</pose>
		<truncated>0</truncated>
		<difficult>0</difficult>
		<bndbox>
			<xmin>2919</xmin>
			<ymin>35</ymin>
			<xmax>3287</xmax>
			<ymax>835</ymax>
		</bndbox>
	</object>
</annotation>
