<annotation>
	<folder>images</folder>
	<filename>430.JPG</filename>
	<path>E:\stu_four\能讯实习\备份\images\430.JPG</path>
	<source>
		<database>Unknown</database>
	</source>
	<size>
		<width>4608</width>
		<height>3456</height>
		<depth>3</depth>
	</size>
	<segmented>0</segmented>
	<object>
		<name>powerline</name>
		<pose>Unspecified</pose>
		<truncated>1</truncated>
		<difficult>0</difficult>
		<bndbox>
			<xmin>1676</xmin>
			<ymin>1</ymin>
			<xmax>1986</xmax>
			<ymax>1216</ymax>
		</bndbox>
	</object>
	<object>
		<name>powerline</name>
		<pose>Unspecified</pose>
		<truncated>0</truncated>
		<difficult>0</difficult>
		<bndbox>
			<xmin>2135</xmin>
			<ymin>9</ymin>
			<xmax>2361</xmax>
			<ymax>1040</ymax>
		</bndbox>
	</object>
	<object>
		<name>powerline</name>
		<pose>Unspecified</pose>
		<truncated>0</truncated>
		<difficult>0</difficult>
		<bndbox>
			<xmin>2529</xmin>
			<ymin>14</ymin>
			<xmax>2987</xmax>
			<ymax>1009</ymax>
		</bndbox>
	</object>
	<object>
		<name>powerline</name>
		<pose>Unspecified</pose>
		<truncated>0</truncated>
		<difficult>0</difficult>
		<bndbox>
			<xmin>3998</xmin>
			<ymin>719</ymin>
			<xmax>4587</xmax>
			<ymax>940</ymax>
		</bndbox>
	</object>
	<object>
		<name>powerline</name>
		<pose>Unspecified</pose>
		<truncated>1</truncated>
		<difficult>0</difficult>
		<bndbox>
			<xmin>4350</xmin>
			<ymin>914</ymin>
			<xmax>4608</xmax>
			<ymax>1324</ymax>
		</bndbox>
	</object>
	<object>
		<name>powerline</name>
		<pose>Unspecified</pose>
		<truncated>0</truncated>
		<difficult>0</difficult>
		<bndbox>
			<xmin>3777</xmin>
			<ymin>672</ymin>
			<xmax>3961</xmax>
			<ymax>1388</ymax>
		</bndbox>
	</object>
	<object>
		<name>insulator</name>
		<pose>Unspecified</pose>
		<truncated>0</truncated>
		<difficult>0</difficult>
		<bndbox>
			<xmin>3607</xmin>
			<ymin>1316</ymin>
			<xmax>3683</xmax>
			<ymax>1347</ymax>
		</bndbox>
	</object>
	<object>
		<name>insulator</name>
		<pose>Unspecified</pose>
		<truncated>0</truncated>
		<difficult>0</difficult>
		<bndbox>
			<xmin>3154</xmin>
			<ymin>1312</ymin>
			<xmax>3211</xmax>
			<ymax>1382</ymax>
		</bndbox>
	</object>
	<object>
		<name>insulator</name>
		<pose>Unspecified</pose>
		<truncated>0</truncated>
		<difficult>0</difficult>
		<bndbox>
			<xmin>3505</xmin>
			<ymin>1347</ymin>
			<xmax>3575</xmax>
			<ymax>1406</ymax>
		</bndbox>
	</object>
</annotation>
