<annotation>
	<folder>images</folder>
	<filename>434.JPG</filename>
	<path>E:\stu_four\能讯实习\备份\images\434.JPG</path>
	<source>
		<database>Unknown</database>
	</source>
	<size>
		<width>4608</width>
		<height>3456</height>
		<depth>3</depth>
	</size>
	<segmented>0</segmented>
	<object>
		<name>powerline</name>
		<pose>Unspecified</pose>
		<truncated>0</truncated>
		<difficult>0</difficult>
		<bndbox>
			<xmin>1919</xmin>
			<ymin>14</ymin>
			<xmax>2129</xmax>
			<ymax>882</ymax>
		</bndbox>
	</object>
	<object>
		<name>powerline</name>
		<pose>Unspecified</pose>
		<truncated>0</truncated>
		<difficult>0</difficult>
		<bndbox>
			<xmin>2350</xmin>
			<ymin>31</ymin>
			<xmax>2561</xmax>
			<ymax>846</ymax>
		</bndbox>
	</object>
</annotation>
