<annotation>
	<folder>images</folder>
	<filename>435.JPG</filename>
	<path>E:\stu_four\能讯实习\备份\images\435.JPG</path>
	<source>
		<database>Unknown</database>
	</source>
	<size>
		<width>4608</width>
		<height>3456</height>
		<depth>3</depth>
	</size>
	<segmented>0</segmented>
	<object>
		<name>powerline</name>
		<pose>Unspecified</pose>
		<truncated>0</truncated>
		<difficult>0</difficult>
		<bndbox>
			<xmin>1861</xmin>
			<ymin>4</ymin>
			<xmax>2019</xmax>
			<ymax>1188</ymax>
		</bndbox>
	</object>
	<object>
		<name>powerline</name>
		<pose>Unspecified</pose>
		<truncated>0</truncated>
		<difficult>0</difficult>
		<bndbox>
			<xmin>1919</xmin>
			<ymin>19</ymin>
			<xmax>2150</xmax>
			<ymax>998</ymax>
		</bndbox>
	</object>
	<object>
		<name>powerline</name>
		<pose>Unspecified</pose>
		<truncated>0</truncated>
		<difficult>0</difficult>
		<bndbox>
			<xmin>2287</xmin>
			<ymin>4</ymin>
			<xmax>2572</xmax>
			<ymax>1119</ymax>
		</bndbox>
	</object>
	<object>
		<name>powerline</name>
		<pose>Unspecified</pose>
		<truncated>0</truncated>
		<difficult>0</difficult>
		<bndbox>
			<xmin>2903</xmin>
			<ymin>4</ymin>
			<xmax>3245</xmax>
			<ymax>704</ymax>
		</bndbox>
	</object>
</annotation>
