<annotation>
	<folder>images</folder>
	<filename>436.JPG</filename>
	<path>E:\stu_four\能讯实习\备份\images\436.JPG</path>
	<source>
		<database>Unknown</database>
	</source>
	<size>
		<width>4608</width>
		<height>3456</height>
		<depth>3</depth>
	</size>
	<segmented>0</segmented>
	<object>
		<name>powerline</name>
		<pose>Unspecified</pose>
		<truncated>0</truncated>
		<difficult>0</difficult>
		<bndbox>
			<xmin>1673</xmin>
			<ymin>2141</ymin>
			<xmax>1749</xmax>
			<ymax>2562</ymax>
		</bndbox>
	</object>
	<object>
		<name>powerline</name>
		<pose>Unspecified</pose>
		<truncated>0</truncated>
		<difficult>0</difficult>
		<bndbox>
			<xmin>883</xmin>
			<ymin>831</ymin>
			<xmax>966</xmax>
			<ymax>1066</ymax>
		</bndbox>
	</object>
</annotation>
