<annotation>
	<folder>images</folder>
	<filename>439.JPG</filename>
	<path>E:\stu_four\能讯实习\备份\images\439.JPG</path>
	<source>
		<database>Unknown</database>
	</source>
	<size>
		<width>4608</width>
		<height>3456</height>
		<depth>3</depth>
	</size>
	<segmented>0</segmented>
	<object>
		<name>powerline</name>
		<pose>Unspecified</pose>
		<truncated>0</truncated>
		<difficult>0</difficult>
		<bndbox>
			<xmin>1890</xmin>
			<ymin>17</ymin>
			<xmax>2003</xmax>
			<ymax>559</ymax>
		</bndbox>
	</object>
	<object>
		<name>powerline</name>
		<pose>Unspecified</pose>
		<truncated>1</truncated>
		<difficult>0</difficult>
		<bndbox>
			<xmin>2335</xmin>
			<ymin>1</ymin>
			<xmax>2400</xmax>
			<ymax>628</ymax>
		</bndbox>
	</object>
	<object>
		<name>powerline</name>
		<pose>Unspecified</pose>
		<truncated>0</truncated>
		<difficult>0</difficult>
		<bndbox>
			<xmin>2538</xmin>
			<ymin>3</ymin>
			<xmax>2690</xmax>
			<ymax>928</ymax>
		</bndbox>
	</object>
</annotation>
