<annotation>
	<folder>images</folder>
	<filename>440.JPG</filename>
	<path>E:\stu_four\能讯实习\备份\images\440.JPG</path>
	<source>
		<database>Unknown</database>
	</source>
	<size>
		<width>4608</width>
		<height>3456</height>
		<depth>3</depth>
	</size>
	<segmented>0</segmented>
	<object>
		<name>powerline</name>
		<pose>Unspecified</pose>
		<truncated>0</truncated>
		<difficult>0</difficult>
		<bndbox>
			<xmin>1829</xmin>
			<ymin>4</ymin>
			<xmax>2182</xmax>
			<ymax>1067</ymax>
		</bndbox>
	</object>
	<object>
		<name>powerline</name>
		<pose>Unspecified</pose>
		<truncated>1</truncated>
		<difficult>0</difficult>
		<bndbox>
			<xmin>2382</xmin>
			<ymin>1</ymin>
			<xmax>2856</xmax>
			<ymax>988</ymax>
		</bndbox>
	</object>
	<object>
		<name>powerline</name>
		<pose>Unspecified</pose>
		<truncated>0</truncated>
		<difficult>0</difficult>
		<bndbox>
			<xmin>2866</xmin>
			<ymin>9</ymin>
			<xmax>3387</xmax>
			<ymax>898</ymax>
		</bndbox>
	</object>
</annotation>
