<annotation>
	<folder>images</folder>
	<filename>444.JPG</filename>
	<path>E:\stu_four\能讯实习\备份\images\444.JPG</path>
	<source>
		<database>Unknown</database>
	</source>
	<size>
		<width>4608</width>
		<height>3456</height>
		<depth>3</depth>
	</size>
	<segmented>0</segmented>
	<object>
		<name>powerline</name>
		<pose>Unspecified</pose>
		<truncated>0</truncated>
		<difficult>0</difficult>
		<bndbox>
			<xmin>1640</xmin>
			<ymin>4</ymin>
			<xmax>2077</xmax>
			<ymax>851</ymax>
		</bndbox>
	</object>
	<object>
		<name>powerline</name>
		<pose>Unspecified</pose>
		<truncated>0</truncated>
		<difficult>0</difficult>
		<bndbox>
			<xmin>2129</xmin>
			<ymin>4</ymin>
			<xmax>2393</xmax>
			<ymax>735</ymax>
		</bndbox>
	</object>
	<object>
		<name>powerline</name>
		<pose>Unspecified</pose>
		<truncated>0</truncated>
		<difficult>0</difficult>
		<bndbox>
			<xmin>2535</xmin>
			<ymin>4</ymin>
			<xmax>2787</xmax>
			<ymax>925</ymax>
		</bndbox>
	</object>
</annotation>
