<annotation>
	<folder>images</folder>
	<filename>445.JPG</filename>
	<path>E:\stu_four\能讯实习\备份\images\445.JPG</path>
	<source>
		<database>Unknown</database>
	</source>
	<size>
		<width>4608</width>
		<height>3456</height>
		<depth>3</depth>
	</size>
	<segmented>0</segmented>
	<object>
		<name>powerline</name>
		<pose>Unspecified</pose>
		<truncated>1</truncated>
		<difficult>0</difficult>
		<bndbox>
			<xmin>2256</xmin>
			<ymin>1</ymin>
			<xmax>2477</xmax>
			<ymax>751</ymax>
		</bndbox>
	</object>
	<object>
		<name>powerline</name>
		<pose>Unspecified</pose>
		<truncated>1</truncated>
		<difficult>0</difficult>
		<bndbox>
			<xmin>2655</xmin>
			<ymin>1</ymin>
			<xmax>2913</xmax>
			<ymax>806</ymax>
		</bndbox>
	</object>
	<object>
		<name>powerline</name>
		<pose>Unspecified</pose>
		<truncated>0</truncated>
		<difficult>0</difficult>
		<bndbox>
			<xmin>2956</xmin>
			<ymin>4</ymin>
			<xmax>3303</xmax>
			<ymax>704</ymax>
		</bndbox>
	</object>
</annotation>
