<annotation>
	<folder>images</folder>
	<filename>450.JPG</filename>
	<path>E:\stu_four\能讯实习\备份\images\450.JPG</path>
	<source>
		<database>Unknown</database>
	</source>
	<size>
		<width>4608</width>
		<height>3456</height>
		<depth>3</depth>
	</size>
	<segmented>0</segmented>
	<object>
		<name>powerline</name>
		<pose>Unspecified</pose>
		<truncated>1</truncated>
		<difficult>0</difficult>
		<bndbox>
			<xmin>1746</xmin>
			<ymin>1</ymin>
			<xmax>1935</xmax>
			<ymax>852</ymax>
		</bndbox>
	</object>
	<object>
		<name>powerline</name>
		<pose>Unspecified</pose>
		<truncated>1</truncated>
		<difficult>0</difficult>
		<bndbox>
			<xmin>2008</xmin>
			<ymin>1</ymin>
			<xmax>2166</xmax>
			<ymax>842</ymax>
		</bndbox>
	</object>
	<object>
		<name>powerline</name>
		<pose>Unspecified</pose>
		<truncated>0</truncated>
		<difficult>0</difficult>
		<bndbox>
			<xmin>2645</xmin>
			<ymin>14</ymin>
			<xmax>2903</xmax>
			<ymax>998</ymax>
		</bndbox>
	</object>
	<object>
		<name>powerline</name>
		<pose>Unspecified</pose>
		<truncated>1</truncated>
		<difficult>0</difficult>
		<bndbox>
			<xmin>2961</xmin>
			<ymin>1</ymin>
			<xmax>3514</xmax>
			<ymax>979</ymax>
		</bndbox>
	</object>
	<object>
		<name>powerline</name>
		<pose>Unspecified</pose>
		<truncated>0</truncated>
		<difficult>0</difficult>
		<bndbox>
			<xmin>2508</xmin>
			<ymin>4</ymin>
			<xmax>2650</xmax>
			<ymax>1204</ymax>
		</bndbox>
	</object>
</annotation>
