<annotation>
	<folder>images</folder>
	<filename>451.JPG</filename>
	<path>E:\stu_four\能讯实习\备份\images\451.JPG</path>
	<source>
		<database>Unknown</database>
	</source>
	<size>
		<width>4608</width>
		<height>3456</height>
		<depth>3</depth>
	</size>
	<segmented>0</segmented>
	<object>
		<name>insulator</name>
		<pose>Unspecified</pose>
		<truncated>0</truncated>
		<difficult>0</difficult>
		<bndbox>
			<xmin>1674</xmin>
			<ymin>769</ymin>
			<xmax>1709</xmax>
			<ymax>876</ymax>
		</bndbox>
	</object>
	<object>
		<name>insulator</name>
		<pose>Unspecified</pose>
		<truncated>0</truncated>
		<difficult>0</difficult>
		<bndbox>
			<xmin>2198</xmin>
			<ymin>800</ymin>
			<xmax>2225</xmax>
			<ymax>908</ymax>
		</bndbox>
	</object>
	<object>
		<name>insulator</name>
		<pose>Unspecified</pose>
		<truncated>0</truncated>
		<difficult>0</difficult>
		<bndbox>
			<xmin>2673</xmin>
			<ymin>831</ymin>
			<xmax>2713</xmax>
			<ymax>931</ymax>
		</bndbox>
	</object>
	<object>
		<name>hammer</name>
		<pose>Unspecified</pose>
		<truncated>0</truncated>
		<difficult>0</difficult>
		<bndbox>
			<xmin>1676</xmin>
			<ymin>947</ymin>
			<xmax>1694</xmax>
			<ymax>986</ymax>
		</bndbox>
	</object>
	<object>
		<name>hammer</name>
		<pose>Unspecified</pose>
		<truncated>0</truncated>
		<difficult>0</difficult>
		<bndbox>
			<xmin>2171</xmin>
			<ymin>992</ymin>
			<xmax>2194</xmax>
			<ymax>1024</ymax>
		</bndbox>
	</object>
	<object>
		<name>hammer</name>
		<pose>Unspecified</pose>
		<truncated>0</truncated>
		<difficult>0</difficult>
		<bndbox>
			<xmin>2646</xmin>
			<ymin>1001</ymin>
			<xmax>2668</xmax>
			<ymax>1033</ymax>
		</bndbox>
	</object>
	<object>
		<name>hammer</name>
		<pose>Unspecified</pose>
		<truncated>0</truncated>
		<difficult>0</difficult>
		<bndbox>
			<xmin>2736</xmin>
			<ymin>862</ymin>
			<xmax>2763</xmax>
			<ymax>887</ymax>
		</bndbox>
	</object>
	<object>
		<name>powerline</name>
		<pose>Unspecified</pose>
		<truncated>1</truncated>
		<difficult>0</difficult>
		<bndbox>
			<xmin>1766</xmin>
			<ymin>1</ymin>
			<xmax>1972</xmax>
			<ymax>316</ymax>
		</bndbox>
	</object>
	<object>
		<name>powerline</name>
		<pose>Unspecified</pose>
		<truncated>1</truncated>
		<difficult>0</difficult>
		<bndbox>
			<xmin>2524</xmin>
			<ymin>1</ymin>
			<xmax>2724</xmax>
			<ymax>347</ymax>
		</bndbox>
	</object>
	<object>
		<name>powerline</name>
		<pose>Unspecified</pose>
		<truncated>0</truncated>
		<difficult>0</difficult>
		<bndbox>
			<xmin>2793</xmin>
			<ymin>14</ymin>
			<xmax>3403</xmax>
			<ymax>804</ymax>
		</bndbox>
	</object>
</annotation>
