<annotation>
	<folder>images</folder>
	<filename>454.JPG</filename>
	<path>E:\stu_four\能讯实习\备份\images\454.JPG</path>
	<source>
		<database>Unknown</database>
	</source>
	<size>
		<width>4608</width>
		<height>3456</height>
		<depth>3</depth>
	</size>
	<segmented>0</segmented>
	<object>
		<name>powerline</name>
		<pose>Unspecified</pose>
		<truncated>0</truncated>
		<difficult>0</difficult>
		<bndbox>
			<xmin>1408</xmin>
			<ymin>9</ymin>
			<xmax>1661</xmax>
			<ymax>856</ymax>
		</bndbox>
	</object>
	<object>
		<name>powerline</name>
		<pose>Unspecified</pose>
		<truncated>1</truncated>
		<difficult>0</difficult>
		<bndbox>
			<xmin>1803</xmin>
			<ymin>1</ymin>
			<xmax>1950</xmax>
			<ymax>921</ymax>
		</bndbox>
	</object>
	<object>
		<name>powerline</name>
		<pose>Unspecified</pose>
		<truncated>1</truncated>
		<difficult>0</difficult>
		<bndbox>
			<xmin>2134</xmin>
			<ymin>1</ymin>
			<xmax>2266</xmax>
			<ymax>1026</ymax>
		</bndbox>
	</object>
	<object>
		<name>powerline</name>
		<pose>Unspecified</pose>
		<truncated>0</truncated>
		<difficult>0</difficult>
		<bndbox>
			<xmin>2393</xmin>
			<ymin>9</ymin>
			<xmax>2987</xmax>
			<ymax>1240</ymax>
		</bndbox>
	</object>
</annotation>
