<annotation>
	<folder>images</folder>
	<filename>459.JPG</filename>
	<path>E:\stu_four\能讯实习\备份\images\459.JPG</path>
	<source>
		<database>Unknown</database>
	</source>
	<size>
		<width>4608</width>
		<height>3456</height>
		<depth>3</depth>
	</size>
	<segmented>0</segmented>
	<object>
		<name>powerline</name>
		<pose>Unspecified</pose>
		<truncated>1</truncated>
		<difficult>0</difficult>
		<bndbox>
			<xmin>1208</xmin>
			<ymin>1</ymin>
			<xmax>1651</xmax>
			<ymax>831</ymax>
		</bndbox>
	</object>
	<object>
		<name>powerline</name>
		<pose>Unspecified</pose>
		<truncated>1</truncated>
		<difficult>0</difficult>
		<bndbox>
			<xmin>1914</xmin>
			<ymin>1</ymin>
			<xmax>2050</xmax>
			<ymax>947</ymax>
		</bndbox>
	</object>
	<object>
		<name>powerline</name>
		<pose>Unspecified</pose>
		<truncated>0</truncated>
		<difficult>0</difficult>
		<bndbox>
			<xmin>1435</xmin>
			<ymin>4</ymin>
			<xmax>1624</xmax>
			<ymax>725</ymax>
		</bndbox>
	</object>
</annotation>
