<annotation>
	<folder>images</folder>
	<filename>460.JPG</filename>
	<path>E:\stu_four\能讯实习\备份\images\460.JPG</path>
	<source>
		<database>Unknown</database>
	</source>
	<size>
		<width>4608</width>
		<height>3456</height>
		<depth>3</depth>
	</size>
	<segmented>0</segmented>
	<object>
		<name>powerline</name>
		<pose>Unspecified</pose>
		<truncated>0</truncated>
		<difficult>0</difficult>
		<bndbox>
			<xmin>2282</xmin>
			<ymin>4</ymin>
			<xmax>2508</xmax>
			<ymax>1056</ymax>
		</bndbox>
	</object>
	<object>
		<name>powerline</name>
		<pose>Unspecified</pose>
		<truncated>0</truncated>
		<difficult>0</difficult>
		<bndbox>
			<xmin>2814</xmin>
			<ymin>14</ymin>
			<xmax>3224</xmax>
			<ymax>951</ymax>
		</bndbox>
	</object>
	<object>
		<name>powerline</name>
		<pose>Unspecified</pose>
		<truncated>0</truncated>
		<difficult>0</difficult>
		<bndbox>
			<xmin>2735</xmin>
			<ymin>9</ymin>
			<xmax>3145</xmax>
			<ymax>1246</ymax>
		</bndbox>
	</object>
</annotation>
