<annotation>
	<folder>images</folder>
	<filename>465.JPG</filename>
	<path>E:\stu_four\能讯实习\备份\images\465.JPG</path>
	<source>
		<database>Unknown</database>
	</source>
	<size>
		<width>4608</width>
		<height>3456</height>
		<depth>3</depth>
	</size>
	<segmented>0</segmented>
	<object>
		<name>powerline</name>
		<pose>Unspecified</pose>
		<truncated>0</truncated>
		<difficult>0</difficult>
		<bndbox>
			<xmin>2577</xmin>
			<ymin>13</ymin>
			<xmax>3101</xmax>
			<ymax>1037</ymax>
		</bndbox>
	</object>
	<object>
		<name>powerline</name>
		<pose>Unspecified</pose>
		<truncated>0</truncated>
		<difficult>0</difficult>
		<bndbox>
			<xmin>2177</xmin>
			<ymin>19</ymin>
			<xmax>2371</xmax>
			<ymax>1313</ymax>
		</bndbox>
	</object>
	<object>
		<name>powerline</name>
		<pose>Unspecified</pose>
		<truncated>1</truncated>
		<difficult>0</difficult>
		<bndbox>
			<xmin>1460</xmin>
			<ymin>1</ymin>
			<xmax>1960</xmax>
			<ymax>1290</ymax>
		</bndbox>
	</object>
</annotation>
