<annotation>
	<folder>images</folder>
	<filename>468.JPG</filename>
	<path>E:\stu_four\能讯实习\备份\images\468.JPG</path>
	<source>
		<database>Unknown</database>
	</source>
	<size>
		<width>3264</width>
		<height>2448</height>
		<depth>3</depth>
	</size>
	<segmented>0</segmented>
	<object>
		<name>powerline</name>
		<pose>Unspecified</pose>
		<truncated>0</truncated>
		<difficult>0</difficult>
		<bndbox>
			<xmin>2578</xmin>
			<ymin>279</ymin>
			<xmax>2686</xmax>
			<ymax>664</ymax>
		</bndbox>
	</object>
	<object>
		<name>powerline</name>
		<pose>Unspecified</pose>
		<truncated>0</truncated>
		<difficult>0</difficult>
		<bndbox>
			<xmin>1570</xmin>
			<ymin>114</ymin>
			<xmax>2028</xmax>
			<ymax>394</ymax>
		</bndbox>
	</object>
</annotation>
