<annotation>
	<folder>images</folder>
	<filename>469.JPG</filename>
	<path>E:\stu_four\能讯实习\备份\images\469.JPG</path>
	<source>
		<database>Unknown</database>
	</source>
	<size>
		<width>4608</width>
		<height>3456</height>
		<depth>3</depth>
	</size>
	<segmented>0</segmented>
	<object>
		<name>powerline</name>
		<pose>Unspecified</pose>
		<truncated>0</truncated>
		<difficult>0</difficult>
		<bndbox>
			<xmin>903</xmin>
			<ymin>19</ymin>
			<xmax>1487</xmax>
			<ymax>1251</ymax>
		</bndbox>
	</object>
	<object>
		<name>powerline</name>
		<pose>Unspecified</pose>
		<truncated>0</truncated>
		<difficult>0</difficult>
		<bndbox>
			<xmin>1445</xmin>
			<ymin>14</ymin>
			<xmax>1829</xmax>
			<ymax>1251</ymax>
		</bndbox>
	</object>
	<object>
		<name>powerline</name>
		<pose>Unspecified</pose>
		<truncated>1</truncated>
		<difficult>0</difficult>
		<bndbox>
			<xmin>1741</xmin>
			<ymin>1</ymin>
			<xmax>2356</xmax>
			<ymax>1115</ymax>
		</bndbox>
	</object>
</annotation>
