<annotation>
	<folder>images</folder>
	<filename>470.JPG</filename>
	<path>E:\stu_four\能讯实习\备份\images\470.JPG</path>
	<source>
		<database>Unknown</database>
	</source>
	<size>
		<width>4608</width>
		<height>3456</height>
		<depth>3</depth>
	</size>
	<segmented>0</segmented>
	<object>
		<name>powerline</name>
		<pose>Unspecified</pose>
		<truncated>1</truncated>
		<difficult>0</difficult>
		<bndbox>
			<xmin>2034</xmin>
			<ymin>1</ymin>
			<xmax>2192</xmax>
			<ymax>1142</ymax>
		</bndbox>
	</object>
	<object>
		<name>powerline</name>
		<pose>Unspecified</pose>
		<truncated>0</truncated>
		<difficult>0</difficult>
		<bndbox>
			<xmin>2482</xmin>
			<ymin>9</ymin>
			<xmax>2724</xmax>
			<ymax>930</ymax>
		</bndbox>
	</object>
	<object>
		<name>powerline</name>
		<pose>Unspecified</pose>
		<truncated>0</truncated>
		<difficult>0</difficult>
		<bndbox>
			<xmin>2703</xmin>
			<ymin>4</ymin>
			<xmax>3529</xmax>
			<ymax>1051</ymax>
		</bndbox>
	</object>
</annotation>
