<annotation>
	<folder>images</folder>
	<filename>472.JPG</filename>
	<path>E:\stu_four\能讯实习\备份\images\472.JPG</path>
	<source>
		<database>Unknown</database>
	</source>
	<size>
		<width>4896</width>
		<height>3672</height>
		<depth>3</depth>
	</size>
	<segmented>0</segmented>
	<object>
		<name>powerline</name>
		<pose>Unspecified</pose>
		<truncated>0</truncated>
		<difficult>0</difficult>
		<bndbox>
			<xmin>2282</xmin>
			<ymin>15</ymin>
			<xmax>2665</xmax>
			<ymax>991</ymax>
		</bndbox>
	</object>
	<object>
		<name>powerline</name>
		<pose>Unspecified</pose>
		<truncated>1</truncated>
		<difficult>0</difficult>
		<bndbox>
			<xmin>2888</xmin>
			<ymin>1</ymin>
			<xmax>3153</xmax>
			<ymax>1282</ymax>
		</bndbox>
	</object>
	<object>
		<name>powerline</name>
		<pose>Unspecified</pose>
		<truncated>0</truncated>
		<difficult>0</difficult>
		<bndbox>
			<xmin>3294</xmin>
			<ymin>9</ymin>
			<xmax>3900</xmax>
			<ymax>1103</ymax>
		</bndbox>
	</object>
	<object>
		<name>powerline</name>
		<pose>Unspecified</pose>
		<truncated>0</truncated>
		<difficult>0</difficult>
		<bndbox>
			<xmin>3688</xmin>
			<ymin>1138</ymin>
			<xmax>4877</xmax>
			<ymax>1826</ymax>
		</bndbox>
	</object>
	<object>
		<name>powerline</name>
		<pose>Unspecified</pose>
		<truncated>0</truncated>
		<difficult>0</difficult>
		<bndbox>
			<xmin>3488</xmin>
			<ymin>1868</ymin>
			<xmax>4835</xmax>
			<ymax>2121</ymax>
		</bndbox>
	</object>
</annotation>
