<annotation>
	<folder>images</folder>
	<filename>473.JPG</filename>
	<path>E:\stu_four\能讯实习\备份\images\473.JPG</path>
	<source>
		<database>Unknown</database>
	</source>
	<size>
		<width>4896</width>
		<height>3672</height>
		<depth>3</depth>
	</size>
	<segmented>0</segmented>
	<object>
		<name>powerline</name>
		<pose>Unspecified</pose>
		<truncated>0</truncated>
		<difficult>0</difficult>
		<bndbox>
			<xmin>2430</xmin>
			<ymin>9</ymin>
			<xmax>2888</xmax>
			<ymax>979</ymax>
		</bndbox>
	</object>
	<object>
		<name>powerline</name>
		<pose>Unspecified</pose>
		<truncated>1</truncated>
		<difficult>0</difficult>
		<bndbox>
			<xmin>2905</xmin>
			<ymin>1</ymin>
			<xmax>3082</xmax>
			<ymax>1009</ymax>
		</bndbox>
	</object>
	<object>
		<name>powerline</name>
		<pose>Unspecified</pose>
		<truncated>0</truncated>
		<difficult>0</difficult>
		<bndbox>
			<xmin>3147</xmin>
			<ymin>9</ymin>
			<xmax>3724</xmax>
			<ymax>797</ymax>
		</bndbox>
	</object>
</annotation>
