<annotation>
	<folder>images</folder>
	<filename>476.JPG</filename>
	<path>E:\stu_four\能讯实习\备份\images\476.JPG</path>
	<source>
		<database>Unknown</database>
	</source>
	<size>
		<width>3264</width>
		<height>2448</height>
		<depth>3</depth>
	</size>
	<segmented>0</segmented>
	<object>
		<name>powerline</name>
		<pose>Unspecified</pose>
		<truncated>0</truncated>
		<difficult>0</difficult>
		<bndbox>
			<xmin>1812</xmin>
			<ymin>1571</ymin>
			<xmax>1962</xmax>
			<ymax>2014</ymax>
		</bndbox>
	</object>
	<object>
		<name>powerline</name>
		<pose>Unspecified</pose>
		<truncated>0</truncated>
		<difficult>0</difficult>
		<bndbox>
			<xmin>412</xmin>
			<ymin>1479</ymin>
			<xmax>543</xmax>
			<ymax>1798</ymax>
		</bndbox>
	</object>
</annotation>
