<annotation>
	<folder>images</folder>
	<filename>477.JPG</filename>
	<path>E:\stu_four\能讯实习\备份\images\477.JPG</path>
	<source>
		<database>Unknown</database>
	</source>
	<size>
		<width>4896</width>
		<height>3672</height>
		<depth>3</depth>
	</size>
	<segmented>0</segmented>
	<object>
		<name>powerline</name>
		<pose>Unspecified</pose>
		<truncated>0</truncated>
		<difficult>0</difficult>
		<bndbox>
			<xmin>1465</xmin>
			<ymin>9</ymin>
			<xmax>2459</xmax>
			<ymax>1056</ymax>
		</bndbox>
	</object>
	<object>
		<name>powerline</name>
		<pose>Unspecified</pose>
		<truncated>0</truncated>
		<difficult>0</difficult>
		<bndbox>
			<xmin>2912</xmin>
			<ymin>26</ymin>
			<xmax>3777</xmax>
			<ymax>1197</ymax>
		</bndbox>
	</object>
	<object>
		<name>powerline</name>
		<pose>Unspecified</pose>
		<truncated>0</truncated>
		<difficult>0</difficult>
		<bndbox>
			<xmin>2930</xmin>
			<ymin>3</ymin>
			<xmax>3247</xmax>
			<ymax>1056</ymax>
		</bndbox>
	</object>
	<object>
		<name>powerline</name>
		<pose>Unspecified</pose>
		<truncated>0</truncated>
		<difficult>0</difficult>
		<bndbox>
			<xmin>3700</xmin>
			<ymin>238</ymin>
			<xmax>4894</xmax>
			<ymax>1232</ymax>
		</bndbox>
	</object>
</annotation>
