<annotation>
	<folder>images</folder>
	<filename>478.JPG</filename>
	<path>E:\stu_four\能讯实习\备份\images\478.JPG</path>
	<source>
		<database>Unknown</database>
	</source>
	<size>
		<width>4896</width>
		<height>3672</height>
		<depth>3</depth>
	</size>
	<segmented>0</segmented>
	<object>
		<name>powerline</name>
		<pose>Unspecified</pose>
		<truncated>0</truncated>
		<difficult>0</difficult>
		<bndbox>
			<xmin>1024</xmin>
			<ymin>15</ymin>
			<xmax>1718</xmax>
			<ymax>903</ymax>
		</bndbox>
	</object>
	<object>
		<name>powerline</name>
		<pose>Unspecified</pose>
		<truncated>0</truncated>
		<difficult>0</difficult>
		<bndbox>
			<xmin>2218</xmin>
			<ymin>15</ymin>
			<xmax>2918</xmax>
			<ymax>1356</ymax>
		</bndbox>
	</object>
	<object>
		<name>powerline</name>
		<pose>Unspecified</pose>
		<truncated>0</truncated>
		<difficult>0</difficult>
		<bndbox>
			<xmin>2747</xmin>
			<ymin>15</ymin>
			<xmax>3071</xmax>
			<ymax>1515</ymax>
		</bndbox>
	</object>
	<object>
		<name>powerline</name>
		<pose>Unspecified</pose>
		<truncated>0</truncated>
		<difficult>0</difficult>
		<bndbox>
			<xmin>3482</xmin>
			<ymin>150</ymin>
			<xmax>4888</xmax>
			<ymax>944</ymax>
		</bndbox>
	</object>
	<object>
		<name>powerline</name>
		<pose>Unspecified</pose>
		<truncated>0</truncated>
		<difficult>0</difficult>
		<bndbox>
			<xmin>3482</xmin>
			<ymin>294</ymin>
			<xmax>3841</xmax>
			<ymax>1526</ymax>
		</bndbox>
	</object>
</annotation>
