<annotation>
	<folder>images</folder>
	<filename>482.JPG</filename>
	<path>E:\stu_four\能讯实习\备份\images\482.JPG</path>
	<source>
		<database>Unknown</database>
	</source>
	<size>
		<width>4896</width>
		<height>3672</height>
		<depth>3</depth>
	</size>
	<segmented>0</segmented>
	<object>
		<name>powerline</name>
		<pose>Unspecified</pose>
		<truncated>0</truncated>
		<difficult>0</difficult>
		<bndbox>
			<xmin>1447</xmin>
			<ymin>38</ymin>
			<xmax>1771</xmax>
			<ymax>944</ymax>
		</bndbox>
	</object>
	<object>
		<name>powerline</name>
		<pose>Unspecified</pose>
		<truncated>0</truncated>
		<difficult>0</difficult>
		<bndbox>
			<xmin>2018</xmin>
			<ymin>32</ymin>
			<xmax>2459</xmax>
			<ymax>1173</ymax>
		</bndbox>
	</object>
	<object>
		<name>powerline</name>
		<pose>Unspecified</pose>
		<truncated>0</truncated>
		<difficult>0</difficult>
		<bndbox>
			<xmin>2647</xmin>
			<ymin>26</ymin>
			<xmax>3124</xmax>
			<ymax>1291</ymax>
		</bndbox>
	</object>
</annotation>
