<annotation>
	<folder>images</folder>
	<filename>483.JPG</filename>
	<path>E:\stu_four\能讯实习\备份\images\483.JPG</path>
	<source>
		<database>Unknown</database>
	</source>
	<size>
		<width>4896</width>
		<height>3672</height>
		<depth>3</depth>
	</size>
	<segmented>0</segmented>
	<object>
		<name>powerline</name>
		<pose>Unspecified</pose>
		<truncated>1</truncated>
		<difficult>0</difficult>
		<bndbox>
			<xmin>2453</xmin>
			<ymin>1</ymin>
			<xmax>2970</xmax>
			<ymax>1106</ymax>
		</bndbox>
	</object>
	<object>
		<name>powerline</name>
		<pose>Unspecified</pose>
		<truncated>1</truncated>
		<difficult>0</difficult>
		<bndbox>
			<xmin>3047</xmin>
			<ymin>1</ymin>
			<xmax>3641</xmax>
			<ymax>1189</ymax>
		</bndbox>
	</object>
	<object>
		<name>powerline</name>
		<pose>Unspecified</pose>
		<truncated>0</truncated>
		<difficult>0</difficult>
		<bndbox>
			<xmin>3547</xmin>
			<ymin>26</ymin>
			<xmax>4400</xmax>
			<ymax>1303</ymax>
		</bndbox>
	</object>
</annotation>
