<annotation>
	<folder>images</folder>
	<filename>488.JPG</filename>
	<path>E:\stu_four\能讯实习\备份\images\488.JPG</path>
	<source>
		<database>Unknown</database>
	</source>
	<size>
		<width>4896</width>
		<height>3672</height>
		<depth>3</depth>
	</size>
	<segmented>0</segmented>
	<object>
		<name>powerline</name>
		<pose>Unspecified</pose>
		<truncated>0</truncated>
		<difficult>0</difficult>
		<bndbox>
			<xmin>3100</xmin>
			<ymin>44</ymin>
			<xmax>3688</xmax>
			<ymax>856</ymax>
		</bndbox>
	</object>
	<object>
		<name>powerline</name>
		<pose>Unspecified</pose>
		<truncated>1</truncated>
		<difficult>0</difficult>
		<bndbox>
			<xmin>2530</xmin>
			<ymin>1</ymin>
			<xmax>2924</xmax>
			<ymax>900</ymax>
		</bndbox>
	</object>
	<object>
		<name>powerline</name>
		<pose>Unspecified</pose>
		<truncated>0</truncated>
		<difficult>0</difficult>
		<bndbox>
			<xmin>2018</xmin>
			<ymin>50</ymin>
			<xmax>2800</xmax>
			<ymax>897</ymax>
		</bndbox>
	</object>
</annotation>
