<annotation>
	<folder>images</folder>
	<filename>489.JPG</filename>
	<path>E:\stu_four\能讯实习\备份\images\489.JPG</path>
	<source>
		<database>Unknown</database>
	</source>
	<size>
		<width>4896</width>
		<height>3672</height>
		<depth>3</depth>
	</size>
	<segmented>0</segmented>
	<object>
		<name>insulator</name>
		<pose>Unspecified</pose>
		<truncated>0</truncated>
		<difficult>0</difficult>
		<bndbox>
			<xmin>1900</xmin>
			<ymin>922</ymin>
			<xmax>1955</xmax>
			<ymax>1042</ymax>
		</bndbox>
	</object>
	<object>
		<name>insulator</name>
		<pose>Unspecified</pose>
		<truncated>0</truncated>
		<difficult>0</difficult>
		<bndbox>
			<xmin>2440</xmin>
			<ymin>1067</ymin>
			<xmax>2488</xmax>
			<ymax>1188</ymax>
		</bndbox>
	</object>
	<object>
		<name>insulator</name>
		<pose>Unspecified</pose>
		<truncated>0</truncated>
		<difficult>0</difficult>
		<bndbox>
			<xmin>2907</xmin>
			<ymin>1204</ymin>
			<xmax>2964</xmax>
			<ymax>1318</ymax>
		</bndbox>
	</object>
	<object>
		<name>hammer</name>
		<pose>Unspecified</pose>
		<truncated>0</truncated>
		<difficult>0</difficult>
		<bndbox>
			<xmin>2787</xmin>
			<ymin>1497</ymin>
			<xmax>2811</xmax>
			<ymax>1538</ymax>
		</bndbox>
	</object>
	<object>
		<name>hammer</name>
		<pose>Unspecified</pose>
		<truncated>0</truncated>
		<difficult>0</difficult>
		<bndbox>
			<xmin>2851</xmin>
			<ymin>1404</ymin>
			<xmax>2892</xmax>
			<ymax>1443</ymax>
		</bndbox>
	</object>
	<object>
		<name>hammer</name>
		<pose>Unspecified</pose>
		<truncated>0</truncated>
		<difficult>0</difficult>
		<bndbox>
			<xmin>3030</xmin>
			<ymin>1225</ymin>
			<xmax>3070</xmax>
			<ymax>1260</ymax>
		</bndbox>
	</object>
	<object>
		<name>hammer</name>
		<pose>Unspecified</pose>
		<truncated>0</truncated>
		<difficult>0</difficult>
		<bndbox>
			<xmin>3133</xmin>
			<ymin>1143</ymin>
			<xmax>3181</xmax>
			<ymax>1180</ymax>
		</bndbox>
	</object>
	<object>
		<name>powerline</name>
		<pose>Unspecified</pose>
		<truncated>0</truncated>
		<difficult>0</difficult>
		<bndbox>
			<xmin>2874</xmin>
			<ymin>457</ymin>
			<xmax>3418</xmax>
			<ymax>999</ymax>
		</bndbox>
	</object>
	<object>
		<name>powerline</name>
		<pose>Unspecified</pose>
		<truncated>0</truncated>
		<difficult>0</difficult>
		<bndbox>
			<xmin>1477</xmin>
			<ymin>1461</ymin>
			<xmax>2264</xmax>
			<ymax>2326</ymax>
		</bndbox>
	</object>
	<object>
		<name>powerline</name>
		<pose>Unspecified</pose>
		<truncated>1</truncated>
		<difficult>0</difficult>
		<bndbox>
			<xmin>2185</xmin>
			<ymin>1</ymin>
			<xmax>2585</xmax>
			<ymax>578</ymax>
		</bndbox>
	</object>
</annotation>
