<annotation>
	<folder>images</folder>
	<filename>49.JPG</filename>
	<path>E:\stu_four\能讯实习\备份\images\49.JPG</path>
	<source>
		<database>Unknown</database>
	</source>
	<size>
		<width>4608</width>
		<height>3456</height>
		<depth>3</depth>
	</size>
	<segmented>0</segmented>
	<object>
		<name>powerline</name>
		<pose>Unspecified</pose>
		<truncated>0</truncated>
		<difficult>0</difficult>
		<bndbox>
			<xmin>1203</xmin>
			<ymin>14</ymin>
			<xmax>1877</xmax>
			<ymax>1019</ymax>
		</bndbox>
	</object>
	<object>
		<name>powerline</name>
		<pose>Unspecified</pose>
		<truncated>0</truncated>
		<difficult>0</difficult>
		<bndbox>
			<xmin>966</xmin>
			<ymin>1114</ymin>
			<xmax>1603</xmax>
			<ymax>1551</ymax>
		</bndbox>
	</object>
	<object>
		<name>powerline</name>
		<pose>Unspecified</pose>
		<truncated>0</truncated>
		<difficult>0</difficult>
		<bndbox>
			<xmin>1972</xmin>
			<ymin>9</ymin>
			<xmax>2361</xmax>
			<ymax>1251</ymax>
		</bndbox>
	</object>
</annotation>
