<annotation>
	<folder>images</folder>
	<filename>490.JPG</filename>
	<path>E:\stu_four\能讯实习\备份\images\490.JPG</path>
	<source>
		<database>Unknown</database>
	</source>
	<size>
		<width>4896</width>
		<height>3672</height>
		<depth>3</depth>
	</size>
	<segmented>0</segmented>
	<object>
		<name>insulator</name>
		<pose>Unspecified</pose>
		<truncated>0</truncated>
		<difficult>0</difficult>
		<bndbox>
			<xmin>418</xmin>
			<ymin>791</ymin>
			<xmax>553</xmax>
			<ymax>1162</ymax>
		</bndbox>
	</object>
	<object>
		<name>insulator</name>
		<pose>Unspecified</pose>
		<truncated>0</truncated>
		<difficult>0</difficult>
		<bndbox>
			<xmin>2088</xmin>
			<ymin>1268</ymin>
			<xmax>2235</xmax>
			<ymax>1615</ymax>
		</bndbox>
	</object>
	<object>
		<name>insulator</name>
		<pose>Unspecified</pose>
		<truncated>0</truncated>
		<difficult>0</difficult>
		<bndbox>
			<xmin>3565</xmin>
			<ymin>1697</ymin>
			<xmax>3741</xmax>
			<ymax>2032</ymax>
		</bndbox>
	</object>
	<object>
		<name>hammer</name>
		<pose>Unspecified</pose>
		<truncated>0</truncated>
		<difficult>0</difficult>
		<bndbox>
			<xmin>275</xmin>
			<ymin>1448</ymin>
			<xmax>342</xmax>
			<ymax>1591</ymax>
		</bndbox>
	</object>
	<object>
		<name>hammer</name>
		<pose>Unspecified</pose>
		<truncated>0</truncated>
		<difficult>0</difficult>
		<bndbox>
			<xmin>107</xmin>
			<ymin>1802</ymin>
			<xmax>180</xmax>
			<ymax>1937</ymax>
		</bndbox>
	</object>
	<object>
		<name>hammer</name>
		<pose>Unspecified</pose>
		<truncated>0</truncated>
		<difficult>0</difficult>
		<bndbox>
			<xmin>1950</xmin>
			<ymin>1880</ymin>
			<xmax>2034</xmax>
			<ymax>2026</ymax>
		</bndbox>
	</object>
	<object>
		<name>hammer</name>
		<pose>Unspecified</pose>
		<truncated>0</truncated>
		<difficult>0</difficult>
		<bndbox>
			<xmin>3177</xmin>
			<ymin>2594</ymin>
			<xmax>3277</xmax>
			<ymax>2726</ymax>
		</bndbox>
	</object>
	<object>
		<name>hammer</name>
		<pose>Unspecified</pose>
		<truncated>0</truncated>
		<difficult>0</difficult>
		<bndbox>
			<xmin>3394</xmin>
			<ymin>2310</ymin>
			<xmax>3513</xmax>
			<ymax>2437</ymax>
		</bndbox>
	</object>
	<object>
		<name>hammer</name>
		<pose>Unspecified</pose>
		<truncated>0</truncated>
		<difficult>0</difficult>
		<bndbox>
			<xmin>3937</xmin>
			<ymin>1775</ymin>
			<xmax>4061</xmax>
			<ymax>1880</ymax>
		</bndbox>
	</object>
	<object>
		<name>hammer</name>
		<pose>Unspecified</pose>
		<truncated>0</truncated>
		<difficult>0</difficult>
		<bndbox>
			<xmin>4245</xmin>
			<ymin>1510</ymin>
			<xmax>4361</xmax>
			<ymax>1640</ymax>
		</bndbox>
	</object>
	<object>
		<name>hammer</name>
		<pose>Unspecified</pose>
		<truncated>0</truncated>
		<difficult>0</difficult>
		<bndbox>
			<xmin>823</xmin>
			<ymin>473</ymin>
			<xmax>962</xmax>
			<ymax>608</ymax>
		</bndbox>
	</object>
	<object>
		<name>hammer</name>
		<pose>Unspecified</pose>
		<truncated>0</truncated>
		<difficult>0</difficult>
		<bndbox>
			<xmin>1174</xmin>
			<ymin>37</ymin>
			<xmax>1232</xmax>
			<ymax>118</ymax>
		</bndbox>
	</object>
	<object>
		<name>hammer</name>
		<pose>Unspecified</pose>
		<truncated>0</truncated>
		<difficult>0</difficult>
		<bndbox>
			<xmin>1089</xmin>
			<ymin>182</ymin>
			<xmax>1145</xmax>
			<ymax>263</ymax>
		</bndbox>
	</object>
	<object>
		<name>hammer</name>
		<pose>Unspecified</pose>
		<truncated>0</truncated>
		<difficult>0</difficult>
		<bndbox>
			<xmin>2642</xmin>
			<ymin>1040</ymin>
			<xmax>2740</xmax>
			<ymax>1167</ymax>
		</bndbox>
	</object>
	<object>
		<name>hammer</name>
		<pose>Unspecified</pose>
		<truncated>0</truncated>
		<difficult>0</difficult>
		<bndbox>
			<xmin>2402</xmin>
			<ymin>1299</ymin>
			<xmax>2491</xmax>
			<ymax>1423</ymax>
		</bndbox>
	</object>
	<object>
		<name>hammer</name>
		<pose>Unspecified</pose>
		<truncated>0</truncated>
		<difficult>0</difficult>
		<bndbox>
			<xmin>3237</xmin>
			<ymin>785</ymin>
			<xmax>3296</xmax>
			<ymax>858</ymax>
		</bndbox>
	</object>
	<object>
		<name>hammer</name>
		<pose>Unspecified</pose>
		<truncated>0</truncated>
		<difficult>0</difficult>
		<bndbox>
			<xmin>3153</xmin>
			<ymin>885</ymin>
			<xmax>3215</xmax>
			<ymax>953</ymax>
		</bndbox>
	</object>
	<object>
		<name>powerline</name>
		<pose>Unspecified</pose>
		<truncated>1</truncated>
		<difficult>0</difficult>
		<bndbox>
			<xmin>3377</xmin>
			<ymin>1</ymin>
			<xmax>3871</xmax>
			<ymax>547</ymax>
		</bndbox>
	</object>
	<object>
		<name>powerline</name>
		<pose>Unspecified</pose>
		<truncated>0</truncated>
		<difficult>0</difficult>
		<bndbox>
			<xmin>1218</xmin>
			<ymin>2473</ymin>
			<xmax>1624</xmax>
			<ymax>3391</ymax>
		</bndbox>
	</object>
</annotation>
