<annotation>
	<folder>images</folder>
	<filename>491.JPG</filename>
	<path>E:\stu_four\能讯实习\备份\images\491.JPG</path>
	<source>
		<database>Unknown</database>
	</source>
	<size>
		<width>3264</width>
		<height>2448</height>
		<depth>3</depth>
	</size>
	<segmented>0</segmented>
	<object>
		<name>powerline</name>
		<pose>Unspecified</pose>
		<truncated>0</truncated>
		<difficult>0</difficult>
		<bndbox>
			<xmin>286</xmin>
			<ymin>147</ymin>
			<xmax>809</xmax>
			<ymax>555</ymax>
		</bndbox>
	</object>
</annotation>
