<annotation>
	<folder>images</folder>
	<filename>492.JPG</filename>
	<path>E:\stu_four\能讯实习\备份\images\492.JPG</path>
	<source>
		<database>Unknown</database>
	</source>
	<size>
		<width>4896</width>
		<height>3672</height>
		<depth>3</depth>
	</size>
	<segmented>0</segmented>
	<object>
		<name>powerline</name>
		<pose>Unspecified</pose>
		<truncated>0</truncated>
		<difficult>0</difficult>
		<bndbox>
			<xmin>1347</xmin>
			<ymin>15</ymin>
			<xmax>1782</xmax>
			<ymax>638</ymax>
		</bndbox>
	</object>
	<object>
		<name>powerline</name>
		<pose>Unspecified</pose>
		<truncated>0</truncated>
		<difficult>0</difficult>
		<bndbox>
			<xmin>1930</xmin>
			<ymin>15</ymin>
			<xmax>2147</xmax>
			<ymax>915</ymax>
		</bndbox>
	</object>
	<object>
		<name>powerline</name>
		<pose>Unspecified</pose>
		<truncated>0</truncated>
		<difficult>0</difficult>
		<bndbox>
			<xmin>2288</xmin>
			<ymin>3</ymin>
			<xmax>2706</xmax>
			<ymax>1050</ymax>
		</bndbox>
	</object>
</annotation>
