<annotation>
	<folder>images</folder>
	<filename>493.JPG</filename>
	<path>E:\stu_four\能讯实习\备份\images\493.JPG</path>
	<source>
		<database>Unknown</database>
	</source>
	<size>
		<width>4896</width>
		<height>3672</height>
		<depth>3</depth>
	</size>
	<segmented>0</segmented>
	<object>
		<name>powerline</name>
		<pose>Unspecified</pose>
		<truncated>0</truncated>
		<difficult>0</difficult>
		<bndbox>
			<xmin>1948</xmin>
			<ymin>8</ymin>
			<xmax>2254</xmax>
			<ymax>961</ymax>
		</bndbox>
	</object>
	<object>
		<name>powerline</name>
		<pose>Unspecified</pose>
		<truncated>1</truncated>
		<difficult>0</difficult>
		<bndbox>
			<xmin>2453</xmin>
			<ymin>1</ymin>
			<xmax>2694</xmax>
			<ymax>1123</ymax>
		</bndbox>
	</object>
	<object>
		<name>powerline</name>
		<pose>Unspecified</pose>
		<truncated>0</truncated>
		<difficult>0</difficult>
		<bndbox>
			<xmin>2812</xmin>
			<ymin>9</ymin>
			<xmax>3312</xmax>
			<ymax>1009</ymax>
		</bndbox>
	</object>
</annotation>
