<annotation>
	<folder>images</folder>
	<filename>497.JPG</filename>
	<path>E:\stu_four\能讯实习\备份\images\497.JPG</path>
	<source>
		<database>Unknown</database>
	</source>
	<size>
		<width>4896</width>
		<height>3672</height>
		<depth>3</depth>
	</size>
	<segmented>0</segmented>
	<object>
		<name>powerline</name>
		<pose>Unspecified</pose>
		<truncated>1</truncated>
		<difficult>0</difficult>
		<bndbox>
			<xmin>1665</xmin>
			<ymin>1</ymin>
			<xmax>2377</xmax>
			<ymax>847</ymax>
		</bndbox>
	</object>
	<object>
		<name>powerline</name>
		<pose>Unspecified</pose>
		<truncated>1</truncated>
		<difficult>0</difficult>
		<bndbox>
			<xmin>3018</xmin>
			<ymin>1</ymin>
			<xmax>3289</xmax>
			<ymax>1136</ymax>
		</bndbox>
	</object>
	<object>
		<name>powerline</name>
		<pose>Unspecified</pose>
		<truncated>1</truncated>
		<difficult>0</difficult>
		<bndbox>
			<xmin>2400</xmin>
			<ymin>1</ymin>
			<xmax>2653</xmax>
			<ymax>1229</ymax>
		</bndbox>
	</object>
</annotation>
