<annotation>
	<folder>images</folder>
	<filename>498.JPG</filename>
	<path>E:\stu_four\能讯实习\备份\images\498.JPG</path>
	<source>
		<database>Unknown</database>
	</source>
	<size>
		<width>4896</width>
		<height>3672</height>
		<depth>3</depth>
	</size>
	<segmented>0</segmented>
	<object>
		<name>powerline</name>
		<pose>Unspecified</pose>
		<truncated>0</truncated>
		<difficult>0</difficult>
		<bndbox>
			<xmin>2218</xmin>
			<ymin>3</ymin>
			<xmax>2618</xmax>
			<ymax>985</ymax>
		</bndbox>
	</object>
	<object>
		<name>powerline</name>
		<pose>Unspecified</pose>
		<truncated>0</truncated>
		<difficult>0</difficult>
		<bndbox>
			<xmin>2941</xmin>
			<ymin>26</ymin>
			<xmax>3453</xmax>
			<ymax>962</ymax>
		</bndbox>
	</object>
	<object>
		<name>powerline</name>
		<pose>Unspecified</pose>
		<truncated>0</truncated>
		<difficult>0</difficult>
		<bndbox>
			<xmin>3130</xmin>
			<ymin>9</ymin>
			<xmax>4118</xmax>
			<ymax>1156</ymax>
		</bndbox>
	</object>
</annotation>
