<annotation>
	<folder>images</folder>
	<filename>502.JPG</filename>
	<path>E:\stu_four\能讯实习\备份\images\502.JPG</path>
	<source>
		<database>Unknown</database>
	</source>
	<size>
		<width>4896</width>
		<height>3672</height>
		<depth>3</depth>
	</size>
	<segmented>0</segmented>
	<object>
		<name>powerline</name>
		<pose>Unspecified</pose>
		<truncated>0</truncated>
		<difficult>0</difficult>
		<bndbox>
			<xmin>2030</xmin>
			<ymin>32</ymin>
			<xmax>2406</xmax>
			<ymax>1044</ymax>
		</bndbox>
	</object>
	<object>
		<name>powerline</name>
		<pose>Unspecified</pose>
		<truncated>0</truncated>
		<difficult>0</difficult>
		<bndbox>
			<xmin>2294</xmin>
			<ymin>15</ymin>
			<xmax>2706</xmax>
			<ymax>1244</ymax>
		</bndbox>
	</object>
</annotation>
