<annotation>
	<folder>images</folder>
	<filename>506.JPG</filename>
	<path>E:\stu_four\能讯实习\备份\images\506.JPG</path>
	<source>
		<database>Unknown</database>
	</source>
	<size>
		<width>3264</width>
		<height>2448</height>
		<depth>3</depth>
	</size>
	<segmented>0</segmented>
	<object>
		<name>powerline</name>
		<pose>Unspecified</pose>
		<truncated>0</truncated>
		<difficult>0</difficult>
		<bndbox>
			<xmin>1062</xmin>
			<ymin>533</ymin>
			<xmax>1166</xmax>
			<ymax>983</ymax>
		</bndbox>
	</object>
	<object>
		<name>powerline</name>
		<pose>Unspecified</pose>
		<truncated>0</truncated>
		<difficult>0</difficult>
		<bndbox>
			<xmin>2112</xmin>
			<ymin>1764</ymin>
			<xmax>2389</xmax>
			<ymax>1979</ymax>
		</bndbox>
	</object>
</annotation>
