<annotation>
	<folder>images</folder>
	<filename>507.JPG</filename>
	<path>E:\stu_four\能讯实习\备份\images\507.JPG</path>
	<source>
		<database>Unknown</database>
	</source>
	<size>
		<width>4896</width>
		<height>3672</height>
		<depth>3</depth>
	</size>
	<segmented>0</segmented>
	<object>
		<name>powerline</name>
		<pose>Unspecified</pose>
		<truncated>0</truncated>
		<difficult>0</difficult>
		<bndbox>
			<xmin>1618</xmin>
			<ymin>26</ymin>
			<xmax>2112</xmax>
			<ymax>862</ymax>
		</bndbox>
	</object>
	<object>
		<name>powerline</name>
		<pose>Unspecified</pose>
		<truncated>0</truncated>
		<difficult>0</difficult>
		<bndbox>
			<xmin>1924</xmin>
			<ymin>15</ymin>
			<xmax>2424</xmax>
			<ymax>1103</ymax>
		</bndbox>
	</object>
	<object>
		<name>powerline</name>
		<pose>Unspecified</pose>
		<truncated>0</truncated>
		<difficult>0</difficult>
		<bndbox>
			<xmin>2271</xmin>
			<ymin>26</ymin>
			<xmax>2671</xmax>
			<ymax>1256</ymax>
		</bndbox>
	</object>
</annotation>
