<annotation>
	<folder>images</folder>
	<filename>508.JPG</filename>
	<path>E:\stu_four\能讯实习\备份\images\508.JPG</path>
	<source>
		<database>Unknown</database>
	</source>
	<size>
		<width>4896</width>
		<height>3672</height>
		<depth>3</depth>
	</size>
	<segmented>0</segmented>
	<object>
		<name>powerline</name>
		<pose>Unspecified</pose>
		<truncated>0</truncated>
		<difficult>0</difficult>
		<bndbox>
			<xmin>2212</xmin>
			<ymin>21</ymin>
			<xmax>2553</xmax>
			<ymax>1038</ymax>
		</bndbox>
	</object>
	<object>
		<name>powerline</name>
		<pose>Unspecified</pose>
		<truncated>0</truncated>
		<difficult>0</difficult>
		<bndbox>
			<xmin>2282</xmin>
			<ymin>3</ymin>
			<xmax>2500</xmax>
			<ymax>1185</ymax>
		</bndbox>
	</object>
</annotation>
