<annotation>
	<folder>images</folder>
	<filename>511.JPG</filename>
	<path>E:\stu_four\能讯实习\备份\images\511.JPG</path>
	<source>
		<database>Unknown</database>
	</source>
	<size>
		<width>3264</width>
		<height>2448</height>
		<depth>3</depth>
	</size>
	<segmented>0</segmented>
	<object>
		<name>powerline</name>
		<pose>Unspecified</pose>
		<truncated>0</truncated>
		<difficult>0</difficult>
		<bndbox>
			<xmin>2670</xmin>
			<ymin>456</ymin>
			<xmax>2962</xmax>
			<ymax>864</ymax>
		</bndbox>
	</object>
	<object>
		<name>powerline</name>
		<pose>Unspecified</pose>
		<truncated>0</truncated>
		<difficult>0</difficult>
		<bndbox>
			<xmin>1016</xmin>
			<ymin>1579</ymin>
			<xmax>1481</xmax>
			<ymax>1660</ymax>
		</bndbox>
	</object>
</annotation>
