<annotation>
	<folder>images</folder>
	<filename>512.JPG</filename>
	<path>E:\stu_four\能讯实习\备份\images\512.JPG</path>
	<source>
		<database>Unknown</database>
	</source>
	<size>
		<width>4896</width>
		<height>3672</height>
		<depth>3</depth>
	</size>
	<segmented>0</segmented>
	<object>
		<name>powerline</name>
		<pose>Unspecified</pose>
		<truncated>0</truncated>
		<difficult>0</difficult>
		<bndbox>
			<xmin>2500</xmin>
			<ymin>15</ymin>
			<xmax>2735</xmax>
			<ymax>1132</ymax>
		</bndbox>
	</object>
	<object>
		<name>powerline</name>
		<pose>Unspecified</pose>
		<truncated>0</truncated>
		<difficult>0</difficult>
		<bndbox>
			<xmin>2894</xmin>
			<ymin>44</ymin>
			<xmax>3406</xmax>
			<ymax>1126</ymax>
		</bndbox>
	</object>
	<object>
		<name>powerline</name>
		<pose>Unspecified</pose>
		<truncated>0</truncated>
		<difficult>0</difficult>
		<bndbox>
			<xmin>3330</xmin>
			<ymin>944</ymin>
			<xmax>4353</xmax>
			<ymax>1909</ymax>
		</bndbox>
	</object>
</annotation>
