<annotation>
	<folder>images</folder>
	<filename>513.JPG</filename>
	<path>E:\stu_four\能讯实习\备份\images\513.JPG</path>
	<source>
		<database>Unknown</database>
	</source>
	<size>
		<width>4896</width>
		<height>3672</height>
		<depth>3</depth>
	</size>
	<segmented>0</segmented>
	<object>
		<name>powerline</name>
		<pose>Unspecified</pose>
		<truncated>0</truncated>
		<difficult>0</difficult>
		<bndbox>
			<xmin>2212</xmin>
			<ymin>26</ymin>
			<xmax>2559</xmax>
			<ymax>1073</ymax>
		</bndbox>
	</object>
	<object>
		<name>powerline</name>
		<pose>Unspecified</pose>
		<truncated>1</truncated>
		<difficult>0</difficult>
		<bndbox>
			<xmin>2665</xmin>
			<ymin>1</ymin>
			<xmax>2983</xmax>
			<ymax>1300</ymax>
		</bndbox>
	</object>
</annotation>
