<annotation>
	<folder>images</folder>
	<filename>514.JPG</filename>
	<path>E:\stu_four\能讯实习\备份\images\514.JPG</path>
	<source>
		<database>Unknown</database>
	</source>
	<size>
		<width>4896</width>
		<height>3672</height>
		<depth>3</depth>
	</size>
	<segmented>0</segmented>
	<object>
		<name>insulator</name>
		<pose>Unspecified</pose>
		<truncated>0</truncated>
		<difficult>0</difficult>
		<bndbox>
			<xmin>2001</xmin>
			<ymin>1700</ymin>
			<xmax>2115</xmax>
			<ymax>1732</ymax>
		</bndbox>
	</object>
	<object>
		<name>insulator</name>
		<pose>Unspecified</pose>
		<truncated>0</truncated>
		<difficult>0</difficult>
		<bndbox>
			<xmin>2050</xmin>
			<ymin>1474</ymin>
			<xmax>2164</xmax>
			<ymax>1509</ymax>
		</bndbox>
	</object>
	<object>
		<name>insulator</name>
		<pose>Unspecified</pose>
		<truncated>0</truncated>
		<difficult>0</difficult>
		<bndbox>
			<xmin>2122</xmin>
			<ymin>1249</ymin>
			<xmax>2213</xmax>
			<ymax>1293</ymax>
		</bndbox>
	</object>
	<object>
		<name>insulator</name>
		<pose>Unspecified</pose>
		<truncated>0</truncated>
		<difficult>0</difficult>
		<bndbox>
			<xmin>2732</xmin>
			<ymin>1511</ymin>
			<xmax>2846</xmax>
			<ymax>1600</ymax>
		</bndbox>
	</object>
	<object>
		<name>insulator</name>
		<pose>Unspecified</pose>
		<truncated>0</truncated>
		<difficult>0</difficult>
		<bndbox>
			<xmin>2695</xmin>
			<ymin>1289</ymin>
			<xmax>2804</xmax>
			<ymax>1374</ymax>
		</bndbox>
	</object>
	<object>
		<name>insulator</name>
		<pose>Unspecified</pose>
		<truncated>0</truncated>
		<difficult>0</difficult>
		<bndbox>
			<xmin>2653</xmin>
			<ymin>1072</ymin>
			<xmax>2759</xmax>
			<ymax>1167</ymax>
		</bndbox>
	</object>
	<object>
		<name>insulator</name>
		<pose>Unspecified</pose>
		<truncated>0</truncated>
		<difficult>0</difficult>
		<bndbox>
			<xmin>2410</xmin>
			<ymin>1414</ymin>
			<xmax>2525</xmax>
			<ymax>1458</ymax>
		</bndbox>
	</object>
	<object>
		<name>insulator</name>
		<pose>Unspecified</pose>
		<truncated>0</truncated>
		<difficult>0</difficult>
		<bndbox>
			<xmin>2427</xmin>
			<ymin>1202</ymin>
			<xmax>2522</xmax>
			<ymax>1239</ymax>
		</bndbox>
	</object>
	<object>
		<name>insulator</name>
		<pose>Unspecified</pose>
		<truncated>0</truncated>
		<difficult>0</difficult>
		<bndbox>
			<xmin>2446</xmin>
			<ymin>1004</ymin>
			<xmax>2531</xmax>
			<ymax>1033</ymax>
		</bndbox>
	</object>
	<object>
		<name>insulator</name>
		<pose>Unspecified</pose>
		<truncated>0</truncated>
		<difficult>0</difficult>
		<bndbox>
			<xmin>2318</xmin>
			<ymin>1768</ymin>
			<xmax>2413</xmax>
			<ymax>1837</ymax>
		</bndbox>
	</object>
	<object>
		<name>powerline</name>
		<pose>Unspecified</pose>
		<truncated>0</truncated>
		<difficult>0</difficult>
		<bndbox>
			<xmin>571</xmin>
			<ymin>781</ymin>
			<xmax>1552</xmax>
			<ymax>1371</ymax>
		</bndbox>
	</object>
	<object>
		<name>powerline</name>
		<pose>Unspecified</pose>
		<truncated>0</truncated>
		<difficult>0</difficult>
		<bndbox>
			<xmin>567</xmin>
			<ymin>1224</ymin>
			<xmax>1600</xmax>
			<ymax>1776</ymax>
		</bndbox>
	</object>
	<object>
		<name>powerline</name>
		<pose>Unspecified</pose>
		<truncated>0</truncated>
		<difficult>0</difficult>
		<bndbox>
			<xmin>2933</xmin>
			<ymin>1224</ymin>
			<xmax>3295</xmax>
			<ymax>2129</ymax>
		</bndbox>
	</object>
	<object>
		<name>powerline</name>
		<pose>Unspecified</pose>
		<truncated>0</truncated>
		<difficult>0</difficult>
		<bndbox>
			<xmin>2652</xmin>
			<ymin>1643</ymin>
			<xmax>2938</xmax>
			<ymax>2310</ymax>
		</bndbox>
	</object>
</annotation>
