<annotation>
	<folder>images</folder>
	<filename>515.JPG</filename>
	<path>E:\stu_four\能讯实习\备份\images\515.JPG</path>
	<source>
		<database>Unknown</database>
	</source>
	<size>
		<width>4896</width>
		<height>3672</height>
		<depth>3</depth>
	</size>
	<segmented>0</segmented>
	<object>
		<name>insulator</name>
		<pose>Unspecified</pose>
		<truncated>0</truncated>
		<difficult>0</difficult>
		<bndbox>
			<xmin>567</xmin>
			<ymin>2083</ymin>
			<xmax>931</xmax>
			<ymax>2231</ymax>
		</bndbox>
	</object>
	<object>
		<name>insulator</name>
		<pose>Unspecified</pose>
		<truncated>0</truncated>
		<difficult>0</difficult>
		<bndbox>
			<xmin>929</xmin>
			<ymin>1491</ymin>
			<xmax>1256</xmax>
			<ymax>1599</ymax>
		</bndbox>
	</object>
	<object>
		<name>insulator</name>
		<pose>Unspecified</pose>
		<truncated>0</truncated>
		<difficult>0</difficult>
		<bndbox>
			<xmin>2188</xmin>
			<ymin>1829</ymin>
			<xmax>2537</xmax>
			<ymax>2048</ymax>
		</bndbox>
	</object>
	<object>
		<name>insulator</name>
		<pose>Unspecified</pose>
		<truncated>0</truncated>
		<difficult>0</difficult>
		<bndbox>
			<xmin>2307</xmin>
			<ymin>1204</ymin>
			<xmax>2610</xmax>
			<ymax>1421</ymax>
		</bndbox>
	</object>
	<object>
		<name>insulator</name>
		<pose>Unspecified</pose>
		<truncated>0</truncated>
		<difficult>0</difficult>
		<bndbox>
			<xmin>137</xmin>
			<ymin>2772</ymin>
			<xmax>550</xmax>
			<ymax>2929</ymax>
		</bndbox>
	</object>
	<object>
		<name>insulator</name>
		<pose>Unspecified</pose>
		<truncated>0</truncated>
		<difficult>0</difficult>
		<bndbox>
			<xmin>1142</xmin>
			<ymin>3369</ymin>
			<xmax>1475</xmax>
			<ymax>3642</ymax>
		</bndbox>
	</object>
	<object>
		<name>insulator</name>
		<pose>Unspecified</pose>
		<truncated>0</truncated>
		<difficult>0</difficult>
		<bndbox>
			<xmin>3085</xmin>
			<ymin>2596</ymin>
			<xmax>3413</xmax>
			<ymax>2961</ymax>
		</bndbox>
	</object>
	<object>
		<name>insulator</name>
		<pose>Unspecified</pose>
		<truncated>0</truncated>
		<difficult>0</difficult>
		<bndbox>
			<xmin>3018</xmin>
			<ymin>1883</ymin>
			<xmax>3315</xmax>
			<ymax>2218</ymax>
		</bndbox>
	</object>
	<object>
		<name>insulator</name>
		<pose>Unspecified</pose>
		<truncated>0</truncated>
		<difficult>0</difficult>
		<bndbox>
			<xmin>2950</xmin>
			<ymin>1258</ymin>
			<xmax>3248</xmax>
			<ymax>1583</ymax>
		</bndbox>
	</object>
	<object>
		<name>insulator</name>
		<pose>Unspecified</pose>
		<truncated>0</truncated>
		<difficult>0</difficult>
		<bndbox>
			<xmin>2410</xmin>
			<ymin>729</ymin>
			<xmax>2661</xmax>
			<ymax>883</ymax>
		</bndbox>
	</object>
	<object>
		<name>hammer</name>
		<pose>Unspecified</pose>
		<truncated>0</truncated>
		<difficult>0</difficult>
		<bndbox>
			<xmin>3455</xmin>
			<ymin>2611</ymin>
			<xmax>3527</xmax>
			<ymax>2716</ymax>
		</bndbox>
	</object>
	<object>
		<name>hammer</name>
		<pose>Unspecified</pose>
		<truncated>0</truncated>
		<difficult>0</difficult>
		<bndbox>
			<xmin>3536</xmin>
			<ymin>3330</ymin>
			<xmax>3610</xmax>
			<ymax>3439</ymax>
		</bndbox>
	</object>
	<object>
		<name>powerline</name>
		<pose>Unspecified</pose>
		<truncated>0</truncated>
		<difficult>0</difficult>
		<bndbox>
			<xmin>159</xmin>
			<ymin>550</ymin>
			<xmax>606</xmax>
			<ymax>1550</ymax>
		</bndbox>
	</object>
	<object>
		<name>powerline</name>
		<pose>Unspecified</pose>
		<truncated>0</truncated>
		<difficult>0</difficult>
		<bndbox>
			<xmin>1100</xmin>
			<ymin>9</ymin>
			<xmax>1671</xmax>
			<ymax>903</ymax>
		</bndbox>
	</object>
	<object>
		<name>powerline</name>
		<pose>Unspecified</pose>
		<truncated>0</truncated>
		<difficult>0</difficult>
		<bndbox>
			<xmin>3594</xmin>
			<ymin>2321</ymin>
			<xmax>3941</xmax>
			<ymax>3321</ymax>
		</bndbox>
	</object>
	<object>
		<name>insulator</name>
		<pose>Unspecified</pose>
		<truncated>0</truncated>
		<difficult>0</difficult>
		<bndbox>
			<xmin>1405</xmin>
			<ymin>2610</ymin>
			<xmax>1671</xmax>
			<ymax>2910</ymax>
		</bndbox>
	</object>
	<object>
		<name>insulator</name>
		<pose>Unspecified</pose>
		<truncated>0</truncated>
		<difficult>0</difficult>
		<bndbox>
			<xmin>1600</xmin>
			<ymin>1924</ymin>
			<xmax>1833</xmax>
			<ymax>2171</ymax>
		</bndbox>
	</object>
</annotation>
