<annotation>
	<folder>images</folder>
	<filename>517.JPG</filename>
	<path>E:\stu_four\能讯实习\备份\images\517.JPG</path>
	<source>
		<database>Unknown</database>
	</source>
	<size>
		<width>4896</width>
		<height>3672</height>
		<depth>3</depth>
	</size>
	<segmented>0</segmented>
	<object>
		<name>powerline</name>
		<pose>Unspecified</pose>
		<truncated>1</truncated>
		<difficult>0</difficult>
		<bndbox>
			<xmin>2853</xmin>
			<ymin>1</ymin>
			<xmax>3224</xmax>
			<ymax>1282</ymax>
		</bndbox>
	</object>
	<object>
		<name>powerline</name>
		<pose>Unspecified</pose>
		<truncated>0</truncated>
		<difficult>0</difficult>
		<bndbox>
			<xmin>2953</xmin>
			<ymin>9</ymin>
			<xmax>3541</xmax>
			<ymax>1162</ymax>
		</bndbox>
	</object>
</annotation>
