<annotation>
	<folder>images</folder>
	<filename>518.JPG</filename>
	<path>E:\stu_four\能讯实习\备份\images\518.JPG</path>
	<source>
		<database>Unknown</database>
	</source>
	<size>
		<width>4896</width>
		<height>3672</height>
		<depth>3</depth>
	</size>
	<segmented>0</segmented>
	<object>
		<name>powerline</name>
		<pose>Unspecified</pose>
		<truncated>1</truncated>
		<difficult>0</difficult>
		<bndbox>
			<xmin>1970</xmin>
			<ymin>1</ymin>
			<xmax>2623</xmax>
			<ymax>1394</ymax>
		</bndbox>
	</object>
	<object>
		<name>powerline</name>
		<pose>Unspecified</pose>
		<truncated>0</truncated>
		<difficult>0</difficult>
		<bndbox>
			<xmin>2830</xmin>
			<ymin>15</ymin>
			<xmax>3235</xmax>
			<ymax>1238</ymax>
		</bndbox>
	</object>
</annotation>
