<annotation>
	<folder>images</folder>
	<filename>52.JPG</filename>
	<path>E:\stu_four\能讯实习\备份\images\52.JPG</path>
	<source>
		<database>Unknown</database>
	</source>
	<size>
		<width>720</width>
		<height>960</height>
		<depth>3</depth>
	</size>
	<segmented>0</segmented>
	<object>
		<name>powerline</name>
		<pose>Unspecified</pose>
		<truncated>0</truncated>
		<difficult>0</difficult>
		<bndbox>
			<xmin>537</xmin>
			<ymin>738</ymin>
			<xmax>634</xmax>
			<ymax>801</ymax>
		</bndbox>
	</object>
	<object>
		<name>powerline</name>
		<pose>Unspecified</pose>
		<truncated>0</truncated>
		<difficult>0</difficult>
		<bndbox>
			<xmin>509</xmin>
			<ymin>591</ymin>
			<xmax>602</xmax>
			<ymax>671</ymax>
		</bndbox>
	</object>
</annotation>
