<annotation>
	<folder>images</folder>
	<filename>521.JPG</filename>
	<path>E:\stu_four\能讯实习\备份\images\521.JPG</path>
	<source>
		<database>Unknown</database>
	</source>
	<size>
		<width>4608</width>
		<height>3456</height>
		<depth>3</depth>
	</size>
	<segmented>0</segmented>
	<object>
		<name>insulator</name>
		<pose>Unspecified</pose>
		<truncated>0</truncated>
		<difficult>0</difficult>
		<bndbox>
			<xmin>1072</xmin>
			<ymin>2572</ymin>
			<xmax>1256</xmax>
			<ymax>3009</ymax>
		</bndbox>
	</object>
	<object>
		<name>insulator</name>
		<pose>Unspecified</pose>
		<truncated>0</truncated>
		<difficult>0</difficult>
		<bndbox>
			<xmin>2277</xmin>
			<ymin>1188</ymin>
			<xmax>2393</xmax>
			<ymax>1588</ymax>
		</bndbox>
	</object>
	<object>
		<name>insulator</name>
		<pose>Unspecified</pose>
		<truncated>0</truncated>
		<difficult>0</difficult>
		<bndbox>
			<xmin>3103</xmin>
			<ymin>1651</ymin>
			<xmax>3293</xmax>
			<ymax>2135</ymax>
		</bndbox>
	</object>
	<object>
		<name>hammer</name>
		<pose>Unspecified</pose>
		<truncated>0</truncated>
		<difficult>0</difficult>
		<bndbox>
			<xmin>698</xmin>
			<ymin>2782</ymin>
			<xmax>856</xmax>
			<ymax>2919</ymax>
		</bndbox>
	</object>
	<object>
		<name>hammer</name>
		<pose>Unspecified</pose>
		<truncated>0</truncated>
		<difficult>0</difficult>
		<bndbox>
			<xmin>3340</xmin>
			<ymin>2451</ymin>
			<xmax>3493</xmax>
			<ymax>2614</ymax>
		</bndbox>
	</object>
	<object>
		<name>hammer</name>
		<pose>Unspecified</pose>
		<truncated>0</truncated>
		<difficult>0</difficult>
		<bndbox>
			<xmin>3577</xmin>
			<ymin>540</ymin>
			<xmax>3687</xmax>
			<ymax>656</ymax>
		</bndbox>
	</object>
	<object>
		<name>powerline</name>
		<pose>Unspecified</pose>
		<truncated>1</truncated>
		<difficult>0</difficult>
		<bndbox>
			<xmin>288</xmin>
			<ymin>1</ymin>
			<xmax>872</xmax>
			<ymax>842</ymax>
		</bndbox>
	</object>
	<object>
		<name>powerline</name>
		<pose>Unspecified</pose>
		<truncated>0</truncated>
		<difficult>0</difficult>
		<bndbox>
			<xmin>3756</xmin>
			<ymin>709</ymin>
			<xmax>4098</xmax>
			<ymax>1119</ymax>
		</bndbox>
	</object>
	<object>
		<name>powerline</name>
		<pose>Unspecified</pose>
		<truncated>0</truncated>
		<difficult>0</difficult>
		<bndbox>
			<xmin>2845</xmin>
			<ymin>2230</ymin>
			<xmax>3087</xmax>
			<ymax>2804</ymax>
		</bndbox>
	</object>
</annotation>
