<annotation>
	<folder>images</folder>
	<filename>522.JPG</filename>
	<path>E:\stu_four\能讯实习\备份\images\522.JPG</path>
	<source>
		<database>Unknown</database>
	</source>
	<size>
		<width>4608</width>
		<height>3456</height>
		<depth>3</depth>
	</size>
	<segmented>0</segmented>
	<object>
		<name>powerline</name>
		<pose>Unspecified</pose>
		<truncated>0</truncated>
		<difficult>0</difficult>
		<bndbox>
			<xmin>524</xmin>
			<ymin>14</ymin>
			<xmax>1019</xmax>
			<ymax>1019</ymax>
		</bndbox>
	</object>
	<object>
		<name>powerline</name>
		<pose>Unspecified</pose>
		<truncated>0</truncated>
		<difficult>0</difficult>
		<bndbox>
			<xmin>45</xmin>
			<ymin>298</ymin>
			<xmax>550</xmax>
			<ymax>1146</ymax>
		</bndbox>
	</object>
	<object>
		<name>powerline</name>
		<pose>Unspecified</pose>
		<truncated>0</truncated>
		<difficult>0</difficult>
		<bndbox>
			<xmin>1114</xmin>
			<ymin>72</ymin>
			<xmax>1314</xmax>
			<ymax>1182</ymax>
		</bndbox>
	</object>
</annotation>
