<annotation>
	<folder>images</folder>
	<filename>523.JPG</filename>
	<path>E:\stu_four\能讯实习\备份\images\523.JPG</path>
	<source>
		<database>Unknown</database>
	</source>
	<size>
		<width>4608</width>
		<height>3456</height>
		<depth>3</depth>
	</size>
	<segmented>0</segmented>
	<object>
		<name>powerline</name>
		<pose>Unspecified</pose>
		<truncated>0</truncated>
		<difficult>0</difficult>
		<bndbox>
			<xmin>3324</xmin>
			<ymin>19</ymin>
			<xmax>4082</xmax>
			<ymax>1398</ymax>
		</bndbox>
	</object>
	<object>
		<name>powerline</name>
		<pose>Unspecified</pose>
		<truncated>0</truncated>
		<difficult>0</difficult>
		<bndbox>
			<xmin>3866</xmin>
			<ymin>19</ymin>
			<xmax>4114</xmax>
			<ymax>1177</ymax>
		</bndbox>
	</object>
</annotation>
