<annotation>
	<folder>images</folder>
	<filename>527.JPG</filename>
	<path>E:\stu_four\能讯实习\备份\images\527.JPG</path>
	<source>
		<database>Unknown</database>
	</source>
	<size>
		<width>4608</width>
		<height>3456</height>
		<depth>3</depth>
	</size>
	<segmented>0</segmented>
	<object>
		<name>powerline</name>
		<pose>Unspecified</pose>
		<truncated>0</truncated>
		<difficult>0</difficult>
		<bndbox>
			<xmin>2582</xmin>
			<ymin>9</ymin>
			<xmax>2793</xmax>
			<ymax>967</ymax>
		</bndbox>
	</object>
	<object>
		<name>powerline</name>
		<pose>Unspecified</pose>
		<truncated>0</truncated>
		<difficult>0</difficult>
		<bndbox>
			<xmin>2793</xmin>
			<ymin>35</ymin>
			<xmax>3556</xmax>
			<ymax>1082</ymax>
		</bndbox>
	</object>
</annotation>
