<annotation>
	<folder>images</folder>
	<filename>528.JPG</filename>
	<path>E:\stu_four\能讯实习\备份\images\528.JPG</path>
	<source>
		<database>Unknown</database>
	</source>
	<size>
		<width>4608</width>
		<height>3456</height>
		<depth>3</depth>
	</size>
	<segmented>0</segmented>
	<object>
		<name>powerline</name>
		<pose>Unspecified</pose>
		<truncated>0</truncated>
		<difficult>0</difficult>
		<bndbox>
			<xmin>1166</xmin>
			<ymin>9</ymin>
			<xmax>1693</xmax>
			<ymax>861</ymax>
		</bndbox>
	</object>
	<object>
		<name>powerline</name>
		<pose>Unspecified</pose>
		<truncated>0</truncated>
		<difficult>0</difficult>
		<bndbox>
			<xmin>1782</xmin>
			<ymin>9</ymin>
			<xmax>2314</xmax>
			<ymax>1114</ymax>
		</bndbox>
	</object>
</annotation>
