<annotation>
	<folder>images</folder>
	<filename>532.JPG</filename>
	<path>E:\stu_four\能讯实习\备份\images\532.JPG</path>
	<source>
		<database>Unknown</database>
	</source>
	<size>
		<width>4608</width>
		<height>3456</height>
		<depth>3</depth>
	</size>
	<segmented>0</segmented>
	<object>
		<name>powerline</name>
		<pose>Unspecified</pose>
		<truncated>0</truncated>
		<difficult>0</difficult>
		<bndbox>
			<xmin>1845</xmin>
			<ymin>14</ymin>
			<xmax>1961</xmax>
			<ymax>1019</ymax>
		</bndbox>
	</object>
	<object>
		<name>powerline</name>
		<pose>Unspecified</pose>
		<truncated>0</truncated>
		<difficult>0</difficult>
		<bndbox>
			<xmin>1345</xmin>
			<ymin>9</ymin>
			<xmax>1550</xmax>
			<ymax>1030</ymax>
		</bndbox>
	</object>
	<object>
		<name>powerline</name>
		<pose>Unspecified</pose>
		<truncated>0</truncated>
		<difficult>0</difficult>
		<bndbox>
			<xmin>545</xmin>
			<ymin>4</ymin>
			<xmax>1108</xmax>
			<ymax>756</ymax>
		</bndbox>
	</object>
</annotation>
