<annotation>
	<folder>images</folder>
	<filename>533.JPG</filename>
	<path>E:\stu_four\能讯实习\备份\images\533.JPG</path>
	<source>
		<database>Unknown</database>
	</source>
	<size>
		<width>4608</width>
		<height>3456</height>
		<depth>3</depth>
	</size>
	<segmented>0</segmented>
	<object>
		<name>powerline</name>
		<pose>Unspecified</pose>
		<truncated>0</truncated>
		<difficult>0</difficult>
		<bndbox>
			<xmin>1940</xmin>
			<ymin>4</ymin>
			<xmax>2172</xmax>
			<ymax>925</ymax>
		</bndbox>
	</object>
	<object>
		<name>powerline</name>
		<pose>Unspecified</pose>
		<truncated>1</truncated>
		<difficult>0</difficult>
		<bndbox>
			<xmin>2472</xmin>
			<ymin>1</ymin>
			<xmax>2703</xmax>
			<ymax>1009</ymax>
		</bndbox>
	</object>
	<object>
		<name>powerline</name>
		<pose>Unspecified</pose>
		<truncated>0</truncated>
		<difficult>0</difficult>
		<bndbox>
			<xmin>2950</xmin>
			<ymin>30</ymin>
			<xmax>3550</xmax>
			<ymax>588</ymax>
		</bndbox>
	</object>
</annotation>
