<annotation>
	<folder>images</folder>
	<filename>534.JPG</filename>
	<path>E:\stu_four\能讯实习\备份\images\534.JPG</path>
	<source>
		<database>Unknown</database>
	</source>
	<size>
		<width>4608</width>
		<height>3456</height>
		<depth>3</depth>
	</size>
	<segmented>0</segmented>
	<object>
		<name>powerline</name>
		<pose>Unspecified</pose>
		<truncated>0</truncated>
		<difficult>0</difficult>
		<bndbox>
			<xmin>3329</xmin>
			<ymin>419</ymin>
			<xmax>3508</xmax>
			<ymax>1340</ymax>
		</bndbox>
	</object>
	<object>
		<name>powerline</name>
		<pose>Unspecified</pose>
		<truncated>0</truncated>
		<difficult>0</difficult>
		<bndbox>
			<xmin>3740</xmin>
			<ymin>19</ymin>
			<xmax>4266</xmax>
			<ymax>946</ymax>
		</bndbox>
	</object>
	<object>
		<name>insulator</name>
		<pose>Unspecified</pose>
		<truncated>0</truncated>
		<difficult>0</difficult>
		<bndbox>
			<xmin>2445</xmin>
			<ymin>1630</ymin>
			<xmax>2462</xmax>
			<ymax>1692</ymax>
		</bndbox>
	</object>
	<object>
		<name>insulator</name>
		<pose>Unspecified</pose>
		<truncated>0</truncated>
		<difficult>0</difficult>
		<bndbox>
			<xmin>2616</xmin>
			<ymin>1474</ymin>
			<xmax>2630</xmax>
			<ymax>1535</ymax>
		</bndbox>
	</object>
	<object>
		<name>insulator</name>
		<pose>Unspecified</pose>
		<truncated>0</truncated>
		<difficult>0</difficult>
		<bndbox>
			<xmin>2772</xmin>
			<ymin>1650</ymin>
			<xmax>2791</xmax>
			<ymax>1716</ymax>
		</bndbox>
	</object>
</annotation>
