<annotation>
	<folder>images</folder>
	<filename>537.JPG</filename>
	<path>E:\stu_four\能讯实习\备份\images\537.JPG</path>
	<source>
		<database>Unknown</database>
	</source>
	<size>
		<width>4608</width>
		<height>3456</height>
		<depth>3</depth>
	</size>
	<segmented>0</segmented>
	<object>
		<name>powerline</name>
		<pose>Unspecified</pose>
		<truncated>0</truncated>
		<difficult>0</difficult>
		<bndbox>
			<xmin>598</xmin>
			<ymin>4</ymin>
			<xmax>924</xmax>
			<ymax>577</ymax>
		</bndbox>
	</object>
	<object>
		<name>powerline</name>
		<pose>Unspecified</pose>
		<truncated>0</truncated>
		<difficult>0</difficult>
		<bndbox>
			<xmin>1082</xmin>
			<ymin>4</ymin>
			<xmax>1566</xmax>
			<ymax>672</ymax>
		</bndbox>
	</object>
</annotation>
