<annotation>
	<folder>images</folder>
	<filename>538.JPG</filename>
	<path>E:\stu_four\能讯实习\备份\images\538.JPG</path>
	<source>
		<database>Unknown</database>
	</source>
	<size>
		<width>4608</width>
		<height>3456</height>
		<depth>3</depth>
	</size>
	<segmented>0</segmented>
	<object>
		<name>powerline</name>
		<pose>Unspecified</pose>
		<truncated>0</truncated>
		<difficult>0</difficult>
		<bndbox>
			<xmin>1814</xmin>
			<ymin>14</ymin>
			<xmax>2256</xmax>
			<ymax>1130</ymax>
		</bndbox>
	</object>
	<object>
		<name>powerline</name>
		<pose>Unspecified</pose>
		<truncated>0</truncated>
		<difficult>0</difficult>
		<bndbox>
			<xmin>2177</xmin>
			<ymin>19</ymin>
			<xmax>2514</xmax>
			<ymax>1230</ymax>
		</bndbox>
	</object>
	<object>
		<name>powerline</name>
		<pose>Unspecified</pose>
		<truncated>0</truncated>
		<difficult>0</difficult>
		<bndbox>
			<xmin>2182</xmin>
			<ymin>35</ymin>
			<xmax>2814</xmax>
			<ymax>1130</ymax>
		</bndbox>
	</object>
</annotation>
