<annotation>
	<folder>images</folder>
	<filename>54.JPG</filename>
	<path>E:\stu_four\能讯实习\备份\images\54.JPG</path>
	<source>
		<database>Unknown</database>
	</source>
	<size>
		<width>1920</width>
		<height>1080</height>
		<depth>3</depth>
	</size>
	<segmented>0</segmented>
	<object>
		<name>powerline</name>
		<pose>Unspecified</pose>
		<truncated>0</truncated>
		<difficult>0</difficult>
		<bndbox>
			<xmin>738</xmin>
			<ymin>597</ymin>
			<xmax>830</xmax>
			<ymax>839</ymax>
		</bndbox>
	</object>
</annotation>
