<annotation>
	<folder>images</folder>
	<filename>541.JPG</filename>
	<path>E:\stu_four\能讯实习\备份\images\541.JPG</path>
	<source>
		<database>Unknown</database>
	</source>
	<size>
		<width>4608</width>
		<height>3456</height>
		<depth>3</depth>
	</size>
	<segmented>0</segmented>
	<object>
		<name>powerline</name>
		<pose>Unspecified</pose>
		<truncated>0</truncated>
		<difficult>0</difficult>
		<bndbox>
			<xmin>514</xmin>
			<ymin>2298</ymin>
			<xmax>1298</xmax>
			<ymax>2604</ymax>
		</bndbox>
	</object>
</annotation>
