<annotation>
	<folder>images</folder>
	<filename>546.JPG</filename>
	<path>E:\stu_four\能讯实习\备份\images\546.JPG</path>
	<source>
		<database>Unknown</database>
	</source>
	<size>
		<width>4608</width>
		<height>3456</height>
		<depth>3</depth>
	</size>
	<segmented>0</segmented>
	<object>
		<name>powerline</name>
		<pose>Unspecified</pose>
		<truncated>0</truncated>
		<difficult>0</difficult>
		<bndbox>
			<xmin>1672</xmin>
			<ymin>9</ymin>
			<xmax>1966</xmax>
			<ymax>925</ymax>
		</bndbox>
	</object>
	<object>
		<name>powerline</name>
		<pose>Unspecified</pose>
		<truncated>0</truncated>
		<difficult>0</difficult>
		<bndbox>
			<xmin>2098</xmin>
			<ymin>14</ymin>
			<xmax>2787</xmax>
			<ymax>1188</ymax>
		</bndbox>
	</object>
</annotation>
