<annotation>
	<folder>images</folder>
	<filename>549.JPG</filename>
	<path>E:\stu_four\能讯实习\备份\images\549.JPG</path>
	<source>
		<database>Unknown</database>
	</source>
	<size>
		<width>3264</width>
		<height>2448</height>
		<depth>3</depth>
	</size>
	<segmented>0</segmented>
	<object>
		<name>powerline</name>
		<pose>Unspecified</pose>
		<truncated>0</truncated>
		<difficult>0</difficult>
		<bndbox>
			<xmin>93</xmin>
			<ymin>487</ymin>
			<xmax>386</xmax>
			<ymax>1210</ymax>
		</bndbox>
	</object>
	<object>
		<name>powerline</name>
		<pose>Unspecified</pose>
		<truncated>0</truncated>
		<difficult>0</difficult>
		<bndbox>
			<xmin>2224</xmin>
			<ymin>1394</ymin>
			<xmax>2697</xmax>
			<ymax>1575</ymax>
		</bndbox>
	</object>
</annotation>
