<annotation>
	<folder>images</folder>
	<filename>550.JPG</filename>
	<path>E:\stu_four\能讯实习\备份\images\550.JPG</path>
	<source>
		<database>Unknown</database>
	</source>
	<size>
		<width>4608</width>
		<height>3456</height>
		<depth>3</depth>
	</size>
	<segmented>0</segmented>
	<object>
		<name>powerline</name>
		<pose>Unspecified</pose>
		<truncated>0</truncated>
		<difficult>0</difficult>
		<bndbox>
			<xmin>624</xmin>
			<ymin>272</ymin>
			<xmax>1014</xmax>
			<ymax>1072</ymax>
		</bndbox>
	</object>
	<object>
		<name>powerline</name>
		<pose>Unspecified</pose>
		<truncated>1</truncated>
		<difficult>0</difficult>
		<bndbox>
			<xmin>1129</xmin>
			<ymin>1</ymin>
			<xmax>1819</xmax>
			<ymax>1027</ymax>
		</bndbox>
	</object>
	<object>
		<name>powerline</name>
		<pose>Unspecified</pose>
		<truncated>0</truncated>
		<difficult>0</difficult>
		<bndbox>
			<xmin>2256</xmin>
			<ymin>4</ymin>
			<xmax>2398</xmax>
			<ymax>1135</ymax>
		</bndbox>
	</object>
</annotation>
