<annotation>
	<folder>images</folder>
	<filename>551.JPG</filename>
	<path>E:\stu_four\能讯实习\备份\images\551.JPG</path>
	<source>
		<database>Unknown</database>
	</source>
	<size>
		<width>4608</width>
		<height>3456</height>
		<depth>3</depth>
	</size>
	<segmented>0</segmented>
	<object>
		<name>powerline</name>
		<pose>Unspecified</pose>
		<truncated>0</truncated>
		<difficult>0</difficult>
		<bndbox>
			<xmin>1687</xmin>
			<ymin>4</ymin>
			<xmax>1961</xmax>
			<ymax>951</ymax>
		</bndbox>
	</object>
	<object>
		<name>powerline</name>
		<pose>Unspecified</pose>
		<truncated>0</truncated>
		<difficult>0</difficult>
		<bndbox>
			<xmin>2150</xmin>
			<ymin>9</ymin>
			<xmax>2350</xmax>
			<ymax>1093</ymax>
		</bndbox>
	</object>
	<object>
		<name>powerline</name>
		<pose>Unspecified</pose>
		<truncated>0</truncated>
		<difficult>0</difficult>
		<bndbox>
			<xmin>2482</xmin>
			<ymin>14</ymin>
			<xmax>2908</xmax>
			<ymax>1019</ymax>
		</bndbox>
	</object>
</annotation>
