<annotation>
	<folder>images</folder>
	<filename>556.JPG</filename>
	<path>E:\stu_four\能讯实习\备份\images\556.JPG</path>
	<source>
		<database>Unknown</database>
	</source>
	<size>
		<width>4608</width>
		<height>3456</height>
		<depth>3</depth>
	</size>
	<segmented>0</segmented>
	<object>
		<name>powerline</name>
		<pose>Unspecified</pose>
		<truncated>0</truncated>
		<difficult>0</difficult>
		<bndbox>
			<xmin>1219</xmin>
			<ymin>9</ymin>
			<xmax>1603</xmax>
			<ymax>1056</ymax>
		</bndbox>
	</object>
	<object>
		<name>powerline</name>
		<pose>Unspecified</pose>
		<truncated>0</truncated>
		<difficult>0</difficult>
		<bndbox>
			<xmin>1714</xmin>
			<ymin>4</ymin>
			<xmax>1882</xmax>
			<ymax>998</ymax>
		</bndbox>
	</object>
	<object>
		<name>powerline</name>
		<pose>Unspecified</pose>
		<truncated>0</truncated>
		<difficult>0</difficult>
		<bndbox>
			<xmin>1835</xmin>
			<ymin>4</ymin>
			<xmax>2272</xmax>
			<ymax>1225</ymax>
		</bndbox>
	</object>
</annotation>
