<annotation>
	<folder>images</folder>
	<filename>557.JPG</filename>
	<path>E:\stu_four\能讯实习\备份\images\557.JPG</path>
	<source>
		<database>Unknown</database>
	</source>
	<size>
		<width>4608</width>
		<height>3456</height>
		<depth>3</depth>
	</size>
	<segmented>0</segmented>
	<object>
		<name>powerline</name>
		<pose>Unspecified</pose>
		<truncated>0</truncated>
		<difficult>0</difficult>
		<bndbox>
			<xmin>1398</xmin>
			<ymin>9</ymin>
			<xmax>1598</xmax>
			<ymax>1219</ymax>
		</bndbox>
	</object>
	<object>
		<name>powerline</name>
		<pose>Unspecified</pose>
		<truncated>0</truncated>
		<difficult>0</difficult>
		<bndbox>
			<xmin>1687</xmin>
			<ymin>4</ymin>
			<xmax>2335</xmax>
			<ymax>1498</ymax>
		</bndbox>
	</object>
</annotation>
