<annotation>
	<folder>images</folder>
	<filename>56.JPG</filename>
	<path>E:\stu_four\能讯实习\备份\images\56.JPG</path>
	<source>
		<database>Unknown</database>
	</source>
	<size>
		<width>1920</width>
		<height>1080</height>
		<depth>3</depth>
	</size>
	<segmented>0</segmented>
	<object>
		<name>powerline</name>
		<pose>Unspecified</pose>
		<truncated>0</truncated>
		<difficult>0</difficult>
		<bndbox>
			<xmin>674</xmin>
			<ymin>3</ymin>
			<xmax>852</xmax>
			<ymax>233</ymax>
		</bndbox>
	</object>
	<object>
		<name>powerline</name>
		<pose>Unspecified</pose>
		<truncated>0</truncated>
		<difficult>0</difficult>
		<bndbox>
			<xmin>894</xmin>
			<ymin>7</ymin>
			<xmax>1006</xmax>
			<ymax>309</ymax>
		</bndbox>
	</object>
	<object>
		<name>powerline</name>
		<pose>Unspecified</pose>
		<truncated>0</truncated>
		<difficult>0</difficult>
		<bndbox>
			<xmin>926</xmin>
			<ymin>19</ymin>
			<xmax>1112</xmax>
			<ymax>283</ymax>
		</bndbox>
	</object>
</annotation>
