<annotation>
  <folder>images</folder>
  <filename>563.JPG</filename>
  <path> </path>
  <source>
    <database>Unknown</database>
  </source>
  <size>
    <width>4608</width>
    <height>3456</height>
    <depth>3</depth>
  </size>
  <segmented>0</segmented>
  <object>
    <name>powerline</name>
    <pose>Unspecified</pose>
    <truncated>0</truncated>
    <difficult>0</difficult>
    <bndbox>
      <xmin>756</xmin>
      <ymin>25</ymin>
      <xmax>1008</xmax>
      <ymax>882</ymax>
    </bndbox>
  </object>
  <object>
    <name>powerline</name>
    <pose>Unspecified</pose>
    <truncated>0</truncated>
    <difficult>0</difficult>
    <bndbox>
      <xmin>1745</xmin>
      <ymin>19</ymin>
      <xmax>1956</xmax>
      <ymax>1161</ymax>
    </bndbox>
  </object>
  <object>
    <name>powerline</name>
    <pose>Unspecified</pose>
    <truncated>0</truncated>
    <difficult>0</difficult>
    <bndbox>
      <xmin>493</xmin>
      <ymin>1277</ymin>
      <xmax>872</xmax>
      <ymax>2019</ymax>
    </bndbox>
  </object>
  <object>
    <name>powerline</name>
    <pose>Unspecified</pose>
    <truncated>0</truncated>
    <difficult>0</difficult>
    <bndbox>
      <xmin>2930</xmin>
      <ymin>1498</ymin>
      <xmax>3130</xmax>
      <ymax>2029</ymax>
    </bndbox>
  </object>
  <object>
    <name>powerline</name>
    <pose>Unspecified</pose>
    <truncated>0</truncated>
    <difficult>0</difficult>
    <bndbox>
      <xmin>2924</xmin>
      <ymin>25</ymin>
      <xmax>3140</xmax>
      <ymax>835</ymax>
    </bndbox>
  </object>
  <object>
    <name>hammer</name>
    <pose>Unspecified</pose>
    <truncated>0</truncated>
    <difficult>0</difficult>
    <bndbox>
      <xmin>1056</xmin>
      <ymin>2906</ymin>
      <xmax>1101</xmax>
      <ymax>3024</ymax>
    </bndbox>
  </object>
  <object>
    <name>insulator</name>
    <pose>Unspecified</pose>
    <truncated>0</truncated>
    <difficult>0</difficult>
    <bndbox>
      <xmin>987</xmin>
      <ymin>2396</ymin>
      <xmax>1095</xmax>
      <ymax>2724</ymax>
    </bndbox>
  </object>
  <object>
    <name>hammer</name>
    <pose>Unspecified</pose>
    <truncated>0</truncated>
    <difficult>0</difficult>
    <bndbox>
      <xmin>911</xmin>
      <ymin>2459</ymin>
      <xmax>977</xmax>
      <ymax>2561</ymax>
    </bndbox>
  </object>
  <object>
    <name>hammer</name>
    <pose>Unspecified</pose>
    <truncated>0</truncated>
    <difficult>0</difficult>
    <bndbox>
      <xmin>2064</xmin>
      <ymin>2102</ymin>
      <xmax>2093</xmax>
      <ymax>2210</ymax>
    </bndbox>
  </object>
  <object>
    <name>hammer</name>
    <pose>Unspecified</pose>
    <truncated>0</truncated>
    <difficult>0</difficult>
    <bndbox>
      <xmin>2946</xmin>
      <ymin>1425</ymin>
      <xmax>2979</xmax>
      <ymax>1522</ymax>
    </bndbox>
  </object>
  <object>
    <name>hammer</name>
    <pose>Unspecified</pose>
    <truncated>0</truncated>
    <difficult>0</difficult>
    <bndbox>
      <xmin>2944</xmin>
      <ymin>994</ymin>
      <xmax>2969</xmax>
      <ymax>1068</ymax>
    </bndbox>
  </object>
  <object>
    <name>insulator</name>
    <pose>Unspecified</pose>
    <truncated>0</truncated>
    <difficult>0</difficult>
    <bndbox>
      <xmin>3018</xmin>
      <ymin>2309</ymin>
      <xmax>3161</xmax>
      <ymax>2647</ymax>
    </bndbox>
  </object>
  <object>
    <name>insulator</name>
    <pose>Unspecified</pose>
    <truncated>0</truncated>
    <difficult>0</difficult>
    <bndbox>
      <xmin>1989</xmin>
      <ymin>1594</ymin>
      <xmax>2109</xmax>
      <ymax>1870</ymax>
    </bndbox>
  </object>
</annotation>
