<annotation>
	<folder>images</folder>
	<filename>564.JPG</filename>
	<path>E:\stu_four\能讯实习\备份\images\564.JPG</path>
	<source>
		<database>Unknown</database>
	</source>
	<size>
		<width>3264</width>
		<height>2448</height>
		<depth>3</depth>
	</size>
	<segmented>0</segmented>
	<object>
		<name>powerline</name>
		<pose>Unspecified</pose>
		<truncated>0</truncated>
		<difficult>0</difficult>
		<bndbox>
			<xmin>1101</xmin>
			<ymin>75</ymin>
			<xmax>1320</xmax>
			<ymax>837</ymax>
		</bndbox>
	</object>
	<object>
		<name>powerline</name>
		<pose>Unspecified</pose>
		<truncated>0</truncated>
		<difficult>0</difficult>
		<bndbox>
			<xmin>205</xmin>
			<ymin>1983</ymin>
			<xmax>716</xmax>
			<ymax>2225</ymax>
		</bndbox>
	</object>
</annotation>
