<annotation>
	<folder>images</folder>
	<filename>565.JPG</filename>
	<path>E:\stu_four\能讯实习\备份\images\565.JPG</path>
	<source>
		<database>Unknown</database>
	</source>
	<size>
		<width>4608</width>
		<height>3456</height>
		<depth>3</depth>
	</size>
	<segmented>0</segmented>
	<object>
		<name>powerline</name>
		<pose>Unspecified</pose>
		<truncated>0</truncated>
		<difficult>0</difficult>
		<bndbox>
			<xmin>603</xmin>
			<ymin>25</ymin>
			<xmax>993</xmax>
			<ymax>782</ymax>
		</bndbox>
	</object>
	<object>
		<name>powerline</name>
		<pose>Unspecified</pose>
		<truncated>0</truncated>
		<difficult>0</difficult>
		<bndbox>
			<xmin>1161</xmin>
			<ymin>4</ymin>
			<xmax>1303</xmax>
			<ymax>1014</ymax>
		</bndbox>
	</object>
	<object>
		<name>powerline</name>
		<pose>Unspecified</pose>
		<truncated>0</truncated>
		<difficult>0</difficult>
		<bndbox>
			<xmin>1472</xmin>
			<ymin>4</ymin>
			<xmax>1724</xmax>
			<ymax>1293</ymax>
		</bndbox>
	</object>
</annotation>
