<annotation>
	<folder>images</folder>
	<filename>566.JPG</filename>
	<path>E:\stu_four\能讯实习\备份\images\566.JPG</path>
	<source>
		<database>Unknown</database>
	</source>
	<size>
		<width>4608</width>
		<height>3456</height>
		<depth>3</depth>
	</size>
	<segmented>0</segmented>
	<object>
		<name>powerline</name>
		<pose>Unspecified</pose>
		<truncated>0</truncated>
		<difficult>0</difficult>
		<bndbox>
			<xmin>1140</xmin>
			<ymin>9</ymin>
			<xmax>1340</xmax>
			<ymax>1114</ymax>
		</bndbox>
	</object>
	<object>
		<name>powerline</name>
		<pose>Unspecified</pose>
		<truncated>0</truncated>
		<difficult>0</difficult>
		<bndbox>
			<xmin>1877</xmin>
			<ymin>19</ymin>
			<xmax>2256</xmax>
			<ymax>967</ymax>
		</bndbox>
	</object>
	<object>
		<name>powerline</name>
		<pose>Unspecified</pose>
		<truncated>0</truncated>
		<difficult>0</difficult>
		<bndbox>
			<xmin>1540</xmin>
			<ymin>4</ymin>
			<xmax>1724</xmax>
			<ymax>1130</ymax>
		</bndbox>
	</object>
</annotation>
