<annotation>
	<folder>images</folder>
	<filename>57.JPG</filename>
	<path>E:\stu_four\能讯实习\备份\images\57.JPG</path>
	<source>
		<database>Unknown</database>
	</source>
	<size>
		<width>1920</width>
		<height>1080</height>
		<depth>3</depth>
	</size>
	<segmented>0</segmented>
	<object>
		<name>powerline</name>
		<pose>Unspecified</pose>
		<truncated>0</truncated>
		<difficult>0</difficult>
		<bndbox>
			<xmin>738</xmin>
			<ymin>5</ymin>
			<xmax>926</xmax>
			<ymax>445</ymax>
		</bndbox>
	</object>
	<object>
		<name>powerline</name>
		<pose>Unspecified</pose>
		<truncated>0</truncated>
		<difficult>0</difficult>
		<bndbox>
			<xmin>1012</xmin>
			<ymin>9</ymin>
			<xmax>1194</xmax>
			<ymax>461</ymax>
		</bndbox>
	</object>
	<object>
		<name>powerline</name>
		<pose>Unspecified</pose>
		<truncated>0</truncated>
		<difficult>0</difficult>
		<bndbox>
			<xmin>1108</xmin>
			<ymin>9</ymin>
			<xmax>1372</xmax>
			<ymax>331</ymax>
		</bndbox>
	</object>
</annotation>
