<annotation>
	<folder>images</folder>
	<filename>570.JPG</filename>
	<path>E:\stu_four\能讯实习\备份\images\570.JPG</path>
	<source>
		<database>Unknown</database>
	</source>
	<size>
		<width>4608</width>
		<height>3456</height>
		<depth>3</depth>
	</size>
	<segmented>0</segmented>
	<object>
		<name>powerline</name>
		<pose>Unspecified</pose>
		<truncated>0</truncated>
		<difficult>0</difficult>
		<bndbox>
			<xmin>777</xmin>
			<ymin>4</ymin>
			<xmax>1040</xmax>
			<ymax>1114</ymax>
		</bndbox>
	</object>
	<object>
		<name>powerline</name>
		<pose>Unspecified</pose>
		<truncated>0</truncated>
		<difficult>0</difficult>
		<bndbox>
			<xmin>1229</xmin>
			<ymin>4</ymin>
			<xmax>1372</xmax>
			<ymax>1309</ymax>
		</bndbox>
	</object>
	<object>
		<name>powerline</name>
		<pose>Unspecified</pose>
		<truncated>0</truncated>
		<difficult>0</difficult>
		<bndbox>
			<xmin>1514</xmin>
			<ymin>9</ymin>
			<xmax>1677</xmax>
			<ymax>1398</ymax>
		</bndbox>
	</object>
</annotation>
