<annotation>
	<folder>images</folder>
	<filename>571.JPG</filename>
	<path>E:\stu_four\能讯实习\备份\images\571.JPG</path>
	<source>
		<database>Unknown</database>
	</source>
	<size>
		<width>4608</width>
		<height>3456</height>
		<depth>3</depth>
	</size>
	<segmented>0</segmented>
	<object>
		<name>powerline</name>
		<pose>Unspecified</pose>
		<truncated>0</truncated>
		<difficult>0</difficult>
		<bndbox>
			<xmin>1961</xmin>
			<ymin>4</ymin>
			<xmax>2250</xmax>
			<ymax>982</ymax>
		</bndbox>
	</object>
	<object>
		<name>powerline</name>
		<pose>Unspecified</pose>
		<truncated>0</truncated>
		<difficult>0</difficult>
		<bndbox>
			<xmin>2166</xmin>
			<ymin>9</ymin>
			<xmax>2829</xmax>
			<ymax>1477</ymax>
		</bndbox>
	</object>
</annotation>
