<annotation>
	<folder>images</folder>
	<filename>575.JPG</filename>
	<path>E:\stu_four\能讯实习\备份\images\575.JPG</path>
	<source>
		<database>Unknown</database>
	</source>
	<size>
		<width>4608</width>
		<height>3456</height>
		<depth>3</depth>
	</size>
	<segmented>0</segmented>
	<object>
		<name>powerline</name>
		<pose>Unspecified</pose>
		<truncated>0</truncated>
		<difficult>0</difficult>
		<bndbox>
			<xmin>1508</xmin>
			<ymin>30</ymin>
			<xmax>1940</xmax>
			<ymax>904</ymax>
		</bndbox>
	</object>
	<object>
		<name>powerline</name>
		<pose>Unspecified</pose>
		<truncated>1</truncated>
		<difficult>0</difficult>
		<bndbox>
			<xmin>2093</xmin>
			<ymin>1</ymin>
			<xmax>2234</xmax>
			<ymax>898</ymax>
		</bndbox>
	</object>
	<object>
		<name>powerline</name>
		<pose>Unspecified</pose>
		<truncated>0</truncated>
		<difficult>0</difficult>
		<bndbox>
			<xmin>2414</xmin>
			<ymin>9</ymin>
			<xmax>2603</xmax>
			<ymax>1167</ymax>
		</bndbox>
	</object>
</annotation>
