<annotation>
	<folder>images</folder>
	<filename>576.JPG</filename>
	<path>E:\stu_four\能讯实习\备份\images\576.JPG</path>
	<source>
		<database>Unknown</database>
	</source>
	<size>
		<width>4608</width>
		<height>3456</height>
		<depth>3</depth>
	</size>
	<segmented>0</segmented>
	<object>
		<name>powerline</name>
		<pose>Unspecified</pose>
		<truncated>0</truncated>
		<difficult>0</difficult>
		<bndbox>
			<xmin>2008</xmin>
			<ymin>4</ymin>
			<xmax>2172</xmax>
			<ymax>882</ymax>
		</bndbox>
	</object>
	<object>
		<name>powerline</name>
		<pose>Unspecified</pose>
		<truncated>1</truncated>
		<difficult>0</difficult>
		<bndbox>
			<xmin>2387</xmin>
			<ymin>1</ymin>
			<xmax>2513</xmax>
			<ymax>868</ymax>
		</bndbox>
	</object>
	<object>
		<name>powerline</name>
		<pose>Unspecified</pose>
		<truncated>0</truncated>
		<difficult>0</difficult>
		<bndbox>
			<xmin>2635</xmin>
			<ymin>9</ymin>
			<xmax>3045</xmax>
			<ymax>1014</ymax>
		</bndbox>
	</object>
</annotation>
