<annotation>
	<folder>images</folder>
	<filename>577.JPG</filename>
	<path>E:\stu_four\能讯实习\备份\images\577.JPG</path>
	<source>
		<database>Unknown</database>
	</source>
	<size>
		<width>4608</width>
		<height>3456</height>
		<depth>3</depth>
	</size>
	<segmented>0</segmented>
	<object>
		<name>powerline</name>
		<pose>Unspecified</pose>
		<truncated>0</truncated>
		<difficult>0</difficult>
		<bndbox>
			<xmin>977</xmin>
			<ymin>14</ymin>
			<xmax>1366</xmax>
			<ymax>825</ymax>
		</bndbox>
	</object>
	<object>
		<name>powerline</name>
		<pose>Unspecified</pose>
		<truncated>0</truncated>
		<difficult>0</difficult>
		<bndbox>
			<xmin>3388</xmin>
			<ymin>177</ymin>
			<xmax>4156</xmax>
			<ymax>804</ymax>
		</bndbox>
	</object>
	<object>
		<name>powerline</name>
		<pose>Unspecified</pose>
		<truncated>0</truncated>
		<difficult>0</difficult>
		<bndbox>
			<xmin>1929</xmin>
			<ymin>9</ymin>
			<xmax>2319</xmax>
			<ymax>861</ymax>
		</bndbox>
	</object>
	<object>
		<name>powerline</name>
		<pose>Unspecified</pose>
		<truncated>1</truncated>
		<difficult>0</difficult>
		<bndbox>
			<xmin>1345</xmin>
			<ymin>1</ymin>
			<xmax>1645</xmax>
			<ymax>819</ymax>
		</bndbox>
	</object>
</annotation>
