<annotation>
	<folder>images</folder>
	<filename>580.JPG</filename>
	<path>E:\stu_four\能讯实习\备份\images\580.JPG</path>
	<source>
		<database>Unknown</database>
	</source>
	<size>
		<width>4608</width>
		<height>3456</height>
		<depth>3</depth>
	</size>
	<segmented>0</segmented>
	<object>
		<name>powerline</name>
		<pose>Unspecified</pose>
		<truncated>0</truncated>
		<difficult>0</difficult>
		<bndbox>
			<xmin>2577</xmin>
			<ymin>19</ymin>
			<xmax>2829</xmax>
			<ymax>1151</ymax>
		</bndbox>
	</object>
	<object>
		<name>powerline</name>
		<pose>Unspecified</pose>
		<truncated>0</truncated>
		<difficult>0</difficult>
		<bndbox>
			<xmin>314</xmin>
			<ymin>425</ymin>
			<xmax>677</xmax>
			<ymax>1351</ymax>
		</bndbox>
	</object>
	<object>
		<name>insulator</name>
		<pose>Unspecified</pose>
		<truncated>0</truncated>
		<difficult>0</difficult>
		<bndbox>
			<xmin>162</xmin>
			<ymin>202</ymin>
			<xmax>205</xmax>
			<ymax>317</ymax>
		</bndbox>
	</object>
</annotation>
