<annotation>
	<folder>images</folder>
	<filename>581.JPG</filename>
	<path>E:\stu_four\能讯实习\备份\images\581.JPG</path>
	<source>
		<database>Unknown</database>
	</source>
	<size>
		<width>4608</width>
		<height>3456</height>
		<depth>3</depth>
	</size>
	<segmented>0</segmented>
	<object>
		<name>powerline</name>
		<pose>Unspecified</pose>
		<truncated>0</truncated>
		<difficult>0</difficult>
		<bndbox>
			<xmin>593</xmin>
			<ymin>30</ymin>
			<xmax>1477</xmax>
			<ymax>930</ymax>
		</bndbox>
	</object>
	<object>
		<name>powerline</name>
		<pose>Unspecified</pose>
		<truncated>0</truncated>
		<difficult>0</difficult>
		<bndbox>
			<xmin>3682</xmin>
			<ymin>4</ymin>
			<xmax>4045</xmax>
			<ymax>1040</ymax>
		</bndbox>
	</object>
</annotation>
