<annotation>
	<folder>images</folder>
	<filename>585.JPG</filename>
	<path>E:\stu_four\能讯实习\备份\images\585.JPG</path>
	<source>
		<database>Unknown</database>
	</source>
	<size>
		<width>4608</width>
		<height>3456</height>
		<depth>3</depth>
	</size>
	<segmented>0</segmented>
	<object>
		<name>powerline</name>
		<pose>Unspecified</pose>
		<truncated>0</truncated>
		<difficult>0</difficult>
		<bndbox>
			<xmin>2140</xmin>
			<ymin>14</ymin>
			<xmax>2503</xmax>
			<ymax>1272</ymax>
		</bndbox>
	</object>
	<object>
		<name>powerline</name>
		<pose>Unspecified</pose>
		<truncated>0</truncated>
		<difficult>0</difficult>
		<bndbox>
			<xmin>2445</xmin>
			<ymin>19</ymin>
			<xmax>2887</xmax>
			<ymax>1377</ymax>
		</bndbox>
	</object>
</annotation>
