<annotation>
	<folder>images</folder>
	<filename>586.JPG</filename>
	<path>E:\stu_four\能讯实习\备份\images\586.JPG</path>
	<source>
		<database>Unknown</database>
	</source>
	<size>
		<width>4608</width>
		<height>3456</height>
		<depth>3</depth>
	</size>
	<segmented>0</segmented>
	<object>
		<name>powerline</name>
		<pose>Unspecified</pose>
		<truncated>0</truncated>
		<difficult>0</difficult>
		<bndbox>
			<xmin>666</xmin>
			<ymin>14</ymin>
			<xmax>1372</xmax>
			<ymax>840</ymax>
		</bndbox>
	</object>
	<object>
		<name>powerline</name>
		<pose>Unspecified</pose>
		<truncated>0</truncated>
		<difficult>0</difficult>
		<bndbox>
			<xmin>1314</xmin>
			<ymin>9</ymin>
			<xmax>1740</xmax>
			<ymax>1214</ymax>
		</bndbox>
	</object>
</annotation>
