<annotation>
	<folder>images</folder>
	<filename>588.JPG</filename>
	<path>E:\stu_four\能讯实习\备份\images\588.JPG</path>
	<source>
		<database>Unknown</database>
	</source>
	<size>
		<width>5184</width>
		<height>3888</height>
		<depth>3</depth>
	</size>
	<segmented>0</segmented>
	<object>
		<name>powerline</name>
		<pose>Unspecified</pose>
		<truncated>0</truncated>
		<difficult>0</difficult>
		<bndbox>
			<xmin>3348</xmin>
			<ymin>1359</ymin>
			<xmax>3729</xmax>
			<ymax>1809</ymax>
		</bndbox>
	</object>
	<object>
		<name>powerline</name>
		<pose>Unspecified</pose>
		<truncated>0</truncated>
		<difficult>0</difficult>
		<bndbox>
			<xmin>2848</xmin>
			<ymin>1747</ymin>
			<xmax>3323</xmax>
			<ymax>2165</ymax>
		</bndbox>
	</object>
	<object>
		<name>powerline</name>
		<pose>Unspecified</pose>
		<truncated>0</truncated>
		<difficult>0</difficult>
		<bndbox>
			<xmin>1373</xmin>
			<ymin>9</ymin>
			<xmax>1817</xmax>
			<ymax>722</ymax>
		</bndbox>
	</object>
	<object>
		<name>powerline</name>
		<pose>Unspecified</pose>
		<truncated>1</truncated>
		<difficult>0</difficult>
		<bndbox>
			<xmin>2004</xmin>
			<ymin>1</ymin>
			<xmax>2761</xmax>
			<ymax>234</ymax>
		</bndbox>
	</object>
	<object>
		<name>insulator</name>
		<pose>Unspecified</pose>
		<truncated>0</truncated>
		<difficult>0</difficult>
		<bndbox>
			<xmin>2009</xmin>
			<ymin>995</ymin>
			<xmax>2146</xmax>
			<ymax>1107</ymax>
		</bndbox>
	</object>
	<object>
		<name>insulator</name>
		<pose>Unspecified</pose>
		<truncated>0</truncated>
		<difficult>0</difficult>
		<bndbox>
			<xmin>2234</xmin>
			<ymin>1234</ymin>
			<xmax>2388</xmax>
			<ymax>1371</ymax>
		</bndbox>
	</object>
	<object>
		<name>insulator</name>
		<pose>Unspecified</pose>
		<truncated>0</truncated>
		<difficult>0</difficult>
		<bndbox>
			<xmin>3091</xmin>
			<ymin>1082</ymin>
			<xmax>3261</xmax>
			<ymax>1234</ymax>
		</bndbox>
	</object>
	<object>
		<name>insulator</name>
		<pose>Unspecified</pose>
		<truncated>0</truncated>
		<difficult>0</difficult>
		<bndbox>
			<xmin>2923</xmin>
			<ymin>804</ymin>
			<xmax>3059</xmax>
			<ymax>943</ymax>
		</bndbox>
	</object>
	<object>
		<name>insulator</name>
		<pose>Unspecified</pose>
		<truncated>0</truncated>
		<difficult>0</difficult>
		<bndbox>
			<xmin>2682</xmin>
			<ymin>787</ymin>
			<xmax>2836</xmax>
			<ymax>923</ymax>
		</bndbox>
	</object>
	<object>
		<name>insulator</name>
		<pose>Unspecified</pose>
		<truncated>0</truncated>
		<difficult>0</difficult>
		<bndbox>
			<xmin>2480</xmin>
			<ymin>505</ymin>
			<xmax>2611</xmax>
			<ymax>629</ymax>
		</bndbox>
	</object>
	<object>
		<name>insulator</name>
		<pose>Unspecified</pose>
		<truncated>0</truncated>
		<difficult>0</difficult>
		<bndbox>
			<xmin>2934</xmin>
			<ymin>305</ymin>
			<xmax>2977</xmax>
			<ymax>459</ymax>
		</bndbox>
	</object>
	<object>
		<name>insulator</name>
		<pose>Unspecified</pose>
		<truncated>0</truncated>
		<difficult>0</difficult>
		<bndbox>
			<xmin>2980</xmin>
			<ymin>380</ymin>
			<xmax>3023</xmax>
			<ymax>534</ymax>
		</bndbox>
	</object>
</annotation>
