<annotation>
	<folder>images</folder>
	<filename>590.JPG</filename>
	<path>E:\stu_four\能讯实习\备份\images\590.JPG</path>
	<source>
		<database>Unknown</database>
	</source>
	<size>
		<width>5184</width>
		<height>3888</height>
		<depth>3</depth>
	</size>
	<segmented>0</segmented>
	<object>
		<name>powerline</name>
		<pose>Unspecified</pose>
		<truncated>0</truncated>
		<difficult>0</difficult>
		<bndbox>
			<xmin>1498</xmin>
			<ymin>9</ymin>
			<xmax>1929</xmax>
			<ymax>1059</ymax>
		</bndbox>
	</object>
	<object>
		<name>powerline</name>
		<pose>Unspecified</pose>
		<truncated>0</truncated>
		<difficult>0</difficult>
		<bndbox>
			<xmin>2048</xmin>
			<ymin>3</ymin>
			<xmax>2286</xmax>
			<ymax>1334</ymax>
		</bndbox>
	</object>
	<object>
		<name>powerline</name>
		<pose>Unspecified</pose>
		<truncated>0</truncated>
		<difficult>0</difficult>
		<bndbox>
			<xmin>2473</xmin>
			<ymin>15</ymin>
			<xmax>2598</xmax>
			<ymax>1615</ymax>
		</bndbox>
	</object>
</annotation>
