<annotation>
	<folder>images</folder>
	<filename>591.JPG</filename>
	<path>E:\stu_four\能讯实习\备份\images\591.JPG</path>
	<source>
		<database>Unknown</database>
	</source>
	<size>
		<width>5184</width>
		<height>3888</height>
		<depth>3</depth>
	</size>
	<segmented>0</segmented>
	<object>
		<name>powerline</name>
		<pose>Unspecified</pose>
		<truncated>0</truncated>
		<difficult>0</difficult>
		<bndbox>
			<xmin>917</xmin>
			<ymin>9</ymin>
			<xmax>1511</xmax>
			<ymax>1159</ymax>
		</bndbox>
	</object>
	<object>
		<name>powerline</name>
		<pose>Unspecified</pose>
		<truncated>1</truncated>
		<difficult>0</difficult>
		<bndbox>
			<xmin>1430</xmin>
			<ymin>1</ymin>
			<xmax>1742</xmax>
			<ymax>1338</ymax>
		</bndbox>
	</object>
	<object>
		<name>powerline</name>
		<pose>Unspecified</pose>
		<truncated>0</truncated>
		<difficult>0</difficult>
		<bndbox>
			<xmin>1842</xmin>
			<ymin>34</ymin>
			<xmax>2036</xmax>
			<ymax>1509</ymax>
		</bndbox>
	</object>
</annotation>
