<annotation>
	<folder>images</folder>
	<filename>595.JPG</filename>
	<path>E:\stu_four\能讯实习\备份\images\595.JPG</path>
	<source>
		<database>Unknown</database>
	</source>
	<size>
		<width>5184</width>
		<height>3888</height>
		<depth>3</depth>
	</size>
	<segmented>0</segmented>
	<object>
		<name>powerline</name>
		<pose>Unspecified</pose>
		<truncated>0</truncated>
		<difficult>0</difficult>
		<bndbox>
			<xmin>2473</xmin>
			<ymin>9</ymin>
			<xmax>2842</xmax>
			<ymax>1253</ymax>
		</bndbox>
	</object>
	<object>
		<name>powerline</name>
		<pose>Unspecified</pose>
		<truncated>1</truncated>
		<difficult>0</difficult>
		<bndbox>
			<xmin>2642</xmin>
			<ymin>1</ymin>
			<xmax>3355</xmax>
			<ymax>1350</ymax>
		</bndbox>
	</object>
	<object>
		<name>powerline</name>
		<pose>Unspecified</pose>
		<truncated>0</truncated>
		<difficult>0</difficult>
		<bndbox>
			<xmin>3148</xmin>
			<ymin>3</ymin>
			<xmax>3623</xmax>
			<ymax>1215</ymax>
		</bndbox>
	</object>
</annotation>
