<annotation>
	<folder>images</folder>
	<filename>596.JPG</filename>
	<path>E:\stu_four\能讯实习\备份\images\596.JPG</path>
	<source>
		<database>Unknown</database>
	</source>
	<size>
		<width>5184</width>
		<height>3888</height>
		<depth>3</depth>
	</size>
	<segmented>0</segmented>
	<object>
		<name>powerline</name>
		<pose>Unspecified</pose>
		<truncated>0</truncated>
		<difficult>0</difficult>
		<bndbox>
			<xmin>1436</xmin>
			<ymin>22</ymin>
			<xmax>1967</xmax>
			<ymax>1109</ymax>
		</bndbox>
	</object>
	<object>
		<name>powerline</name>
		<pose>Unspecified</pose>
		<truncated>0</truncated>
		<difficult>0</difficult>
		<bndbox>
			<xmin>1954</xmin>
			<ymin>22</ymin>
			<xmax>2242</xmax>
			<ymax>1397</ymax>
		</bndbox>
	</object>
	<object>
		<name>powerline</name>
		<pose>Unspecified</pose>
		<truncated>1</truncated>
		<difficult>0</difficult>
		<bndbox>
			<xmin>2191</xmin>
			<ymin>1</ymin>
			<xmax>2441</xmax>
			<ymax>1494</ymax>
		</bndbox>
	</object>
</annotation>
