<annotation>
	<folder>images</folder>
	<filename>597.JPG</filename>
	<path>E:\stu_four\能讯实习\备份\images\597.JPG</path>
	<source>
		<database>Unknown</database>
	</source>
	<size>
		<width>4896</width>
		<height>3672</height>
		<depth>3</depth>
	</size>
	<segmented>0</segmented>
	<object>
		<name>powerline</name>
		<pose>Unspecified</pose>
		<truncated>0</truncated>
		<difficult>0</difficult>
		<bndbox>
			<xmin>2830</xmin>
			<ymin>2262</ymin>
			<xmax>3041</xmax>
			<ymax>2891</ymax>
		</bndbox>
	</object>
	<object>
		<name>powerline</name>
		<pose>Unspecified</pose>
		<truncated>0</truncated>
		<difficult>0</difficult>
		<bndbox>
			<xmin>3435</xmin>
			<ymin>97</ymin>
			<xmax>3600</xmax>
			<ymax>638</ymax>
		</bndbox>
	</object>
</annotation>
