<annotation>
	<folder>images</folder>
	<filename>60.JPG</filename>
	<path>E:\stu_four\能讯实习\备份\images\60.JPG</path>
	<source>
		<database>Unknown</database>
	</source>
	<size>
		<width>720</width>
		<height>960</height>
		<depth>3</depth>
	</size>
	<segmented>0</segmented>
	<object>
		<name>powerline</name>
		<pose>Unspecified</pose>
		<truncated>0</truncated>
		<difficult>0</difficult>
		<bndbox>
			<xmin>249</xmin>
			<ymin>167</ymin>
			<xmax>303</xmax>
			<ymax>326</ymax>
		</bndbox>
	</object>
	<object>
		<name>powerline</name>
		<pose>Unspecified</pose>
		<truncated>0</truncated>
		<difficult>0</difficult>
		<bndbox>
			<xmin>478</xmin>
			<ymin>182</ymin>
			<xmax>658</xmax>
			<ymax>273</ymax>
		</bndbox>
	</object>
	<object>
		<name>powerline</name>
		<pose>Unspecified</pose>
		<truncated>0</truncated>
		<difficult>0</difficult>
		<bndbox>
			<xmin>477</xmin>
			<ymin>207</ymin>
			<xmax>680</xmax>
			<ymax>248</ymax>
		</bndbox>
	</object>
</annotation>
