<annotation>
	<folder>images</folder>
	<filename>601.JPG</filename>
	<path>E:\stu_four\能讯实习\备份\images\601.JPG</path>
	<source>
		<database>Unknown</database>
	</source>
	<size>
		<width>5184</width>
		<height>3888</height>
		<depth>3</depth>
	</size>
	<segmented>0</segmented>
	<object>
		<name>powerline</name>
		<pose>Unspecified</pose>
		<truncated>0</truncated>
		<difficult>0</difficult>
		<bndbox>
			<xmin>4629</xmin>
			<ymin>478</ymin>
			<xmax>5167</xmax>
			<ymax>1422</ymax>
		</bndbox>
	</object>
	<object>
		<name>powerline</name>
		<pose>Unspecified</pose>
		<truncated>0</truncated>
		<difficult>0</difficult>
		<bndbox>
			<xmin>886</xmin>
			<ymin>22</ymin>
			<xmax>1654</xmax>
			<ymax>1347</ymax>
		</bndbox>
	</object>
	<object>
		<name>powerline</name>
		<pose>Unspecified</pose>
		<truncated>0</truncated>
		<difficult>0</difficult>
		<bndbox>
			<xmin>1479</xmin>
			<ymin>9</ymin>
			<xmax>2061</xmax>
			<ymax>1428</ymax>
		</bndbox>
	</object>
</annotation>
