<annotation>
	<folder>images</folder>
	<filename>604.JPG</filename>
	<path>E:\stu_four\能讯实习\备份\images\604.JPG</path>
	<source>
		<database>Unknown</database>
	</source>
	<size>
		<width>5184</width>
		<height>3888</height>
		<depth>3</depth>
	</size>
	<segmented>0</segmented>
	<object>
		<name>insulator</name>
		<pose>Unspecified</pose>
		<truncated>0</truncated>
		<difficult>0</difficult>
		<bndbox>
			<xmin>1642</xmin>
			<ymin>2784</ymin>
			<xmax>1754</xmax>
			<ymax>3197</ymax>
		</bndbox>
	</object>
	<object>
		<name>insulator</name>
		<pose>Unspecified</pose>
		<truncated>0</truncated>
		<difficult>0</difficult>
		<bndbox>
			<xmin>2623</xmin>
			<ymin>1759</ymin>
			<xmax>2754</xmax>
			<ymax>2153</ymax>
		</bndbox>
	</object>
	<object>
		<name>insulator</name>
		<pose>Unspecified</pose>
		<truncated>0</truncated>
		<difficult>0</difficult>
		<bndbox>
			<xmin>3686</xmin>
			<ymin>2709</ymin>
			<xmax>3836</xmax>
			<ymax>3084</ymax>
		</bndbox>
	</object>
	<object>
		<name>powerline</name>
		<pose>Unspecified</pose>
		<truncated>0</truncated>
		<difficult>0</difficult>
		<bndbox>
			<xmin>2554</xmin>
			<ymin>3</ymin>
			<xmax>2823</xmax>
			<ymax>1259</ymax>
		</bndbox>
	</object>
	<object>
		<name>powerline</name>
		<pose>Unspecified</pose>
		<truncated>0</truncated>
		<difficult>0</difficult>
		<bndbox>
			<xmin>1317</xmin>
			<ymin>22</ymin>
			<xmax>1654</xmax>
			<ymax>1140</ymax>
		</bndbox>
	</object>
	<object>
		<name>powerline</name>
		<pose>Unspecified</pose>
		<truncated>0</truncated>
		<difficult>0</difficult>
		<bndbox>
			<xmin>3642</xmin>
			<ymin>15</ymin>
			<xmax>4311</xmax>
			<ymax>1097</ymax>
		</bndbox>
	</object>
	<object>
		<name>powerline</name>
		<pose>Unspecified</pose>
		<truncated>0</truncated>
		<difficult>0</difficult>
		<bndbox>
			<xmin>3667</xmin>
			<ymin>28</ymin>
			<xmax>3848</xmax>
			<ymax>1184</ymax>
		</bndbox>
	</object>
</annotation>
