<annotation>
	<folder>images</folder>
	<filename>605.JPG</filename>
	<path>E:\stu_four\能讯实习\备份\images\605.JPG</path>
	<source>
		<database>Unknown</database>
	</source>
	<size>
		<width>5184</width>
		<height>3888</height>
		<depth>3</depth>
	</size>
	<segmented>0</segmented>
	<object>
		<name>powerline</name>
		<pose>Unspecified</pose>
		<truncated>0</truncated>
		<difficult>0</difficult>
		<bndbox>
			<xmin>2473</xmin>
			<ymin>15</ymin>
			<xmax>2748</xmax>
			<ymax>1097</ymax>
		</bndbox>
	</object>
	<object>
		<name>powerline</name>
		<pose>Unspecified</pose>
		<truncated>0</truncated>
		<difficult>0</difficult>
		<bndbox>
			<xmin>2823</xmin>
			<ymin>15</ymin>
			<xmax>2973</xmax>
			<ymax>1440</ymax>
		</bndbox>
	</object>
	<object>
		<name>powerline</name>
		<pose>Unspecified</pose>
		<truncated>0</truncated>
		<difficult>0</difficult>
		<bndbox>
			<xmin>2867</xmin>
			<ymin>22</ymin>
			<xmax>3217</xmax>
			<ymax>1547</ymax>
		</bndbox>
	</object>
</annotation>
