<annotation>
	<folder>images</folder>
	<filename>606.JPG</filename>
	<path>E:\stu_four\能讯实习\备份\images\606.JPG</path>
	<source>
		<database>Unknown</database>
	</source>
	<size>
		<width>5184</width>
		<height>3888</height>
		<depth>3</depth>
	</size>
	<segmented>0</segmented>
	<object>
		<name>powerline</name>
		<pose>Unspecified</pose>
		<truncated>0</truncated>
		<difficult>0</difficult>
		<bndbox>
			<xmin>2542</xmin>
			<ymin>3</ymin>
			<xmax>2717</xmax>
			<ymax>1322</ymax>
		</bndbox>
	</object>
	<object>
		<name>powerline</name>
		<pose>Unspecified</pose>
		<truncated>0</truncated>
		<difficult>0</difficult>
		<bndbox>
			<xmin>2973</xmin>
			<ymin>15</ymin>
			<xmax>3292</xmax>
			<ymax>1328</ymax>
		</bndbox>
	</object>
	<object>
		<name>powerline</name>
		<pose>Unspecified</pose>
		<truncated>0</truncated>
		<difficult>0</difficult>
		<bndbox>
			<xmin>2754</xmin>
			<ymin>9</ymin>
			<xmax>2961</xmax>
			<ymax>1509</ymax>
		</bndbox>
	</object>
</annotation>
