<annotation>
	<folder>images</folder>
	<filename>610.JPG</filename>
	<path>E:\stu_four\能讯实习\备份\images\610.JPG</path>
	<source>
		<database>Unknown</database>
	</source>
	<size>
		<width>5184</width>
		<height>3888</height>
		<depth>3</depth>
	</size>
	<segmented>0</segmented>
	<object>
		<name>powerline</name>
		<pose>Unspecified</pose>
		<truncated>0</truncated>
		<difficult>0</difficult>
		<bndbox>
			<xmin>1229</xmin>
			<ymin>9</ymin>
			<xmax>1873</xmax>
			<ymax>1253</ymax>
		</bndbox>
	</object>
	<object>
		<name>powerline</name>
		<pose>Unspecified</pose>
		<truncated>0</truncated>
		<difficult>0</difficult>
		<bndbox>
			<xmin>1911</xmin>
			<ymin>15</ymin>
			<xmax>2173</xmax>
			<ymax>1347</ymax>
		</bndbox>
	</object>
	<object>
		<name>powerline</name>
		<pose>Unspecified</pose>
		<truncated>0</truncated>
		<difficult>0</difficult>
		<bndbox>
			<xmin>2279</xmin>
			<ymin>9</ymin>
			<xmax>2623</xmax>
			<ymax>1615</ymax>
		</bndbox>
	</object>
</annotation>
