<annotation>
	<folder>images</folder>
	<filename>611.JPG</filename>
	<path>E:\stu_four\能讯实习\备份\images\611.JPG</path>
	<source>
		<database>Unknown</database>
	</source>
	<size>
		<width>5184</width>
		<height>3888</height>
		<depth>3</depth>
	</size>
	<segmented>0</segmented>
	<object>
		<name>powerline</name>
		<pose>Unspecified</pose>
		<truncated>0</truncated>
		<difficult>0</difficult>
		<bndbox>
			<xmin>2167</xmin>
			<ymin>9</ymin>
			<xmax>2417</xmax>
			<ymax>1484</ymax>
		</bndbox>
	</object>
	<object>
		<name>powerline</name>
		<pose>Unspecified</pose>
		<truncated>1</truncated>
		<difficult>0</difficult>
		<bndbox>
			<xmin>2598</xmin>
			<ymin>1</ymin>
			<xmax>2904</xmax>
			<ymax>1384</ymax>
		</bndbox>
	</object>
	<object>
		<name>powerline</name>
		<pose>Unspecified</pose>
		<truncated>0</truncated>
		<difficult>0</difficult>
		<bndbox>
			<xmin>2911</xmin>
			<ymin>34</ymin>
			<xmax>3448</xmax>
			<ymax>1409</ymax>
		</bndbox>
	</object>
</annotation>
