<annotation>
	<folder>images</folder>
	<filename>612.JPG</filename>
	<path>E:\stu_four\能讯实习\备份\images\612.JPG</path>
	<source>
		<database>Unknown</database>
	</source>
	<size>
		<width>4896</width>
		<height>3672</height>
		<depth>3</depth>
	</size>
	<segmented>0</segmented>
	<object>
		<name>powerline</name>
		<pose>Unspecified</pose>
		<truncated>0</truncated>
		<difficult>0</difficult>
		<bndbox>
			<xmin>2141</xmin>
			<ymin>15</ymin>
			<xmax>2530</xmax>
			<ymax>668</ymax>
		</bndbox>
	</object>
	<object>
		<name>powerline</name>
		<pose>Unspecified</pose>
		<truncated>0</truncated>
		<difficult>0</difficult>
		<bndbox>
			<xmin>459</xmin>
			<ymin>2615</ymin>
			<xmax>735</xmax>
			<ymax>3097</ymax>
		</bndbox>
	</object>
</annotation>
