<annotation>
	<folder>images</folder>
	<filename>615.JPG</filename>
	<path>E:\stu_four\能讯实习\备份\images\615.JPG</path>
	<source>
		<database>Unknown</database>
	</source>
	<size>
		<width>5184</width>
		<height>3888</height>
		<depth>3</depth>
	</size>
	<segmented>0</segmented>
	<object>
		<name>powerline</name>
		<pose>Unspecified</pose>
		<truncated>0</truncated>
		<difficult>0</difficult>
		<bndbox>
			<xmin>2279</xmin>
			<ymin>15</ymin>
			<xmax>2492</xmax>
			<ymax>1315</ymax>
		</bndbox>
	</object>
	<object>
		<name>powerline</name>
		<pose>Unspecified</pose>
		<truncated>0</truncated>
		<difficult>0</difficult>
		<bndbox>
			<xmin>2735</xmin>
			<ymin>9</ymin>
			<xmax>2979</xmax>
			<ymax>1334</ymax>
		</bndbox>
	</object>
	<object>
		<name>powerline</name>
		<pose>Unspecified</pose>
		<truncated>0</truncated>
		<difficult>0</difficult>
		<bndbox>
			<xmin>2773</xmin>
			<ymin>15</ymin>
			<xmax>3679</xmax>
			<ymax>1459</ymax>
		</bndbox>
	</object>
</annotation>
