<annotation>
	<folder>images</folder>
	<filename>616.JPG</filename>
	<path>E:\stu_four\能讯实习\备份\images\616.JPG</path>
	<source>
		<database>Unknown</database>
	</source>
	<size>
		<width>5184</width>
		<height>3888</height>
		<depth>3</depth>
	</size>
	<segmented>0</segmented>
	<object>
		<name>powerline</name>
		<pose>Unspecified</pose>
		<truncated>0</truncated>
		<difficult>0</difficult>
		<bndbox>
			<xmin>1279</xmin>
			<ymin>9</ymin>
			<xmax>1935</xmax>
			<ymax>1347</ymax>
		</bndbox>
	</object>
	<object>
		<name>powerline</name>
		<pose>Unspecified</pose>
		<truncated>0</truncated>
		<difficult>0</difficult>
		<bndbox>
			<xmin>2379</xmin>
			<ymin>15</ymin>
			<xmax>2817</xmax>
			<ymax>1453</ymax>
		</bndbox>
	</object>
	<object>
		<name>powerline</name>
		<pose>Unspecified</pose>
		<truncated>1</truncated>
		<difficult>0</difficult>
		<bndbox>
			<xmin>2017</xmin>
			<ymin>1</ymin>
			<xmax>2536</xmax>
			<ymax>1675</ymax>
		</bndbox>
	</object>
</annotation>
