<annotation>
	<folder>images</folder>
	<filename>619.JPG</filename>
	<path>E:\stu_four\能讯实习\备份\images\619.JPG</path>
	<source>
		<database>Unknown</database>
	</source>
	<size>
		<width>5184</width>
		<height>3888</height>
		<depth>3</depth>
	</size>
	<segmented>0</segmented>
	<object>
		<name>insulator</name>
		<pose>Unspecified</pose>
		<truncated>0</truncated>
		<difficult>0</difficult>
		<bndbox>
			<xmin>1673</xmin>
			<ymin>2547</ymin>
			<xmax>1848</xmax>
			<ymax>2997</ymax>
		</bndbox>
	</object>
	<object>
		<name>insulator</name>
		<pose>Unspecified</pose>
		<truncated>0</truncated>
		<difficult>0</difficult>
		<bndbox>
			<xmin>2579</xmin>
			<ymin>1609</ymin>
			<xmax>2698</xmax>
			<ymax>2009</ymax>
		</bndbox>
	</object>
	<object>
		<name>insulator</name>
		<pose>Unspecified</pose>
		<truncated>0</truncated>
		<difficult>0</difficult>
		<bndbox>
			<xmin>3548</xmin>
			<ymin>2803</ymin>
			<xmax>3685</xmax>
			<ymax>3253</ymax>
		</bndbox>
	</object>
	<object>
		<name>hammer</name>
		<pose>Unspecified</pose>
		<truncated>0</truncated>
		<difficult>0</difficult>
		<bndbox>
			<xmin>1516</xmin>
			<ymin>3082</ymin>
			<xmax>1607</xmax>
			<ymax>3161</ymax>
		</bndbox>
	</object>
	<object>
		<name>hammer</name>
		<pose>Unspecified</pose>
		<truncated>0</truncated>
		<difficult>0</difficult>
		<bndbox>
			<xmin>1950</xmin>
			<ymin>2896</ymin>
			<xmax>2049</xmax>
			<ymax>2951</ymax>
		</bndbox>
	</object>
	<object>
		<name>hammer</name>
		<pose>Unspecified</pose>
		<truncated>0</truncated>
		<difficult>0</difficult>
		<bndbox>
			<xmin>3314</xmin>
			<ymin>1393</ymin>
			<xmax>3391</xmax>
			<ymax>1453</ymax>
		</bndbox>
	</object>
	<object>
		<name>hammer</name>
		<pose>Unspecified</pose>
		<truncated>0</truncated>
		<difficult>0</difficult>
		<bndbox>
			<xmin>3540</xmin>
			<ymin>1281</ymin>
			<xmax>3618</xmax>
			<ymax>1337</ymax>
		</bndbox>
	</object>
	<object>
		<name>hammer</name>
		<pose>Unspecified</pose>
		<truncated>0</truncated>
		<difficult>0</difficult>
		<bndbox>
			<xmin>1505</xmin>
			<ymin>1071</ymin>
			<xmax>1585</xmax>
			<ymax>1128</ymax>
		</bndbox>
	</object>
	<object>
		<name>hammer</name>
		<pose>Unspecified</pose>
		<truncated>0</truncated>
		<difficult>0</difficult>
		<bndbox>
			<xmin>2385</xmin>
			<ymin>2132</ymin>
			<xmax>2484</xmax>
			<ymax>2210</ymax>
		</bndbox>
	</object>
	<object>
		<name>hammer</name>
		<pose>Unspecified</pose>
		<truncated>0</truncated>
		<difficult>0</difficult>
		<bndbox>
			<xmin>2819</xmin>
			<ymin>1925</ymin>
			<xmax>2920</xmax>
			<ymax>1992</ymax>
		</bndbox>
	</object>
	<object>
		<name>hammer</name>
		<pose>Unspecified</pose>
		<truncated>0</truncated>
		<difficult>0</difficult>
		<bndbox>
			<xmin>3344</xmin>
			<ymin>3342</ymin>
			<xmax>3449</xmax>
			<ymax>3412</ymax>
		</bndbox>
	</object>
	<object>
		<name>hammer</name>
		<pose>Unspecified</pose>
		<truncated>0</truncated>
		<difficult>0</difficult>
		<bndbox>
			<xmin>3798</xmin>
			<ymin>3159</ymin>
			<xmax>3906</xmax>
			<ymax>3227</ymax>
		</bndbox>
	</object>
	<object>
		<name>powerline</name>
		<pose>Unspecified</pose>
		<truncated>0</truncated>
		<difficult>0</difficult>
		<bndbox>
			<xmin>1023</xmin>
			<ymin>2567</ymin>
			<xmax>1404</xmax>
			<ymax>3224</ymax>
		</bndbox>
	</object>
	<object>
		<name>powerline</name>
		<pose>Unspecified</pose>
		<truncated>0</truncated>
		<difficult>0</difficult>
		<bndbox>
			<xmin>985</xmin>
			<ymin>1167</ymin>
			<xmax>1361</xmax>
			<ymax>1462</ymax>
		</bndbox>
	</object>
	<object>
		<name>powerline</name>
		<pose>Unspecified</pose>
		<truncated>0</truncated>
		<difficult>0</difficult>
		<bndbox>
			<xmin>2864</xmin>
			<ymin>48</ymin>
			<xmax>3873</xmax>
			<ymax>503</ymax>
		</bndbox>
	</object>
	<object>
		<name>powerline</name>
		<pose>Unspecified</pose>
		<truncated>0</truncated>
		<difficult>0</difficult>
		<bndbox>
			<xmin>4582</xmin>
			<ymin>657</ymin>
			<xmax>5155</xmax>
			<ymax>1430</ymax>
		</bndbox>
	</object>
	<object>
		<name>powerline</name>
		<pose>Unspecified</pose>
		<truncated>0</truncated>
		<difficult>0</difficult>
		<bndbox>
			<xmin>4282</xmin>
			<ymin>1903</ymin>
			<xmax>5110</xmax>
			<ymax>2966</ymax>
		</bndbox>
	</object>
</annotation>
