<annotation>
	<folder>images</folder>
	<filename>62.JPG</filename>
	<path>E:\stu_four\能讯实习\备份\images\62.JPG</path>
	<source>
		<database>Unknown</database>
	</source>
	<size>
		<width>1920</width>
		<height>1080</height>
		<depth>3</depth>
	</size>
	<segmented>0</segmented>
	<object>
		<name>powerline</name>
		<pose>Unspecified</pose>
		<truncated>0</truncated>
		<difficult>0</difficult>
		<bndbox>
			<xmin>691</xmin>
			<ymin>9</ymin>
			<xmax>797</xmax>
			<ymax>305</ymax>
		</bndbox>
	</object>
	<object>
		<name>powerline</name>
		<pose>Unspecified</pose>
		<truncated>0</truncated>
		<difficult>0</difficult>
		<bndbox>
			<xmin>886</xmin>
			<ymin>5</ymin>
			<xmax>995</xmax>
			<ymax>334</ymax>
		</bndbox>
	</object>
	<object>
		<name>powerline</name>
		<pose>Unspecified</pose>
		<truncated>0</truncated>
		<difficult>0</difficult>
		<bndbox>
			<xmin>1037</xmin>
			<ymin>5</ymin>
			<xmax>1195</xmax>
			<ymax>341</ymax>
		</bndbox>
	</object>
</annotation>
