<annotation>
	<folder>images</folder>
	<filename>620.JPG</filename>
	<path>E:\stu_four\能讯实习\备份\images\620.JPG</path>
	<source>
		<database>Unknown</database>
	</source>
	<size>
		<width>5184</width>
		<height>3888</height>
		<depth>3</depth>
	</size>
	<segmented>0</segmented>
	<object>
		<name>powerline</name>
		<pose>Unspecified</pose>
		<truncated>0</truncated>
		<difficult>0</difficult>
		<bndbox>
			<xmin>1242</xmin>
			<ymin>34</ymin>
			<xmax>1660</xmax>
			<ymax>1190</ymax>
		</bndbox>
	</object>
	<object>
		<name>powerline</name>
		<pose>Unspecified</pose>
		<truncated>0</truncated>
		<difficult>0</difficult>
		<bndbox>
			<xmin>1598</xmin>
			<ymin>15</ymin>
			<xmax>1942</xmax>
			<ymax>1322</ymax>
		</bndbox>
	</object>
	<object>
		<name>powerline</name>
		<pose>Unspecified</pose>
		<truncated>0</truncated>
		<difficult>0</difficult>
		<bndbox>
			<xmin>2123</xmin>
			<ymin>15</ymin>
			<xmax>2335</xmax>
			<ymax>1278</ymax>
		</bndbox>
	</object>
	<object>
		<name>powerline</name>
		<pose>Unspecified</pose>
		<truncated>1</truncated>
		<difficult>0</difficult>
		<bndbox>
			<xmin>2698</xmin>
			<ymin>1</ymin>
			<xmax>2923</xmax>
			<ymax>1463</ymax>
		</bndbox>
	</object>
</annotation>
