<annotation>
	<folder>images</folder>
	<filename>621.JPG</filename>
	<path>E:\stu_four\能讯实习\备份\images\621.JPG</path>
	<source>
		<database>Unknown</database>
	</source>
	<size>
		<width>5184</width>
		<height>3888</height>
		<depth>3</depth>
	</size>
	<segmented>0</segmented>
	<object>
		<name>powerline</name>
		<pose>Unspecified</pose>
		<truncated>1</truncated>
		<difficult>0</difficult>
		<bndbox>
			<xmin>2504</xmin>
			<ymin>1</ymin>
			<xmax>2804</xmax>
			<ymax>1369</ymax>
		</bndbox>
	</object>
	<object>
		<name>powerline</name>
		<pose>Unspecified</pose>
		<truncated>0</truncated>
		<difficult>0</difficult>
		<bndbox>
			<xmin>2942</xmin>
			<ymin>22</ymin>
			<xmax>3167</xmax>
			<ymax>1290</ymax>
		</bndbox>
	</object>
	<object>
		<name>powerline</name>
		<pose>Unspecified</pose>
		<truncated>0</truncated>
		<difficult>0</difficult>
		<bndbox>
			<xmin>3229</xmin>
			<ymin>15</ymin>
			<xmax>3873</xmax>
			<ymax>1278</ymax>
		</bndbox>
	</object>
</annotation>
