<annotation>
	<folder>images</folder>
	<filename>622.JPG</filename>
	<path>E:\stu_four\能讯实习\备份\images\622.JPG</path>
	<source>
		<database>Unknown</database>
	</source>
	<size>
		<width>4896</width>
		<height>3672</height>
		<depth>3</depth>
	</size>
	<segmented>0</segmented>
	<object>
		<name>powerline</name>
		<pose>Unspecified</pose>
		<truncated>0</truncated>
		<difficult>0</difficult>
		<bndbox>
			<xmin>1731</xmin>
			<ymin>2772</ymin>
			<xmax>2707</xmax>
			<ymax>3632</ymax>
		</bndbox>
	</object>
</annotation>
