<annotation>
	<folder>images</folder>
	<filename>625.JPG</filename>
	<path>E:\stu_four\能讯实习\备份\images\625.JPG</path>
	<source>
		<database>Unknown</database>
	</source>
	<size>
		<width>5184</width>
		<height>3888</height>
		<depth>3</depth>
	</size>
	<segmented>0</segmented>
	<object>
		<name>powerline</name>
		<pose>Unspecified</pose>
		<truncated>0</truncated>
		<difficult>0</difficult>
		<bndbox>
			<xmin>2879</xmin>
			<ymin>3</ymin>
			<xmax>3142</xmax>
			<ymax>1509</ymax>
		</bndbox>
	</object>
	<object>
		<name>powerline</name>
		<pose>Unspecified</pose>
		<truncated>0</truncated>
		<difficult>0</difficult>
		<bndbox>
			<xmin>2910</xmin>
			<ymin>22</ymin>
			<xmax>3317</xmax>
			<ymax>1553</ymax>
		</bndbox>
	</object>
	<object>
		<name>powerline</name>
		<pose>Unspecified</pose>
		<truncated>0</truncated>
		<difficult>0</difficult>
		<bndbox>
			<xmin>3160</xmin>
			<ymin>34</ymin>
			<xmax>3779</xmax>
			<ymax>1303</ymax>
		</bndbox>
	</object>
</annotation>
