<annotation>
	<folder>images</folder>
	<filename>626.JPG</filename>
	<path>E:\stu_four\能讯实习\备份\images\626.JPG</path>
	<source>
		<database>Unknown</database>
	</source>
	<size>
		<width>5184</width>
		<height>3888</height>
		<depth>3</depth>
	</size>
	<segmented>0</segmented>
	<object>
		<name>powerline</name>
		<pose>Unspecified</pose>
		<truncated>0</truncated>
		<difficult>0</difficult>
		<bndbox>
			<xmin>1735</xmin>
			<ymin>3</ymin>
			<xmax>2010</xmax>
			<ymax>1009</ymax>
		</bndbox>
	</object>
	<object>
		<name>powerline</name>
		<pose>Unspecified</pose>
		<truncated>0</truncated>
		<difficult>0</difficult>
		<bndbox>
			<xmin>2217</xmin>
			<ymin>3</ymin>
			<xmax>2717</xmax>
			<ymax>1434</ymax>
		</bndbox>
	</object>
</annotation>
