<annotation>
	<folder>images</folder>
	<filename>627.JPG</filename>
	<path>E:\stu_four\能讯实习\备份\images\627.JPG</path>
	<source>
		<database>Unknown</database>
	</source>
	<size>
		<width>4896</width>
		<height>3672</height>
		<depth>3</depth>
	</size>
	<segmented>0</segmented>
	<object>
		<name>powerline</name>
		<pose>Unspecified</pose>
		<truncated>0</truncated>
		<difficult>0</difficult>
		<bndbox>
			<xmin>760</xmin>
			<ymin>679</ymin>
			<xmax>966</xmax>
			<ymax>1609</ymax>
		</bndbox>
	</object>
	<object>
		<name>powerline</name>
		<pose>Unspecified</pose>
		<truncated>0</truncated>
		<difficult>0</difficult>
		<bndbox>
			<xmin>1254</xmin>
			<ymin>2126</ymin>
			<xmax>1489</xmax>
			<ymax>3203</ymax>
		</bndbox>
	</object>
</annotation>
