<annotation>
  <folder>images</folder>
  <filename>628.JPG</filename>
  <path> </path>
  <source>
    <database>Unknown</database>
  </source>
  <size>
    <width>5184</width>
    <height>3888</height>
    <depth>3</depth>
  </size>
  <segmented>0</segmented>
  <object>
    <name>powerline</name>
    <pose>Unspecified</pose>
    <truncated>0</truncated>
    <difficult>0</difficult>
    <bndbox>
      <xmin>1810</xmin>
      <ymin>1315</ymin>
      <xmax>2142</xmax>
      <ymax>2140</ymax>
    </bndbox>
  </object>
  <object>
    <name>powerline</name>
    <pose>Unspecified</pose>
    <truncated>0</truncated>
    <difficult>0</difficult>
    <bndbox>
      <xmin>2929</xmin>
      <ymin>34</ymin>
      <xmax>3579</xmax>
      <ymax>878</ymax>
    </bndbox>
  </object>
  <object>
    <name>powerline</name>
    <pose>Unspecified</pose>
    <truncated>0</truncated>
    <difficult>0</difficult>
    <bndbox>
      <xmin>2117</xmin>
      <ymin>22</ymin>
      <xmax>2529</xmax>
      <ymax>365</ymax>
    </bndbox>
  </object>
  <object>
    <name>powerline</name>
    <pose>Unspecified</pose>
    <truncated>0</truncated>
    <difficult>0</difficult>
    <bndbox>
      <xmin>2603</xmin>
      <ymin>99</ymin>
      <xmax>2775</xmax>
      <ymax>441</ymax>
    </bndbox>
  </object>
  <object>
    <name>insulator</name>
    <pose>Unspecified</pose>
    <truncated>0</truncated>
    <difficult>0</difficult>
    <bndbox>
      <xmin>2050</xmin>
      <ymin>926</ymin>
      <xmax>2091</xmax>
      <ymax>1059</ymax>
    </bndbox>
  </object>
  <object>
    <name>insulator</name>
    <pose>Unspecified</pose>
    <truncated>0</truncated>
    <difficult>0</difficult>
    <bndbox>
      <xmin>2412</xmin>
      <ymin>644</ymin>
      <xmax>2455</xmax>
      <ymax>774</ymax>
    </bndbox>
  </object>
  <object>
    <name>insulator</name>
    <pose>Unspecified</pose>
    <truncated>0</truncated>
    <difficult>0</difficult>
    <bndbox>
      <xmin>2788</xmin>
      <ymin>1008</ymin>
      <xmax>2830</xmax>
      <ymax>1133</ymax>
    </bndbox>
  </object>
  <object>
    <name>hammer</name>
    <pose>Unspecified</pose>
    <truncated>0</truncated>
    <difficult>0</difficult>
    <bndbox>
      <xmin>2042</xmin>
      <ymin>1114</ymin>
      <xmax>2062</xmax>
      <ymax>1161</ymax>
    </bndbox>
  </object>
  <object>
    <name>hammer</name>
    <pose>Unspecified</pose>
    <truncated>0</truncated>
    <difficult>0</difficult>
    <bndbox>
      <xmin>2402</xmin>
      <ymin>823</ymin>
      <xmax>2426</xmax>
      <ymax>867</ymax>
    </bndbox>
  </object>
  <object>
    <name>hammer</name>
    <pose>Unspecified</pose>
    <truncated>0</truncated>
    <difficult>0</difficult>
    <bndbox>
      <xmin>2777</xmin>
      <ymin>1179</ymin>
      <xmax>2798</xmax>
      <ymax>1229</ymax>
    </bndbox>
  </object>
  <object>
    <name>hammer</name>
    <pose>Unspecified</pose>
    <truncated>0</truncated>
    <difficult>0</difficult>
    <bndbox>
      <xmin>2853</xmin>
      <ymin>1044</ymin>
      <xmax>2879</xmax>
      <ymax>1082</ymax>
    </bndbox>
  </object>
  <object>
    <name>hammer</name>
    <pose>Unspecified</pose>
    <truncated>0</truncated>
    <difficult>0</difficult>
    <bndbox>
      <xmin>2471</xmin>
      <ymin>667</ymin>
      <xmax>2494</xmax>
      <ymax>700</ymax>
    </bndbox>
  </object>
  <object>
    <name>hammer</name>
    <pose>Unspecified</pose>
    <truncated>0</truncated>
    <difficult>0</difficult>
    <bndbox>
      <xmin>2752</xmin>
      <ymin>591</ymin>
      <xmax>2771</xmax>
      <ymax>629</ymax>
    </bndbox>
  </object>
</annotation>
