<annotation>
	<folder>images</folder>
	<filename>630.JPG</filename>
	<path>E:\stu_four\能讯实习\备份\images\630.JPG</path>
	<source>
		<database>Unknown</database>
	</source>
	<size>
		<width>5184</width>
		<height>3888</height>
		<depth>3</depth>
	</size>
	<segmented>0</segmented>
	<object>
		<name>powerline</name>
		<pose>Unspecified</pose>
		<truncated>0</truncated>
		<difficult>0</difficult>
		<bndbox>
			<xmin>2042</xmin>
			<ymin>15</ymin>
			<xmax>2385</xmax>
			<ymax>1272</ymax>
		</bndbox>
	</object>
	<object>
		<name>powerline</name>
		<pose>Unspecified</pose>
		<truncated>0</truncated>
		<difficult>0</difficult>
		<bndbox>
			<xmin>2748</xmin>
			<ymin>15</ymin>
			<xmax>3104</xmax>
			<ymax>1397</ymax>
		</bndbox>
	</object>
	<object>
		<name>powerline</name>
		<pose>Unspecified</pose>
		<truncated>0</truncated>
		<difficult>0</difficult>
		<bndbox>
			<xmin>2379</xmin>
			<ymin>9</ymin>
			<xmax>2767</xmax>
			<ymax>1453</ymax>
		</bndbox>
	</object>
</annotation>
