<annotation>
	<folder>images</folder>
	<filename>631.JPG</filename>
	<path>E:\stu_four\能讯实习\备份\images\631.JPG</path>
	<source>
		<database>Unknown</database>
	</source>
	<size>
		<width>5184</width>
		<height>3888</height>
		<depth>3</depth>
	</size>
	<segmented>0</segmented>
	<object>
		<name>powerline</name>
		<pose>Unspecified</pose>
		<truncated>1</truncated>
		<difficult>0</difficult>
		<bndbox>
			<xmin>3041</xmin>
			<ymin>1</ymin>
			<xmax>3285</xmax>
			<ymax>1347</ymax>
		</bndbox>
	</object>
	<object>
		<name>powerline</name>
		<pose>Unspecified</pose>
		<truncated>0</truncated>
		<difficult>0</difficult>
		<bndbox>
			<xmin>3323</xmin>
			<ymin>34</ymin>
			<xmax>3773</xmax>
			<ymax>1422</ymax>
		</bndbox>
	</object>
	<object>
		<name>powerline</name>
		<pose>Unspecified</pose>
		<truncated>0</truncated>
		<difficult>0</difficult>
		<bndbox>
			<xmin>2660</xmin>
			<ymin>3</ymin>
			<xmax>3017</xmax>
			<ymax>1665</ymax>
		</bndbox>
	</object>
</annotation>
