<annotation>
	<folder>images</folder>
	<filename>635.JPG</filename>
	<path>E:\stu_four\能讯实习\备份\images\635.JPG</path>
	<source>
		<database>Unknown</database>
	</source>
	<size>
		<width>5184</width>
		<height>3888</height>
		<depth>3</depth>
	</size>
	<segmented>0</segmented>
	<object>
		<name>powerline</name>
		<pose>Unspecified</pose>
		<truncated>0</truncated>
		<difficult>0</difficult>
		<bndbox>
			<xmin>1429</xmin>
			<ymin>28</ymin>
			<xmax>1929</xmax>
			<ymax>1190</ymax>
		</bndbox>
	</object>
	<object>
		<name>powerline</name>
		<pose>Unspecified</pose>
		<truncated>0</truncated>
		<difficult>0</difficult>
		<bndbox>
			<xmin>3142</xmin>
			<ymin>28</ymin>
			<xmax>3292</xmax>
			<ymax>1172</ymax>
		</bndbox>
	</object>
	<object>
		<name>powerline</name>
		<pose>Unspecified</pose>
		<truncated>0</truncated>
		<difficult>0</difficult>
		<bndbox>
			<xmin>2423</xmin>
			<ymin>9</ymin>
			<xmax>2629</xmax>
			<ymax>1209</ymax>
		</bndbox>
	</object>
</annotation>
