<annotation>
	<folder>images</folder>
	<filename>636.JPG</filename>
	<path>E:\stu_four\能讯实习\备份\images\636.JPG</path>
	<source>
		<database>Unknown</database>
	</source>
	<size>
		<width>5184</width>
		<height>3888</height>
		<depth>3</depth>
	</size>
	<segmented>0</segmented>
	<object>
		<name>powerline</name>
		<pose>Unspecified</pose>
		<truncated>0</truncated>
		<difficult>0</difficult>
		<bndbox>
			<xmin>2060</xmin>
			<ymin>3</ymin>
			<xmax>2335</xmax>
			<ymax>1297</ymax>
		</bndbox>
	</object>
	<object>
		<name>powerline</name>
		<pose>Unspecified</pose>
		<truncated>1</truncated>
		<difficult>0</difficult>
		<bndbox>
			<xmin>2461</xmin>
			<ymin>1</ymin>
			<xmax>2986</xmax>
			<ymax>1534</ymax>
		</bndbox>
	</object>
	<object>
		<name>powerline</name>
		<pose>Unspecified</pose>
		<truncated>0</truncated>
		<difficult>0</difficult>
		<bndbox>
			<xmin>2904</xmin>
			<ymin>9</ymin>
			<xmax>3385</xmax>
			<ymax>1359</ymax>
		</bndbox>
	</object>
</annotation>
